study,trial,seed,unknown_byte_count,unknown_bytes,unknown_bits,plaintext,key,ciphertext,status,satisfiable,correct,candidate_valid,recovered_key,build_time,solve_time,total_time,timeout_seconds,variables,clauses,error
pairs,1,2026092201,2,0;1,16,54BA8825B09C8F61616A521C21320479,0A9F3C3E6F3CC51142E4162D4F217DD9,A59AA1012615A11C7600F5099465D3B9,SAT,True,True,True,0A9F3C3E6F3CC51142E4162D4F217DD9,0.4524287500007631,91.5210684169997,91.97528408299877,120,20736,343408,
pairs,1,2026092201,2,0;2,16,54BA8825B09C8F61616A521C21320479,0A9F3C3E6F3CC51142E4162D4F217DD9,A59AA1012615A11C7600F5099465D3B9,SAT,True,True,True,0A9F3C3E6F3CC51142E4162D4F217DD9,0.44728016599947296,24.527669875000356,24.97669741699974,120,20736,343408,
pairs,1,2026092201,2,0;3,16,54BA8825B09C8F61616A521C21320479,0A9F3C3E6F3CC51142E4162D4F217DD9,A59AA1012615A11C7600F5099465D3B9,SAT,True,True,True,0A9F3C3E6F3CC51142E4162D4F217DD9,0.4484063750005589,53.21696816700023,53.66720112499934,120,20736,343408,
pairs,1,2026092201,2,0;4,16,54BA8825B09C8F61616A521C21320479,0A9F3C3E6F3CC51142E4162D4F217DD9,A59AA1012615A11C7600F5099465D3B9,SAT,True,True,True,0A9F3C3E6F3CC51142E4162D4F217DD9,0.46808437499930733,73.96992062500067,74.43979770900114,120,20736,343408,
pairs,1,2026092201,2,0;5,16,54BA8825B09C8F61616A521C21320479,0A9F3C3E6F3CC51142E4162D4F217DD9,A59AA1012615A11C7600F5099465D3B9,SAT,True,True,True,0A9F3C3E6F3CC51142E4162D4F217DD9,0.4456853330011654,7.051150666999092,7.498568625000189,120,20736,343408,
pairs,1,2026092201,2,0;6,16,54BA8825B09C8F61616A521C21320479,0A9F3C3E6F3CC51142E4162D4F217DD9,A59AA1012615A11C7600F5099465D3B9,SAT,True,True,True,0A9F3C3E6F3CC51142E4162D4F217DD9,0.46662812500107975,23.02286204200027,23.491262042000017,120,20736,343408,
pairs,1,2026092201,2,0;7,16,54BA8825B09C8F61616A521C21320479,0A9F3C3E6F3CC51142E4162D4F217DD9,A59AA1012615A11C7600F5099465D3B9,SAT,True,True,True,0A9F3C3E6F3CC51142E4162D4F217DD9,0.4856322919986269,37.89939695799876,38.386799125000834,120,20736,343408,
pairs,1,2026092201,2,0;8,16,54BA8825B09C8F61616A521C21320479,0A9F3C3E6F3CC51142E4162D4F217DD9,A59AA1012615A11C7600F5099465D3B9,SAT,True,True,True,0A9F3C3E6F3CC51142E4162D4F217DD9,0.45547083299970836,49.85253708300115,50.309937834001175,120,20736,343408,
pairs,1,2026092201,2,0;9,16,54BA8825B09C8F61616A521C21320479,0A9F3C3E6F3CC51142E4162D4F217DD9,A59AA1012615A11C7600F5099465D3B9,SAT,True,True,True,0A9F3C3E6F3CC51142E4162D4F217DD9,0.45003704199916683,84.03017929199996,84.4819920000009,120,20736,343408,
pairs,1,2026092201,2,0;10,16,54BA8825B09C8F61616A521C21320479,0A9F3C3E6F3CC51142E4162D4F217DD9,A59AA1012615A11C7600F5099465D3B9,SAT,True,True,True,0A9F3C3E6F3CC51142E4162D4F217DD9,0.4492688749996887,89.38735791699946,89.8384291659986,120,20736,343408,
pairs,1,2026092201,2,0;11,16,54BA8825B09C8F61616A521C21320479,0A9F3C3E6F3CC51142E4162D4F217DD9,A59AA1012615A11C7600F5099465D3B9,SAT,True,True,True,0A9F3C3E6F3CC51142E4162D4F217DD9,0.49897704199975124,58.6544544999997,59.15531795800052,120,20736,343408,
pairs,1,2026092201,2,0;12,16,54BA8825B09C8F61616A521C21320479,0A9F3C3E6F3CC51142E4162D4F217DD9,A59AA1012615A11C7600F5099465D3B9,SAT,True,True,True,0A9F3C3E6F3CC51142E4162D4F217DD9,0.4486222919986176,66.4601915409985,66.91054025000085,120,20736,343408,
pairs,1,2026092201,2,0;13,16,54BA8825B09C8F61616A521C21320479,0A9F3C3E6F3CC51142E4162D4F217DD9,A59AA1012615A11C7600F5099465D3B9,SAT,True,True,True,0A9F3C3E6F3CC51142E4162D4F217DD9,0.44747566700061725,18.361013916999582,18.81024795799931,120,20736,343408,
pairs,1,2026092201,2,0;14,16,54BA8825B09C8F61616A521C21320479,0A9F3C3E6F3CC51142E4162D4F217DD9,A59AA1012615A11C7600F5099465D3B9,SAT,True,True,True,0A9F3C3E6F3CC51142E4162D4F217DD9,0.44682579199979955,19.510935708000034,19.959492833000695,120,20736,343408,
pairs,1,2026092201,2,0;15,16,54BA8825B09C8F61616A521C21320479,0A9F3C3E6F3CC51142E4162D4F217DD9,A59AA1012615A11C7600F5099465D3B9,SAT,True,True,True,0A9F3C3E6F3CC51142E4162D4F217DD9,0.446576542000912,75.98128358299982,76.42964533300074,120,20736,343408,
pairs,1,2026092201,2,1;2,16,54BA8825B09C8F61616A521C21320479,0A9F3C3E6F3CC51142E4162D4F217DD9,A59AA1012615A11C7600F5099465D3B9,SAT,True,True,True,0A9F3C3E6F3CC51142E4162D4F217DD9,0.4562885830000596,60.942159624999476,61.40017099999932,120,20736,343408,
pairs,1,2026092201,2,1;3,16,54BA8825B09C8F61616A521C21320479,0A9F3C3E6F3CC51142E4162D4F217DD9,A59AA1012615A11C7600F5099465D3B9,SAT,True,True,True,0A9F3C3E6F3CC51142E4162D4F217DD9,0.4593137909996585,42.305388999999195,42.766435207999166,120,20736,343408,
pairs,1,2026092201,2,1;4,16,54BA8825B09C8F61616A521C21320479,0A9F3C3E6F3CC51142E4162D4F217DD9,A59AA1012615A11C7600F5099465D3B9,SAT,True,True,True,0A9F3C3E6F3CC51142E4162D4F217DD9,0.44973899999968125,26.083167832999607,26.53472895899904,120,20736,343408,
pairs,1,2026092201,2,1;5,16,54BA8825B09C8F61616A521C21320479,0A9F3C3E6F3CC51142E4162D4F217DD9,A59AA1012615A11C7600F5099465D3B9,SAT,True,True,True,0A9F3C3E6F3CC51142E4162D4F217DD9,0.4849640829997952,69.46484320799937,69.95160787500026,120,20736,343408,
pairs,1,2026092201,2,1;6,16,54BA8825B09C8F61616A521C21320479,0A9F3C3E6F3CC51142E4162D4F217DD9,A59AA1012615A11C7600F5099465D3B9,SAT,True,True,True,0A9F3C3E6F3CC51142E4162D4F217DD9,0.44886666599995806,90.9489777079998,91.3996288340004,120,20736,343408,
pairs,1,2026092201,2,1;7,16,54BA8825B09C8F61616A521C21320479,0A9F3C3E6F3CC51142E4162D4F217DD9,A59AA1012615A11C7600F5099465D3B9,SAT,True,True,True,0A9F3C3E6F3CC51142E4162D4F217DD9,0.4534653749997233,104.75360066699977,105.2088276250015,120,20736,343408,
pairs,1,2026092201,2,1;8,16,54BA8825B09C8F61616A521C21320479,0A9F3C3E6F3CC51142E4162D4F217DD9,A59AA1012615A11C7600F5099465D3B9,SAT,True,True,True,0A9F3C3E6F3CC51142E4162D4F217DD9,0.44677470799979346,18.851810915999522,19.304017958998884,120,20736,343408,
pairs,1,2026092201,2,1;9,16,54BA8825B09C8F61616A521C21320479,0A9F3C3E6F3CC51142E4162D4F217DD9,A59AA1012615A11C7600F5099465D3B9,SAT,True,True,True,0A9F3C3E6F3CC51142E4162D4F217DD9,0.4677309590006189,59.219052000000374,59.68857037499947,120,20736,343408,
pairs,1,2026092201,2,1;10,16,54BA8825B09C8F61616A521C21320479,0A9F3C3E6F3CC51142E4162D4F217DD9,A59AA1012615A11C7600F5099465D3B9,SAT,True,True,True,0A9F3C3E6F3CC51142E4162D4F217DD9,0.4475475840008585,48.35684712500006,48.806181916999776,120,20736,343408,
pairs,1,2026092201,2,1;11,16,54BA8825B09C8F61616A521C21320479,0A9F3C3E6F3CC51142E4162D4F217DD9,A59AA1012615A11C7600F5099465D3B9,SAT,True,True,True,0A9F3C3E6F3CC51142E4162D4F217DD9,0.4473070000003645,53.7384382500004,54.187569165998866,120,20736,343408,
pairs,1,2026092201,2,1;12,16,54BA8825B09C8F61616A521C21320479,0A9F3C3E6F3CC51142E4162D4F217DD9,A59AA1012615A11C7600F5099465D3B9,SAT,True,True,True,0A9F3C3E6F3CC51142E4162D4F217DD9,0.5018880830011767,49.839917125000284,50.34366662499997,120,20736,343408,
pairs,1,2026092201,2,1;13,16,54BA8825B09C8F61616A521C21320479,0A9F3C3E6F3CC51142E4162D4F217DD9,A59AA1012615A11C7600F5099465D3B9,SAT,True,True,True,0A9F3C3E6F3CC51142E4162D4F217DD9,0.4509036670006026,27.97410674999992,28.426752291999946,120,20736,343408,
pairs,1,2026092201,2,1;14,16,54BA8825B09C8F61616A521C21320479,0A9F3C3E6F3CC51142E4162D4F217DD9,A59AA1012615A11C7600F5099465D3B9,SAT,True,True,True,0A9F3C3E6F3CC51142E4162D4F217DD9,0.44616208399929747,75.58670187499956,76.03462666700034,120,20736,343408,
pairs,1,2026092201,2,1;15,16,54BA8825B09C8F61616A521C21320479,0A9F3C3E6F3CC51142E4162D4F217DD9,A59AA1012615A11C7600F5099465D3B9,SAT,True,True,True,0A9F3C3E6F3CC51142E4162D4F217DD9,0.4474669159990299,31.42273408300025,31.871932374999233,120,20736,343408,
pairs,1,2026092201,2,2;3,16,54BA8825B09C8F61616A521C21320479,0A9F3C3E6F3CC51142E4162D4F217DD9,A59AA1012615A11C7600F5099465D3B9,SAT,True,True,True,0A9F3C3E6F3CC51142E4162D4F217DD9,0.4479999579998548,62.29950383399955,62.74926795799911,120,20736,343408,
pairs,1,2026092201,2,2;4,16,54BA8825B09C8F61616A521C21320479,0A9F3C3E6F3CC51142E4162D4F217DD9,A59AA1012615A11C7600F5099465D3B9,SAT,True,True,True,0A9F3C3E6F3CC51142E4162D4F217DD9,0.45053283299967006,50.804762791998655,51.25711487500121,120,20736,343408,
pairs,1,2026092201,2,2;5,16,54BA8825B09C8F61616A521C21320479,0A9F3C3E6F3CC51142E4162D4F217DD9,A59AA1012615A11C7600F5099465D3B9,SAT,True,True,True,0A9F3C3E6F3CC51142E4162D4F217DD9,0.44737529099984386,65.03760570800114,65.48671104200002,120,20736,343408,
pairs,1,2026092201,2,2;6,16,54BA8825B09C8F61616A521C21320479,0A9F3C3E6F3CC51142E4162D4F217DD9,A59AA1012615A11C7600F5099465D3B9,SAT,True,True,True,0A9F3C3E6F3CC51142E4162D4F217DD9,0.45384316700074123,91.6070389589986,92.06265995899957,120,20736,343408,
pairs,1,2026092201,2,2;7,16,54BA8825B09C8F61616A521C21320479,0A9F3C3E6F3CC51142E4162D4F217DD9,A59AA1012615A11C7600F5099465D3B9,SAT,True,True,True,0A9F3C3E6F3CC51142E4162D4F217DD9,0.4476364170004672,32.21432074999939,32.66374341700066,120,20736,343408,
pairs,1,2026092201,2,2;8,16,54BA8825B09C8F61616A521C21320479,0A9F3C3E6F3CC51142E4162D4F217DD9,A59AA1012615A11C7600F5099465D3B9,SAT,True,True,True,0A9F3C3E6F3CC51142E4162D4F217DD9,0.4476619170000049,74.21457491699948,74.66401170800054,120,20736,343408,
pairs,1,2026092201,2,2;9,16,54BA8825B09C8F61616A521C21320479,0A9F3C3E6F3CC51142E4162D4F217DD9,A59AA1012615A11C7600F5099465D3B9,SAT,True,True,True,0A9F3C3E6F3CC51142E4162D4F217DD9,0.4478637499996694,33.209641000001284,33.65928908300157,120,20736,343408,
pairs,1,2026092201,2,2;10,16,54BA8825B09C8F61616A521C21320479,0A9F3C3E6F3CC51142E4162D4F217DD9,A59AA1012615A11C7600F5099465D3B9,SAT,True,True,True,0A9F3C3E6F3CC51142E4162D4F217DD9,0.4488995000010618,104.0387012909996,104.48943066600077,120,20736,343408,
pairs,1,2026092201,2,2;11,16,54BA8825B09C8F61616A521C21320479,0A9F3C3E6F3CC51142E4162D4F217DD9,A59AA1012615A11C7600F5099465D3B9,SAT,True,True,True,0A9F3C3E6F3CC51142E4162D4F217DD9,0.47360283299894945,77.73186387500027,78.20725437500005,120,20736,343408,
pairs,1,2026092201,2,2;12,16,54BA8825B09C8F61616A521C21320479,0A9F3C3E6F3CC51142E4162D4F217DD9,A59AA1012615A11C7600F5099465D3B9,SAT,True,True,True,0A9F3C3E6F3CC51142E4162D4F217DD9,0.45700487499925657,30.66873941599988,31.127525042000343,120,20736,343408,
pairs,1,2026092201,2,2;13,16,54BA8825B09C8F61616A521C21320479,0A9F3C3E6F3CC51142E4162D4F217DD9,A59AA1012615A11C7600F5099465D3B9,SAT,True,True,True,0A9F3C3E6F3CC51142E4162D4F217DD9,0.44834570800048823,13.709353541000382,14.159435541998391,120,20736,343408,
pairs,1,2026092201,2,2;14,16,54BA8825B09C8F61616A521C21320479,0A9F3C3E6F3CC51142E4162D4F217DD9,A59AA1012615A11C7600F5099465D3B9,SAT,True,True,True,0A9F3C3E6F3CC51142E4162D4F217DD9,0.46042791699983354,71.44323895799971,71.90553408300002,120,20736,343408,
pairs,1,2026092201,2,2;15,16,54BA8825B09C8F61616A521C21320479,0A9F3C3E6F3CC51142E4162D4F217DD9,A59AA1012615A11C7600F5099465D3B9,SAT,True,True,True,0A9F3C3E6F3CC51142E4162D4F217DD9,0.45304845799910254,37.12239487499937,37.57722287499928,120,20736,343408,
pairs,1,2026092201,2,3;4,16,54BA8825B09C8F61616A521C21320479,0A9F3C3E6F3CC51142E4162D4F217DD9,A59AA1012615A11C7600F5099465D3B9,SAT,True,True,True,0A9F3C3E6F3CC51142E4162D4F217DD9,0.4523347089998424,19.679386709000028,20.133454582999548,120,20736,343408,
pairs,1,2026092201,2,3;5,16,54BA8825B09C8F61616A521C21320479,0A9F3C3E6F3CC51142E4162D4F217DD9,A59AA1012615A11C7600F5099465D3B9,SAT,True,True,True,0A9F3C3E6F3CC51142E4162D4F217DD9,0.4469638339996891,84.78500449999956,85.23374429200157,120,20736,343408,
pairs,1,2026092201,2,3;6,16,54BA8825B09C8F61616A521C21320479,0A9F3C3E6F3CC51142E4162D4F217DD9,A59AA1012615A11C7600F5099465D3B9,SAT,True,True,True,0A9F3C3E6F3CC51142E4162D4F217DD9,0.4485422079997079,31.439847958001337,31.890168207999523,120,20736,343408,
pairs,1,2026092201,2,3;7,16,54BA8825B09C8F61616A521C21320479,0A9F3C3E6F3CC51142E4162D4F217DD9,A59AA1012615A11C7600F5099465D3B9,SAT,True,True,True,0A9F3C3E6F3CC51142E4162D4F217DD9,0.4561979589998373,110.11334941600035,110.57134204199974,120,20736,343408,
pairs,1,2026092201,2,3;8,16,54BA8825B09C8F61616A521C21320479,0A9F3C3E6F3CC51142E4162D4F217DD9,A59AA1012615A11C7600F5099465D3B9,SAT,True,True,True,0A9F3C3E6F3CC51142E4162D4F217DD9,0.44720425000014075,87.64211204200001,88.09110054200028,120,20736,343408,
pairs,1,2026092201,2,3;9,16,54BA8825B09C8F61616A521C21320479,0A9F3C3E6F3CC51142E4162D4F217DD9,A59AA1012615A11C7600F5099465D3B9,SAT,True,True,True,0A9F3C3E6F3CC51142E4162D4F217DD9,0.4522292500005278,27.767677208999885,28.221628540999518,120,20736,343408,
pairs,1,2026092201,2,3;10,16,54BA8825B09C8F61616A521C21320479,0A9F3C3E6F3CC51142E4162D4F217DD9,A59AA1012615A11C7600F5099465D3B9,SAT,True,True,True,0A9F3C3E6F3CC51142E4162D4F217DD9,0.45119945900114544,57.326309915999445,57.779359957999986,120,20736,343408,
pairs,1,2026092201,2,3;11,16,54BA8825B09C8F61616A521C21320479,0A9F3C3E6F3CC51142E4162D4F217DD9,A59AA1012615A11C7600F5099465D3B9,SAT,True,True,True,0A9F3C3E6F3CC51142E4162D4F217DD9,0.4942697919996135,90.02716300000066,90.52317779199984,120,20736,343408,
pairs,1,2026092201,2,3;12,16,54BA8825B09C8F61616A521C21320479,0A9F3C3E6F3CC51142E4162D4F217DD9,A59AA1012615A11C7600F5099465D3B9,SAT,True,True,True,0A9F3C3E6F3CC51142E4162D4F217DD9,0.45318529199903423,93.87007633299982,94.32503833400006,120,20736,343408,
pairs,1,2026092201,2,3;13,16,54BA8825B09C8F61616A521C21320479,0A9F3C3E6F3CC51142E4162D4F217DD9,A59AA1012615A11C7600F5099465D3B9,SAT,True,True,True,0A9F3C3E6F3CC51142E4162D4F217DD9,0.4495827909995569,47.37483124999926,47.82622720799918,120,20736,343408,
pairs,1,2026092201,2,3;14,16,54BA8825B09C8F61616A521C21320479,0A9F3C3E6F3CC51142E4162D4F217DD9,A59AA1012615A11C7600F5099465D3B9,SAT,True,True,True,0A9F3C3E6F3CC51142E4162D4F217DD9,0.450321291000364,22.271993415999532,22.72403879199919,120,20736,343408,
pairs,1,2026092201,2,3;15,16,54BA8825B09C8F61616A521C21320479,0A9F3C3E6F3CC51142E4162D4F217DD9,A59AA1012615A11C7600F5099465D3B9,SAT,True,True,True,0A9F3C3E6F3CC51142E4162D4F217DD9,0.46140716599984444,64.13486570799978,64.59806216700053,120,20736,343408,
pairs,1,2026092201,2,4;5,16,54BA8825B09C8F61616A521C21320479,0A9F3C3E6F3CC51142E4162D4F217DD9,A59AA1012615A11C7600F5099465D3B9,SAT,True,True,True,0A9F3C3E6F3CC51142E4162D4F217DD9,0.4758710410005733,86.86980874999972,87.34743308299949,120,20736,343408,
pairs,1,2026092201,2,4;6,16,54BA8825B09C8F61616A521C21320479,0A9F3C3E6F3CC51142E4162D4F217DD9,A59AA1012615A11C7600F5099465D3B9,SAT,True,True,True,0A9F3C3E6F3CC51142E4162D4F217DD9,0.4538834580016555,23.04400849999911,23.499618207999447,120,20736,343408,
pairs,1,2026092201,2,4;7,16,54BA8825B09C8F61616A521C21320479,0A9F3C3E6F3CC51142E4162D4F217DD9,A59AA1012615A11C7600F5099465D3B9,SAT,True,True,True,0A9F3C3E6F3CC51142E4162D4F217DD9,0.45259708400044474,68.87554333299886,69.32986916600021,120,20736,343408,
pairs,1,2026092201,2,4;8,16,54BA8825B09C8F61616A521C21320479,0A9F3C3E6F3CC51142E4162D4F217DD9,A59AA1012615A11C7600F5099465D3B9,SAT,True,True,True,0A9F3C3E6F3CC51142E4162D4F217DD9,0.45086650000121153,69.94501904200115,70.39772566700049,120,20736,343408,
pairs,1,2026092201,2,4;9,16,54BA8825B09C8F61616A521C21320479,0A9F3C3E6F3CC51142E4162D4F217DD9,A59AA1012615A11C7600F5099465D3B9,SAT,True,True,True,0A9F3C3E6F3CC51142E4162D4F217DD9,0.4547960419986339,76.1906139169987,76.6472165419982,120,20736,343408,
pairs,1,2026092201,2,4;10,16,54BA8825B09C8F61616A521C21320479,0A9F3C3E6F3CC51142E4162D4F217DD9,A59AA1012615A11C7600F5099465D3B9,SAT,True,True,True,0A9F3C3E6F3CC51142E4162D4F217DD9,0.4525149579967547,25.261730041998817,25.71608316700076,120,20736,343408,
pairs,1,2026092201,2,4;11,16,54BA8825B09C8F61616A521C21320479,0A9F3C3E6F3CC51142E4162D4F217DD9,A59AA1012615A11C7600F5099465D3B9,SAT,True,True,True,0A9F3C3E6F3CC51142E4162D4F217DD9,0.4555499169982795,38.02025316700019,38.477604542000336,120,20736,343408,
pairs,1,2026092201,2,4;12,16,54BA8825B09C8F61616A521C21320479,0A9F3C3E6F3CC51142E4162D4F217DD9,A59AA1012615A11C7600F5099465D3B9,SAT,True,True,True,0A9F3C3E6F3CC51142E4162D4F217DD9,0.4653812910000852,58.486056666002696,58.95327591599926,120,20736,343408,
pairs,1,2026092201,2,4;13,16,54BA8825B09C8F61616A521C21320479,0A9F3C3E6F3CC51142E4162D4F217DD9,A59AA1012615A11C7600F5099465D3B9,SAT,True,True,True,0A9F3C3E6F3CC51142E4162D4F217DD9,0.4522127920026833,101.0667910839984,101.52078004199939,120,20736,343408,
pairs,1,2026092201,2,4;14,16,54BA8825B09C8F61616A521C21320479,0A9F3C3E6F3CC51142E4162D4F217DD9,A59AA1012615A11C7600F5099465D3B9,SAT,True,True,True,0A9F3C3E6F3CC51142E4162D4F217DD9,0.45164424999893527,35.393351457998506,35.84678370899928,120,20736,343408,
pairs,1,2026092201,2,4;15,16,54BA8825B09C8F61616A521C21320479,0A9F3C3E6F3CC51142E4162D4F217DD9,A59AA1012615A11C7600F5099465D3B9,SAT,True,True,True,0A9F3C3E6F3CC51142E4162D4F217DD9,0.45017716599977575,101.99567712499993,102.44764704100089,120,20736,343408,
pairs,1,2026092201,2,5;6,16,54BA8825B09C8F61616A521C21320479,0A9F3C3E6F3CC51142E4162D4F217DD9,A59AA1012615A11C7600F5099465D3B9,SAT,True,True,True,0A9F3C3E6F3CC51142E4162D4F217DD9,0.4505442919980851,96.16676179099886,96.61912674999985,120,20736,343408,
pairs,1,2026092201,2,5;7,16,54BA8825B09C8F61616A521C21320479,0A9F3C3E6F3CC51142E4162D4F217DD9,A59AA1012615A11C7600F5099465D3B9,SAT,True,True,True,0A9F3C3E6F3CC51142E4162D4F217DD9,0.5200487500005693,72.76936433299852,73.29117845899964,120,20736,343408,
pairs,1,2026092201,2,5;8,16,54BA8825B09C8F61616A521C21320479,0A9F3C3E6F3CC51142E4162D4F217DD9,A59AA1012615A11C7600F5099465D3B9,SAT,True,True,True,0A9F3C3E6F3CC51142E4162D4F217DD9,0.48843708300046274,16.07097341699773,16.561157707998063,120,20736,343408,
pairs,1,2026092201,2,5;9,16,54BA8825B09C8F61616A521C21320479,0A9F3C3E6F3CC51142E4162D4F217DD9,A59AA1012615A11C7600F5099465D3B9,SAT,True,True,True,0A9F3C3E6F3CC51142E4162D4F217DD9,0.49907870899914997,63.911508249999315,64.4124087909986,120,20736,343408,
pairs,1,2026092201,2,5;10,16,54BA8825B09C8F61616A521C21320479,0A9F3C3E6F3CC51142E4162D4F217DD9,A59AA1012615A11C7600F5099465D3B9,SAT,True,True,True,0A9F3C3E6F3CC51142E4162D4F217DD9,0.45225133300118614,26.007356207999692,26.461415124998894,120,20736,343408,
pairs,1,2026092201,2,5;11,16,54BA8825B09C8F61616A521C21320479,0A9F3C3E6F3CC51142E4162D4F217DD9,A59AA1012615A11C7600F5099465D3B9,SAT,True,True,True,0A9F3C3E6F3CC51142E4162D4F217DD9,0.45028595799885807,19.534269499999937,19.9863105000004,120,20736,343408,
pairs,1,2026092201,2,5;12,16,54BA8825B09C8F61616A521C21320479,0A9F3C3E6F3CC51142E4162D4F217DD9,A59AA1012615A11C7600F5099465D3B9,SAT,True,True,True,0A9F3C3E6F3CC51142E4162D4F217DD9,0.4604091250002966,42.83156700000109,43.293798708000395,120,20736,343408,
pairs,1,2026092201,2,5;13,16,54BA8825B09C8F61616A521C21320479,0A9F3C3E6F3CC51142E4162D4F217DD9,A59AA1012615A11C7600F5099465D3B9,SAT,True,True,True,0A9F3C3E6F3CC51142E4162D4F217DD9,0.48064541700296104,76.87883750000037,77.36168629199892,120,20736,343408,
pairs,1,2026092201,2,5;14,16,54BA8825B09C8F61616A521C21320479,0A9F3C3E6F3CC51142E4162D4F217DD9,A59AA1012615A11C7600F5099465D3B9,SAT,True,True,True,0A9F3C3E6F3CC51142E4162D4F217DD9,0.4582224160003534,20.464303374999872,20.92428258399741,120,20736,343408,
pairs,1,2026092201,2,5;15,16,54BA8825B09C8F61616A521C21320479,0A9F3C3E6F3CC51142E4162D4F217DD9,A59AA1012615A11C7600F5099465D3B9,SAT,True,True,True,0A9F3C3E6F3CC51142E4162D4F217DD9,0.45110912499876576,101.57654641699992,102.02943170900107,120,20736,343408,
pairs,1,2026092201,2,6;7,16,54BA8825B09C8F61616A521C21320479,0A9F3C3E6F3CC51142E4162D4F217DD9,A59AA1012615A11C7600F5099465D3B9,SAT,True,True,True,0A9F3C3E6F3CC51142E4162D4F217DD9,0.45234579099997063,86.31784270800199,86.77205070799755,120,20736,343408,
pairs,1,2026092201,2,6;8,16,54BA8825B09C8F61616A521C21320479,0A9F3C3E6F3CC51142E4162D4F217DD9,A59AA1012615A11C7600F5099465D3B9,SAT,True,True,True,0A9F3C3E6F3CC51142E4162D4F217DD9,0.5368007910001324,7.213955125000211,7.752519459001633,120,20736,343408,
pairs,1,2026092201,2,6;9,16,54BA8825B09C8F61616A521C21320479,0A9F3C3E6F3CC51142E4162D4F217DD9,A59AA1012615A11C7600F5099465D3B9,SAT,True,True,True,0A9F3C3E6F3CC51142E4162D4F217DD9,0.4716751249980007,79.02800787500018,79.50146858299922,120,20736,343408,
pairs,1,2026092201,2,6;10,16,54BA8825B09C8F61616A521C21320479,0A9F3C3E6F3CC51142E4162D4F217DD9,A59AA1012615A11C7600F5099465D3B9,SAT,True,True,True,0A9F3C3E6F3CC51142E4162D4F217DD9,0.4627552909987571,43.968368582998664,44.4328874999992,120,20736,343408,
pairs,1,2026092201,2,6;11,16,54BA8825B09C8F61616A521C21320479,0A9F3C3E6F3CC51142E4162D4F217DD9,A59AA1012615A11C7600F5099465D3B9,SAT,True,True,True,0A9F3C3E6F3CC51142E4162D4F217DD9,0.4499328339989006,72.6897157500025,73.1415013750011,120,20736,343408,
pairs,1,2026092201,2,6;12,16,54BA8825B09C8F61616A521C21320479,0A9F3C3E6F3CC51142E4162D4F217DD9,A59AA1012615A11C7600F5099465D3B9,SAT,True,True,True,0A9F3C3E6F3CC51142E4162D4F217DD9,0.4893037500005448,102.74437675000081,103.23550979199717,120,20736,343408,
pairs,1,2026092201,2,6;13,16,54BA8825B09C8F61616A521C21320479,0A9F3C3E6F3CC51142E4162D4F217DD9,A59AA1012615A11C7600F5099465D3B9,SAT,True,True,True,0A9F3C3E6F3CC51142E4162D4F217DD9,0.4478274169996439,25.832381042000634,26.282017417001043,120,20736,343408,
pairs,1,2026092201,2,6;14,16,54BA8825B09C8F61616A521C21320479,0A9F3C3E6F3CC51142E4162D4F217DD9,A59AA1012615A11C7600F5099465D3B9,SAT,True,True,True,0A9F3C3E6F3CC51142E4162D4F217DD9,0.5193628750021162,86.42050562499935,86.94162920800227,120,20736,343408,
pairs,1,2026092201,2,6;15,16,54BA8825B09C8F61616A521C21320479,0A9F3C3E6F3CC51142E4162D4F217DD9,A59AA1012615A11C7600F5099465D3B9,SAT,True,True,True,0A9F3C3E6F3CC51142E4162D4F217DD9,0.45058070799859706,13.715177082998707,14.167479624997213,120,20736,343408,
pairs,1,2026092201,2,7;8,16,54BA8825B09C8F61616A521C21320479,0A9F3C3E6F3CC51142E4162D4F217DD9,A59AA1012615A11C7600F5099465D3B9,SAT,True,True,True,0A9F3C3E6F3CC51142E4162D4F217DD9,0.44881379199796356,13.861231874998339,14.311789167000825,120,20736,343408,
pairs,1,2026092201,2,7;9,16,54BA8825B09C8F61616A521C21320479,0A9F3C3E6F3CC51142E4162D4F217DD9,A59AA1012615A11C7600F5099465D3B9,SAT,True,True,True,0A9F3C3E6F3CC51142E4162D4F217DD9,0.4508988749985292,64.2139109589989,64.66667683299966,120,20736,343408,
pairs,1,2026092201,2,7;10,16,54BA8825B09C8F61616A521C21320479,0A9F3C3E6F3CC51142E4162D4F217DD9,A59AA1012615A11C7600F5099465D3B9,SAT,True,True,True,0A9F3C3E6F3CC51142E4162D4F217DD9,0.5182783330019447,42.67092174999925,43.19097062500077,120,20736,343408,
pairs,1,2026092201,2,7;11,16,54BA8825B09C8F61616A521C21320479,0A9F3C3E6F3CC51142E4162D4F217DD9,A59AA1012615A11C7600F5099465D3B9,SAT,True,True,True,0A9F3C3E6F3CC51142E4162D4F217DD9,0.4495884999996633,13.563136166998447,14.014494374998321,120,20736,343408,
pairs,1,2026092201,2,7;12,16,54BA8825B09C8F61616A521C21320479,0A9F3C3E6F3CC51142E4162D4F217DD9,A59AA1012615A11C7600F5099465D3B9,SAT,True,True,True,0A9F3C3E6F3CC51142E4162D4F217DD9,0.45649266600230476,20.068588332997024,20.526805708999746,120,20736,343408,
pairs,1,2026092201,2,7;13,16,54BA8825B09C8F61616A521C21320479,0A9F3C3E6F3CC51142E4162D4F217DD9,A59AA1012615A11C7600F5099465D3B9,SAT,True,True,True,0A9F3C3E6F3CC51142E4162D4F217DD9,0.46012537500064354,53.221760042000824,53.68374879200201,120,20736,343408,
pairs,1,2026092201,2,7;14,16,54BA8825B09C8F61616A521C21320479,0A9F3C3E6F3CC51142E4162D4F217DD9,A59AA1012615A11C7600F5099465D3B9,SAT,True,True,True,0A9F3C3E6F3CC51142E4162D4F217DD9,0.4466679170000134,78.46137558299961,78.9098335000017,120,20736,343408,
pairs,1,2026092201,2,7;15,16,54BA8825B09C8F61616A521C21320479,0A9F3C3E6F3CC51142E4162D4F217DD9,A59AA1012615A11C7600F5099465D3B9,SAT,True,True,True,0A9F3C3E6F3CC51142E4162D4F217DD9,0.44927820800148766,43.37191116699978,43.82301941699916,120,20736,343408,
pairs,1,2026092201,2,8;9,16,54BA8825B09C8F61616A521C21320479,0A9F3C3E6F3CC51142E4162D4F217DD9,A59AA1012615A11C7600F5099465D3B9,SAT,True,True,True,0A9F3C3E6F3CC51142E4162D4F217DD9,0.44854091700108256,97.42327229200237,97.87361054199937,120,20736,343408,
pairs,1,2026092201,2,8;10,16,54BA8825B09C8F61616A521C21320479,0A9F3C3E6F3CC51142E4162D4F217DD9,A59AA1012615A11C7600F5099465D3B9,SAT,True,True,True,0A9F3C3E6F3CC51142E4162D4F217DD9,0.49336641599802533,81.73724562500138,82.23243029200239,120,20736,343408,
pairs,1,2026092201,2,8;11,16,54BA8825B09C8F61616A521C21320479,0A9F3C3E6F3CC51142E4162D4F217DD9,A59AA1012615A11C7600F5099465D3B9,SAT,True,True,True,0A9F3C3E6F3CC51142E4162D4F217DD9,0.45013345799816307,87.21549020800012,87.66745975000231,120,20736,343408,
pairs,1,2026092201,2,8;12,16,54BA8825B09C8F61616A521C21320479,0A9F3C3E6F3CC51142E4162D4F217DD9,A59AA1012615A11C7600F5099465D3B9,SAT,True,True,True,0A9F3C3E6F3CC51142E4162D4F217DD9,0.4695933339971816,106.020587084,106.4925089999997,120,20736,343408,
pairs,1,2026092201,2,8;13,16,54BA8825B09C8F61616A521C21320479,0A9F3C3E6F3CC51142E4162D4F217DD9,A59AA1012615A11C7600F5099465D3B9,TIMEOUT,False,False,False,,,,120,120,,,Exceeded timeout of 120 seconds
pairs,1,2026092201,2,8;14,16,54BA8825B09C8F61616A521C21320479,0A9F3C3E6F3CC51142E4162D4F217DD9,A59AA1012615A11C7600F5099465D3B9,SAT,True,True,True,0A9F3C3E6F3CC51142E4162D4F217DD9,0.9995987089969276,58.31417149999834,59.31606924999869,120,20736,343408,
pairs,1,2026092201,2,8;15,16,54BA8825B09C8F61616A521C21320479,0A9F3C3E6F3CC51142E4162D4F217DD9,A59AA1012615A11C7600F5099465D3B9,SAT,True,True,True,0A9F3C3E6F3CC51142E4162D4F217DD9,0.6443363329999556,29.900099709000642,30.546421457998804,120,20736,343408,
pairs,1,2026092201,2,9;10,16,54BA8825B09C8F61616A521C21320479,0A9F3C3E6F3CC51142E4162D4F217DD9,A59AA1012615A11C7600F5099465D3B9,SAT,True,True,True,0A9F3C3E6F3CC51142E4162D4F217DD9,0.5156797919989913,49.37703670799965,49.894559290998586,120,20736,343408,
pairs,1,2026092201,2,9;11,16,54BA8825B09C8F61616A521C21320479,0A9F3C3E6F3CC51142E4162D4F217DD9,A59AA1012615A11C7600F5099465D3B9,SAT,True,True,True,0A9F3C3E6F3CC51142E4162D4F217DD9,0.45778529200106277,37.73845758300013,38.19800829200176,120,20736,343408,
pairs,1,2026092201,2,9;12,16,54BA8825B09C8F61616A521C21320479,0A9F3C3E6F3CC51142E4162D4F217DD9,A59AA1012615A11C7600F5099465D3B9,SAT,True,True,True,0A9F3C3E6F3CC51142E4162D4F217DD9,0.4499075839994475,38.76172837500053,39.213375541999994,120,20736,343408,
pairs,1,2026092201,2,9;13,16,54BA8825B09C8F61616A521C21320479,0A9F3C3E6F3CC51142E4162D4F217DD9,A59AA1012615A11C7600F5099465D3B9,SAT,True,True,True,0A9F3C3E6F3CC51142E4162D4F217DD9,0.4512445000000298,86.68396204199962,87.13699445800012,120,20736,343408,
pairs,1,2026092201,2,9;14,16,54BA8825B09C8F61616A521C21320479,0A9F3C3E6F3CC51142E4162D4F217DD9,A59AA1012615A11C7600F5099465D3B9,SAT,True,True,True,0A9F3C3E6F3CC51142E4162D4F217DD9,0.44899420799993095,14.62896470800115,15.079719416000444,120,20736,343408,
pairs,1,2026092201,2,9;15,16,54BA8825B09C8F61616A521C21320479,0A9F3C3E6F3CC51142E4162D4F217DD9,A59AA1012615A11C7600F5099465D3B9,SAT,True,True,True,0A9F3C3E6F3CC51142E4162D4F217DD9,0.4519414579990553,58.313436291999096,58.767170082999655,120,20736,343408,
pairs,1,2026092201,2,10;11,16,54BA8825B09C8F61616A521C21320479,0A9F3C3E6F3CC51142E4162D4F217DD9,A59AA1012615A11C7600F5099465D3B9,SAT,True,True,True,0A9F3C3E6F3CC51142E4162D4F217DD9,0.4503568330001144,40.27442404099929,40.726578042002075,120,20736,343408,
pairs,1,2026092201,2,10;12,16,54BA8825B09C8F61616A521C21320479,0A9F3C3E6F3CC51142E4162D4F217DD9,A59AA1012615A11C7600F5099465D3B9,SAT,True,True,True,0A9F3C3E6F3CC51142E4162D4F217DD9,0.4500809159981145,88.78273166600047,89.23465608300103,120,20736,343408,
pairs,1,2026092201,2,10;13,16,54BA8825B09C8F61616A521C21320479,0A9F3C3E6F3CC51142E4162D4F217DD9,A59AA1012615A11C7600F5099465D3B9,SAT,True,True,True,0A9F3C3E6F3CC51142E4162D4F217DD9,0.45244820800144225,49.31447045900131,49.76872304200151,120,20736,343408,
pairs,1,2026092201,2,10;14,16,54BA8825B09C8F61616A521C21320479,0A9F3C3E6F3CC51142E4162D4F217DD9,A59AA1012615A11C7600F5099465D3B9,SAT,True,True,True,0A9F3C3E6F3CC51142E4162D4F217DD9,0.4499075419989822,84.22438458400211,84.6761377920011,120,20736,343408,
pairs,1,2026092201,2,10;15,16,54BA8825B09C8F61616A521C21320479,0A9F3C3E6F3CC51142E4162D4F217DD9,A59AA1012615A11C7600F5099465D3B9,SAT,True,True,True,0A9F3C3E6F3CC51142E4162D4F217DD9,0.451121541998873,35.83915012500074,36.29208049999943,120,20736,343408,
pairs,1,2026092201,2,11;12,16,54BA8825B09C8F61616A521C21320479,0A9F3C3E6F3CC51142E4162D4F217DD9,A59AA1012615A11C7600F5099465D3B9,SAT,True,True,True,0A9F3C3E6F3CC51142E4162D4F217DD9,0.45019895800214726,25.04560762500114,25.497548708000977,120,20736,343408,
pairs,1,2026092201,2,11;13,16,54BA8825B09C8F61616A521C21320479,0A9F3C3E6F3CC51142E4162D4F217DD9,A59AA1012615A11C7600F5099465D3B9,SAT,True,True,True,0A9F3C3E6F3CC51142E4162D4F217DD9,0.44850995800152305,26.51330812499873,26.963653499999054,120,20736,343408,
pairs,1,2026092201,2,11;14,16,54BA8825B09C8F61616A521C21320479,0A9F3C3E6F3CC51142E4162D4F217DD9,A59AA1012615A11C7600F5099465D3B9,SAT,True,True,True,0A9F3C3E6F3CC51142E4162D4F217DD9,0.46170570800313726,67.5024535420016,67.96597220900003,120,20736,343408,
pairs,1,2026092201,2,11;15,16,54BA8825B09C8F61616A521C21320479,0A9F3C3E6F3CC51142E4162D4F217DD9,A59AA1012615A11C7600F5099465D3B9,SAT,True,True,True,0A9F3C3E6F3CC51142E4162D4F217DD9,0.4687804999994114,33.138681458000065,33.60921308300021,120,20736,343408,
pairs,1,2026092201,2,12;13,16,54BA8825B09C8F61616A521C21320479,0A9F3C3E6F3CC51142E4162D4F217DD9,A59AA1012615A11C7600F5099465D3B9,SAT,True,True,True,0A9F3C3E6F3CC51142E4162D4F217DD9,0.46372054099992965,12.109852833000332,12.575322874999983,120,20736,343408,
pairs,1,2026092201,2,12;14,16,54BA8825B09C8F61616A521C21320479,0A9F3C3E6F3CC51142E4162D4F217DD9,A59AA1012615A11C7600F5099465D3B9,SAT,True,True,True,0A9F3C3E6F3CC51142E4162D4F217DD9,0.45156095899801585,26.560712957998476,27.01407837499937,120,20736,343408,
pairs,1,2026092201,2,12;15,16,54BA8825B09C8F61616A521C21320479,0A9F3C3E6F3CC51142E4162D4F217DD9,A59AA1012615A11C7600F5099465D3B9,SAT,True,True,True,0A9F3C3E6F3CC51142E4162D4F217DD9,0.5009805000008782,76.47223954199944,76.97499862500263,120,20736,343408,
pairs,1,2026092201,2,13;14,16,54BA8825B09C8F61616A521C21320479,0A9F3C3E6F3CC51142E4162D4F217DD9,A59AA1012615A11C7600F5099465D3B9,SAT,True,True,True,0A9F3C3E6F3CC51142E4162D4F217DD9,0.4574458749993937,93.82967479199942,94.2888961250028,120,20736,343408,
pairs,1,2026092201,2,13;15,16,54BA8825B09C8F61616A521C21320479,0A9F3C3E6F3CC51142E4162D4F217DD9,A59AA1012615A11C7600F5099465D3B9,SAT,True,True,True,0A9F3C3E6F3CC51142E4162D4F217DD9,0.45676404199912213,92.02212837499974,92.4806869999993,120,20736,343408,
pairs,1,2026092201,2,14;15,16,54BA8825B09C8F61616A521C21320479,0A9F3C3E6F3CC51142E4162D4F217DD9,A59AA1012615A11C7600F5099465D3B9,SAT,True,True,True,0A9F3C3E6F3CC51142E4162D4F217DD9,0.481093124999461,15.489060750001954,15.971880958997644,120,20736,343408,
pairs,2,2026092202,2,0;1,16,B899811E605E419BAE301C265D754207,B7608EC5A5C23596F8EA64EAB55CEE7B,60446E0182BDCA35C94A64AF5A36300C,SAT,True,True,True,B7608EC5A5C23596F8EA64EAB55CEE7B,0.440810332998808,53.6720326249997,54.11464641600105,120,20736,343408,
pairs,2,2026092202,2,0;2,16,B899811E605E419BAE301C265D754207,B7608EC5A5C23596F8EA64EAB55CEE7B,60446E0182BDCA35C94A64AF5A36300C,SAT,True,True,True,B7608EC5A5C23596F8EA64EAB55CEE7B,0.44904879100067774,86.74530437499925,87.19612116699864,120,20736,343408,
pairs,2,2026092202,2,0;3,16,B899811E605E419BAE301C265D754207,B7608EC5A5C23596F8EA64EAB55CEE7B,60446E0182BDCA35C94A64AF5A36300C,SAT,True,True,True,B7608EC5A5C23596F8EA64EAB55CEE7B,0.4465412089994061,28.500483291998535,28.948740040999837,120,20736,343408,
pairs,2,2026092202,2,0;4,16,B899811E605E419BAE301C265D754207,B7608EC5A5C23596F8EA64EAB55CEE7B,60446E0182BDCA35C94A64AF5A36300C,SAT,True,True,True,B7608EC5A5C23596F8EA64EAB55CEE7B,0.44743341700086603,64.47587487499914,64.92508887499935,120,20736,343408,
pairs,2,2026092202,2,0;5,16,B899811E605E419BAE301C265D754207,B7608EC5A5C23596F8EA64EAB55CEE7B,60446E0182BDCA35C94A64AF5A36300C,SAT,True,True,True,B7608EC5A5C23596F8EA64EAB55CEE7B,0.45936766699742293,77.69457316700209,78.15575779199935,120,20736,343408,
pairs,2,2026092202,2,0;6,16,B899811E605E419BAE301C265D754207,B7608EC5A5C23596F8EA64EAB55CEE7B,60446E0182BDCA35C94A64AF5A36300C,SAT,True,True,True,B7608EC5A5C23596F8EA64EAB55CEE7B,0.448852875000739,26.250439250001364,26.70101241700104,120,20736,343408,
pairs,2,2026092202,2,0;7,16,B899811E605E419BAE301C265D754207,B7608EC5A5C23596F8EA64EAB55CEE7B,60446E0182BDCA35C94A64AF5A36300C,SAT,True,True,True,B7608EC5A5C23596F8EA64EAB55CEE7B,0.4480904999982158,59.82063920799919,60.27053549999982,120,20736,343408,
pairs,2,2026092202,2,0;8,16,B899811E605E419BAE301C265D754207,B7608EC5A5C23596F8EA64EAB55CEE7B,60446E0182BDCA35C94A64AF5A36300C,SAT,True,True,True,B7608EC5A5C23596F8EA64EAB55CEE7B,0.44805037500191247,103.39489125000182,103.84472187499705,120,20736,343408,
pairs,2,2026092202,2,0;9,16,B899811E605E419BAE301C265D754207,B7608EC5A5C23596F8EA64EAB55CEE7B,60446E0182BDCA35C94A64AF5A36300C,SAT,True,True,True,B7608EC5A5C23596F8EA64EAB55CEE7B,0.44461970799966366,47.31665712500035,47.76304983299997,120,20736,343408,
pairs,2,2026092202,2,0;10,16,B899811E605E419BAE301C265D754207,B7608EC5A5C23596F8EA64EAB55CEE7B,60446E0182BDCA35C94A64AF5A36300C,SAT,True,True,True,B7608EC5A5C23596F8EA64EAB55CEE7B,0.44490295800278545,57.43206608399851,57.878786875000515,120,20736,343408,
pairs,2,2026092202,2,0;11,16,B899811E605E419BAE301C265D754207,B7608EC5A5C23596F8EA64EAB55CEE7B,60446E0182BDCA35C94A64AF5A36300C,SAT,True,True,True,B7608EC5A5C23596F8EA64EAB55CEE7B,0.4435242499966989,53.286344165997434,53.73162741700071,120,20736,343408,
pairs,2,2026092202,2,0;12,16,B899811E605E419BAE301C265D754207,B7608EC5A5C23596F8EA64EAB55CEE7B,60446E0182BDCA35C94A64AF5A36300C,SAT,True,True,True,B7608EC5A5C23596F8EA64EAB55CEE7B,0.4405287910012703,91.12010941599874,91.5624033330023,120,20736,343408,
pairs,2,2026092202,2,0;13,16,B899811E605E419BAE301C265D754207,B7608EC5A5C23596F8EA64EAB55CEE7B,60446E0182BDCA35C94A64AF5A36300C,SAT,True,True,True,B7608EC5A5C23596F8EA64EAB55CEE7B,0.44158362499729265,35.6272629160012,36.07062983300057,120,20736,343408,
pairs,2,2026092202,2,0;14,16,B899811E605E419BAE301C265D754207,B7608EC5A5C23596F8EA64EAB55CEE7B,60446E0182BDCA35C94A64AF5A36300C,SAT,True,True,True,B7608EC5A5C23596F8EA64EAB55CEE7B,0.44409900000027847,45.73602925000159,46.18188704199929,120,20736,343408,
pairs,2,2026092202,2,0;15,16,B899811E605E419BAE301C265D754207,B7608EC5A5C23596F8EA64EAB55CEE7B,60446E0182BDCA35C94A64AF5A36300C,SAT,True,True,True,B7608EC5A5C23596F8EA64EAB55CEE7B,0.44487966599990614,69.54514241700235,69.99182958299934,120,20736,343408,
pairs,2,2026092202,2,1;2,16,B899811E605E419BAE301C265D754207,B7608EC5A5C23596F8EA64EAB55CEE7B,60446E0182BDCA35C94A64AF5A36300C,SAT,True,True,True,B7608EC5A5C23596F8EA64EAB55CEE7B,0.46531400000094436,97.9288586670009,98.3959427080008,120,20736,343408,
pairs,2,2026092202,2,1;3,16,B899811E605E419BAE301C265D754207,B7608EC5A5C23596F8EA64EAB55CEE7B,60446E0182BDCA35C94A64AF5A36300C,SAT,True,True,True,B7608EC5A5C23596F8EA64EAB55CEE7B,0.4428310000002966,94.52620500000194,94.97081116700065,120,20736,343408,
pairs,2,2026092202,2,1;4,16,B899811E605E419BAE301C265D754207,B7608EC5A5C23596F8EA64EAB55CEE7B,60446E0182BDCA35C94A64AF5A36300C,SAT,True,True,True,B7608EC5A5C23596F8EA64EAB55CEE7B,0.44631195799956913,42.97571979199711,43.42381570799989,120,20736,343408,
pairs,2,2026092202,2,1;5,16,B899811E605E419BAE301C265D754207,B7608EC5A5C23596F8EA64EAB55CEE7B,60446E0182BDCA35C94A64AF5A36300C,SAT,True,True,True,B7608EC5A5C23596F8EA64EAB55CEE7B,0.4432541249989299,47.861891874999856,48.30694679199951,120,20736,343408,
pairs,2,2026092202,2,1;6,16,B899811E605E419BAE301C265D754207,B7608EC5A5C23596F8EA64EAB55CEE7B,60446E0182BDCA35C94A64AF5A36300C,SAT,True,True,True,B7608EC5A5C23596F8EA64EAB55CEE7B,0.4452691660007986,35.34255541699895,35.78956404100245,120,20736,343408,
pairs,2,2026092202,2,1;7,16,B899811E605E419BAE301C265D754207,B7608EC5A5C23596F8EA64EAB55CEE7B,60446E0182BDCA35C94A64AF5A36300C,SAT,True,True,True,B7608EC5A5C23596F8EA64EAB55CEE7B,0.44513508299860405,74.13066645800063,74.57762195800024,120,20736,343408,
pairs,2,2026092202,2,1;8,16,B899811E605E419BAE301C265D754207,B7608EC5A5C23596F8EA64EAB55CEE7B,60446E0182BDCA35C94A64AF5A36300C,SAT,True,True,True,B7608EC5A5C23596F8EA64EAB55CEE7B,0.4463762499981385,29.49383308400138,29.94201383300242,120,20736,343408,
pairs,2,2026092202,2,1;9,16,B899811E605E419BAE301C265D754207,B7608EC5A5C23596F8EA64EAB55CEE7B,60446E0182BDCA35C94A64AF5A36300C,SAT,True,True,True,B7608EC5A5C23596F8EA64EAB55CEE7B,0.4401064999983646,22.574638124999183,23.016459708000184,120,20736,343408,
pairs,2,2026092202,2,1;10,16,B899811E605E419BAE301C265D754207,B7608EC5A5C23596F8EA64EAB55CEE7B,60446E0182BDCA35C94A64AF5A36300C,SAT,True,True,True,B7608EC5A5C23596F8EA64EAB55CEE7B,0.44028712500221445,20.681896875001257,21.12389616600194,120,20736,343408,
pairs,2,2026092202,2,1;11,16,B899811E605E419BAE301C265D754207,B7608EC5A5C23596F8EA64EAB55CEE7B,60446E0182BDCA35C94A64AF5A36300C,SAT,True,True,True,B7608EC5A5C23596F8EA64EAB55CEE7B,0.44381245899785426,17.85769916600111,18.30325129099947,120,20736,343408,
pairs,2,2026092202,2,1;12,16,B899811E605E419BAE301C265D754207,B7608EC5A5C23596F8EA64EAB55CEE7B,60446E0182BDCA35C94A64AF5A36300C,SAT,True,True,True,B7608EC5A5C23596F8EA64EAB55CEE7B,0.4438669170012872,47.64919541600102,48.094842167000024,120,20736,343408,
pairs,2,2026092202,2,1;13,16,B899811E605E419BAE301C265D754207,B7608EC5A5C23596F8EA64EAB55CEE7B,60446E0182BDCA35C94A64AF5A36300C,SAT,True,True,True,B7608EC5A5C23596F8EA64EAB55CEE7B,0.4434395830030553,35.00013725000099,35.44530558299812,120,20736,343408,
pairs,2,2026092202,2,1;14,16,B899811E605E419BAE301C265D754207,B7608EC5A5C23596F8EA64EAB55CEE7B,60446E0182BDCA35C94A64AF5A36300C,SAT,True,True,True,B7608EC5A5C23596F8EA64EAB55CEE7B,0.4413098750010249,37.512299207999604,37.95533150000119,120,20736,343408,
pairs,2,2026092202,2,1;15,16,B899811E605E419BAE301C265D754207,B7608EC5A5C23596F8EA64EAB55CEE7B,60446E0182BDCA35C94A64AF5A36300C,SAT,True,True,True,B7608EC5A5C23596F8EA64EAB55CEE7B,0.4432222499999625,45.842760040999565,46.2876999580003,120,20736,343408,
pairs,2,2026092202,2,2;3,16,B899811E605E419BAE301C265D754207,B7608EC5A5C23596F8EA64EAB55CEE7B,60446E0182BDCA35C94A64AF5A36300C,SAT,True,True,True,B7608EC5A5C23596F8EA64EAB55CEE7B,0.44479900000078487,63.43861249999827,63.88518416700026,120,20736,343408,
pairs,2,2026092202,2,2;4,16,B899811E605E419BAE301C265D754207,B7608EC5A5C23596F8EA64EAB55CEE7B,60446E0182BDCA35C94A64AF5A36300C,SAT,True,True,True,B7608EC5A5C23596F8EA64EAB55CEE7B,0.44669366699963575,95.65124491700044,96.09976670800097,120,20736,343408,
pairs,2,2026092202,2,2;5,16,B899811E605E419BAE301C265D754207,B7608EC5A5C23596F8EA64EAB55CEE7B,60446E0182BDCA35C94A64AF5A36300C,SAT,True,True,True,B7608EC5A5C23596F8EA64EAB55CEE7B,0.4498370410001371,74.20105549999789,74.65267154100002,120,20736,343408,
pairs,2,2026092202,2,2;6,16,B899811E605E419BAE301C265D754207,B7608EC5A5C23596F8EA64EAB55CEE7B,60446E0182BDCA35C94A64AF5A36300C,SAT,True,True,True,B7608EC5A5C23596F8EA64EAB55CEE7B,0.44191433300147764,87.62551670799803,88.06945545900089,120,20736,343408,
pairs,2,2026092202,2,2;7,16,B899811E605E419BAE301C265D754207,B7608EC5A5C23596F8EA64EAB55CEE7B,60446E0182BDCA35C94A64AF5A36300C,SAT,True,True,True,B7608EC5A5C23596F8EA64EAB55CEE7B,0.5045968750018801,70.62513020799815,71.13174250000156,120,20736,343408,
pairs,2,2026092202,2,2;8,16,B899811E605E419BAE301C265D754207,B7608EC5A5C23596F8EA64EAB55CEE7B,60446E0182BDCA35C94A64AF5A36300C,SAT,True,True,True,B7608EC5A5C23596F8EA64EAB55CEE7B,0.5233773750005639,69.5430315420017,70.0681812920011,120,20736,343408,
pairs,2,2026092202,2,2;9,16,B899811E605E419BAE301C265D754207,B7608EC5A5C23596F8EA64EAB55CEE7B,60446E0182BDCA35C94A64AF5A36300C,SAT,True,True,True,B7608EC5A5C23596F8EA64EAB55CEE7B,0.4696555839982466,45.16241604199968,45.63384083300116,120,20736,343408,
pairs,2,2026092202,2,2;10,16,B899811E605E419BAE301C265D754207,B7608EC5A5C23596F8EA64EAB55CEE7B,60446E0182BDCA35C94A64AF5A36300C,SAT,True,True,True,B7608EC5A5C23596F8EA64EAB55CEE7B,0.45911120800155913,40.753811374997895,41.21474062500056,120,20736,343408,
pairs,2,2026092202,2,2;11,16,B899811E605E419BAE301C265D754207,B7608EC5A5C23596F8EA64EAB55CEE7B,60446E0182BDCA35C94A64AF5A36300C,SAT,True,True,True,B7608EC5A5C23596F8EA64EAB55CEE7B,0.49888329099849216,8.133938709001086,8.634648833998654,120,20736,343408,
pairs,2,2026092202,2,2;12,16,B899811E605E419BAE301C265D754207,B7608EC5A5C23596F8EA64EAB55CEE7B,60446E0182BDCA35C94A64AF5A36300C,SAT,True,True,True,B7608EC5A5C23596F8EA64EAB55CEE7B,0.4788899160012079,23.01802054200016,23.49866375000056,120,20736,343408,
pairs,2,2026092202,2,2;13,16,B899811E605E419BAE301C265D754207,B7608EC5A5C23596F8EA64EAB55CEE7B,60446E0182BDCA35C94A64AF5A36300C,SAT,True,True,True,B7608EC5A5C23596F8EA64EAB55CEE7B,0.47510891699857893,91.3594007080028,91.83642416599832,120,20736,343408,
pairs,2,2026092202,2,2;14,16,B899811E605E419BAE301C265D754207,B7608EC5A5C23596F8EA64EAB55CEE7B,60446E0182BDCA35C94A64AF5A36300C,SAT,True,True,True,B7608EC5A5C23596F8EA64EAB55CEE7B,0.4907335839998268,24.921141708000505,25.413909374998184,120,20736,343408,
pairs,2,2026092202,2,2;15,16,B899811E605E419BAE301C265D754207,B7608EC5A5C23596F8EA64EAB55CEE7B,60446E0182BDCA35C94A64AF5A36300C,SAT,True,True,True,B7608EC5A5C23596F8EA64EAB55CEE7B,0.5567539170006057,105.54891412500001,106.10767670900168,120,20736,343408,
pairs,2,2026092202,2,3;4,16,B899811E605E419BAE301C265D754207,B7608EC5A5C23596F8EA64EAB55CEE7B,60446E0182BDCA35C94A64AF5A36300C,SAT,True,True,True,B7608EC5A5C23596F8EA64EAB55CEE7B,0.5371455829990737,107.51590312500048,108.05532720799965,120,20736,343408,
pairs,2,2026092202,2,3;5,16,B899811E605E419BAE301C265D754207,B7608EC5A5C23596F8EA64EAB55CEE7B,60446E0182BDCA35C94A64AF5A36300C,SAT,True,True,True,B7608EC5A5C23596F8EA64EAB55CEE7B,0.5436359159975837,98.82134833300006,99.36716895900099,120,20736,343408,
pairs,2,2026092202,2,3;6,16,B899811E605E419BAE301C265D754207,B7608EC5A5C23596F8EA64EAB55CEE7B,60446E0182BDCA35C94A64AF5A36300C,SAT,True,True,True,B7608EC5A5C23596F8EA64EAB55CEE7B,0.5329923750032322,26.830112125000596,27.365243250002095,120,20736,343408,
pairs,2,2026092202,2,3;7,16,B899811E605E419BAE301C265D754207,B7608EC5A5C23596F8EA64EAB55CEE7B,60446E0182BDCA35C94A64AF5A36300C,SAT,True,True,True,B7608EC5A5C23596F8EA64EAB55CEE7B,0.5661777499990421,33.687583834002,34.255903916000534,120,20736,343408,
pairs,2,2026092202,2,3;8,16,B899811E605E419BAE301C265D754207,B7608EC5A5C23596F8EA64EAB55CEE7B,60446E0182BDCA35C94A64AF5A36300C,SAT,True,True,True,B7608EC5A5C23596F8EA64EAB55CEE7B,0.5452362910000375,40.86149308400127,41.408874042001116,120,20736,343408,
pairs,2,2026092202,2,3;9,16,B899811E605E419BAE301C265D754207,B7608EC5A5C23596F8EA64EAB55CEE7B,60446E0182BDCA35C94A64AF5A36300C,SAT,True,True,True,B7608EC5A5C23596F8EA64EAB55CEE7B,0.5569602089999535,68.21371900000304,68.7726862089985,120,20736,343408,
pairs,2,2026092202,2,3;10,16,B899811E605E419BAE301C265D754207,B7608EC5A5C23596F8EA64EAB55CEE7B,60446E0182BDCA35C94A64AF5A36300C,SAT,True,True,True,B7608EC5A5C23596F8EA64EAB55CEE7B,0.5523076659992512,91.92534070799957,92.47986691700135,120,20736,343408,
pairs,2,2026092202,2,3;11,16,B899811E605E419BAE301C265D754207,B7608EC5A5C23596F8EA64EAB55CEE7B,60446E0182BDCA35C94A64AF5A36300C,SAT,True,True,True,B7608EC5A5C23596F8EA64EAB55CEE7B,0.5832593750019441,59.371207208998385,59.95678654199946,120,20736,343408,
pairs,2,2026092202,2,3;12,16,B899811E605E419BAE301C265D754207,B7608EC5A5C23596F8EA64EAB55CEE7B,60446E0182BDCA35C94A64AF5A36300C,SAT,True,True,True,B7608EC5A5C23596F8EA64EAB55CEE7B,0.5595974999996542,31.81392337500074,32.375776749999204,120,20736,343408,
pairs,2,2026092202,2,3;13,16,B899811E605E419BAE301C265D754207,B7608EC5A5C23596F8EA64EAB55CEE7B,60446E0182BDCA35C94A64AF5A36300C,SAT,True,True,True,B7608EC5A5C23596F8EA64EAB55CEE7B,0.5827529170019261,65.90565041700029,66.49045858400132,120,20736,343408,
pairs,2,2026092202,2,3;14,16,B899811E605E419BAE301C265D754207,B7608EC5A5C23596F8EA64EAB55CEE7B,60446E0182BDCA35C94A64AF5A36300C,SAT,True,True,True,B7608EC5A5C23596F8EA64EAB55CEE7B,0.5373025420012709,63.929011125001125,64.46849158300029,120,20736,343408,
pairs,2,2026092202,2,3;15,16,B899811E605E419BAE301C265D754207,B7608EC5A5C23596F8EA64EAB55CEE7B,60446E0182BDCA35C94A64AF5A36300C,SAT,True,True,True,B7608EC5A5C23596F8EA64EAB55CEE7B,0.5683852500005742,116.2346489579977,116.80533654199826,120,20736,343408,
pairs,2,2026092202,2,4;5,16,B899811E605E419BAE301C265D754207,B7608EC5A5C23596F8EA64EAB55CEE7B,60446E0182BDCA35C94A64AF5A36300C,SAT,True,True,True,B7608EC5A5C23596F8EA64EAB55CEE7B,0.583427458001097,63.48214150000058,64.06788779099952,120,20736,343408,
pairs,2,2026092202,2,4;6,16,B899811E605E419BAE301C265D754207,B7608EC5A5C23596F8EA64EAB55CEE7B,60446E0182BDCA35C94A64AF5A36300C,SAT,True,True,True,B7608EC5A5C23596F8EA64EAB55CEE7B,0.5777787919978437,8.658022666000761,9.237834499999735,120,20736,343408,
pairs,2,2026092202,2,4;7,16,B899811E605E419BAE301C265D754207,B7608EC5A5C23596F8EA64EAB55CEE7B,60446E0182BDCA35C94A64AF5A36300C,SAT,True,True,True,B7608EC5A5C23596F8EA64EAB55CEE7B,0.5728823749996081,34.532725375000155,35.10792137500175,120,20736,343408,
pairs,2,2026092202,2,4;8,16,B899811E605E419BAE301C265D754207,B7608EC5A5C23596F8EA64EAB55CEE7B,60446E0182BDCA35C94A64AF5A36300C,SAT,True,True,True,B7608EC5A5C23596F8EA64EAB55CEE7B,0.5654778749994875,92.07572304199857,92.64298541600147,120,20736,343408,
pairs,2,2026092202,2,4;9,16,B899811E605E419BAE301C265D754207,B7608EC5A5C23596F8EA64EAB55CEE7B,60446E0182BDCA35C94A64AF5A36300C,SAT,True,True,True,B7608EC5A5C23596F8EA64EAB55CEE7B,0.4454050409985939,93.30375270800141,93.75094545899992,120,20736,343408,
pairs,2,2026092202,2,4;10,16,B899811E605E419BAE301C265D754207,B7608EC5A5C23596F8EA64EAB55CEE7B,60446E0182BDCA35C94A64AF5A36300C,SAT,True,True,True,B7608EC5A5C23596F8EA64EAB55CEE7B,0.447324833003222,98.63180587500028,99.08091337500082,120,20736,343408,
pairs,2,2026092202,2,4;11,16,B899811E605E419BAE301C265D754207,B7608EC5A5C23596F8EA64EAB55CEE7B,60446E0182BDCA35C94A64AF5A36300C,SAT,True,True,True,B7608EC5A5C23596F8EA64EAB55CEE7B,0.4525519590024487,34.19405462500072,34.64839179200135,120,20736,343408,
pairs,2,2026092202,2,4;12,16,B899811E605E419BAE301C265D754207,B7608EC5A5C23596F8EA64EAB55CEE7B,60446E0182BDCA35C94A64AF5A36300C,SAT,True,True,True,B7608EC5A5C23596F8EA64EAB55CEE7B,0.4493335839979409,94.12227145799989,94.57337408300009,120,20736,343408,
pairs,2,2026092202,2,4;13,16,B899811E605E419BAE301C265D754207,B7608EC5A5C23596F8EA64EAB55CEE7B,60446E0182BDCA35C94A64AF5A36300C,SAT,True,True,True,B7608EC5A5C23596F8EA64EAB55CEE7B,0.44262075000006007,34.13411733400062,34.578541582999605,120,20736,343408,
pairs,2,2026092202,2,4;14,16,B899811E605E419BAE301C265D754207,B7608EC5A5C23596F8EA64EAB55CEE7B,60446E0182BDCA35C94A64AF5A36300C,SAT,True,True,True,B7608EC5A5C23596F8EA64EAB55CEE7B,0.44275324999762233,112.63120958399668,113.07578462500169,120,20736,343408,
pairs,2,2026092202,2,4;15,16,B899811E605E419BAE301C265D754207,B7608EC5A5C23596F8EA64EAB55CEE7B,60446E0182BDCA35C94A64AF5A36300C,SAT,True,True,True,B7608EC5A5C23596F8EA64EAB55CEE7B,0.4460555410005327,13.449964750001527,13.897751042000891,120,20736,343408,
pairs,2,2026092202,2,5;6,16,B899811E605E419BAE301C265D754207,B7608EC5A5C23596F8EA64EAB55CEE7B,60446E0182BDCA35C94A64AF5A36300C,SAT,True,True,True,B7608EC5A5C23596F8EA64EAB55CEE7B,0.4508594590006396,76.38332725000146,76.83596329200009,120,20736,343408,
pairs,2,2026092202,2,5;7,16,B899811E605E419BAE301C265D754207,B7608EC5A5C23596F8EA64EAB55CEE7B,60446E0182BDCA35C94A64AF5A36300C,SAT,True,True,True,B7608EC5A5C23596F8EA64EAB55CEE7B,0.447146916998463,43.66253920899908,44.111453874997096,120,20736,343408,
pairs,2,2026092202,2,5;8,16,B899811E605E419BAE301C265D754207,B7608EC5A5C23596F8EA64EAB55CEE7B,60446E0182BDCA35C94A64AF5A36300C,SAT,True,True,True,B7608EC5A5C23596F8EA64EAB55CEE7B,0.45010316600018996,64.80600012500145,65.25787816700176,120,20736,343408,
pairs,2,2026092202,2,5;9,16,B899811E605E419BAE301C265D754207,B7608EC5A5C23596F8EA64EAB55CEE7B,60446E0182BDCA35C94A64AF5A36300C,SAT,True,True,True,B7608EC5A5C23596F8EA64EAB55CEE7B,0.44589312500102096,52.81000687500273,53.25766708300216,120,20736,343408,
pairs,2,2026092202,2,5;10,16,B899811E605E419BAE301C265D754207,B7608EC5A5C23596F8EA64EAB55CEE7B,60446E0182BDCA35C94A64AF5A36300C,SAT,True,True,True,B7608EC5A5C23596F8EA64EAB55CEE7B,0.4426202079994255,30.82029891700222,31.264668916002847,120,20736,343408,
pairs,2,2026092202,2,5;11,16,B899811E605E419BAE301C265D754207,B7608EC5A5C23596F8EA64EAB55CEE7B,60446E0182BDCA35C94A64AF5A36300C,SAT,True,True,True,B7608EC5A5C23596F8EA64EAB55CEE7B,0.4425624579998839,21.453082832998916,21.897373374999006,120,20736,343408,
pairs,2,2026092202,2,5;12,16,B899811E605E419BAE301C265D754207,B7608EC5A5C23596F8EA64EAB55CEE7B,60446E0182BDCA35C94A64AF5A36300C,SAT,True,True,True,B7608EC5A5C23596F8EA64EAB55CEE7B,0.4424641250006971,60.07082729100148,60.51507912500165,120,20736,343408,
pairs,2,2026092202,2,5;13,16,B899811E605E419BAE301C265D754207,B7608EC5A5C23596F8EA64EAB55CEE7B,60446E0182BDCA35C94A64AF5A36300C,SAT,True,True,True,B7608EC5A5C23596F8EA64EAB55CEE7B,0.44197287499991944,20.09167541699935,20.535357042001124,120,20736,343408,
pairs,2,2026092202,2,5;14,16,B899811E605E419BAE301C265D754207,B7608EC5A5C23596F8EA64EAB55CEE7B,60446E0182BDCA35C94A64AF5A36300C,SAT,True,True,True,B7608EC5A5C23596F8EA64EAB55CEE7B,0.44198408300144365,20.30594733399994,20.74963970799945,120,20736,343408,
pairs,2,2026092202,2,5;15,16,B899811E605E419BAE301C265D754207,B7608EC5A5C23596F8EA64EAB55CEE7B,60446E0182BDCA35C94A64AF5A36300C,SAT,True,True,True,B7608EC5A5C23596F8EA64EAB55CEE7B,0.4447033750002447,98.14215558400247,98.58859937499801,120,20736,343408,
pairs,2,2026092202,2,6;7,16,B899811E605E419BAE301C265D754207,B7608EC5A5C23596F8EA64EAB55CEE7B,60446E0182BDCA35C94A64AF5A36300C,SAT,True,True,True,B7608EC5A5C23596F8EA64EAB55CEE7B,0.4449253749990021,63.12720400000035,63.57391729200026,120,20736,343408,
pairs,2,2026092202,2,6;8,16,B899811E605E419BAE301C265D754207,B7608EC5A5C23596F8EA64EAB55CEE7B,60446E0182BDCA35C94A64AF5A36300C,SAT,True,True,True,B7608EC5A5C23596F8EA64EAB55CEE7B,0.4441821250002249,31.77340458300023,32.21930033400349,120,20736,343408,
pairs,2,2026092202,2,6;9,16,B899811E605E419BAE301C265D754207,B7608EC5A5C23596F8EA64EAB55CEE7B,60446E0182BDCA35C94A64AF5A36300C,SAT,True,True,True,B7608EC5A5C23596F8EA64EAB55CEE7B,0.4458495840008254,15.668172999998205,16.115746957999363,120,20736,343408,
pairs,2,2026092202,2,6;10,16,B899811E605E419BAE301C265D754207,B7608EC5A5C23596F8EA64EAB55CEE7B,60446E0182BDCA35C94A64AF5A36300C,SAT,True,True,True,B7608EC5A5C23596F8EA64EAB55CEE7B,0.4935964999967837,100.09431712500009,100.58968283300055,120,20736,343408,
pairs,2,2026092202,2,6;11,16,B899811E605E419BAE301C265D754207,B7608EC5A5C23596F8EA64EAB55CEE7B,60446E0182BDCA35C94A64AF5A36300C,SAT,True,True,True,B7608EC5A5C23596F8EA64EAB55CEE7B,0.44575645799704944,98.08177291700122,98.52928387500287,120,20736,343408,
pairs,2,2026092202,2,6;12,16,B899811E605E419BAE301C265D754207,B7608EC5A5C23596F8EA64EAB55CEE7B,60446E0182BDCA35C94A64AF5A36300C,SAT,True,True,True,B7608EC5A5C23596F8EA64EAB55CEE7B,0.4616872499973397,70.06441958299911,70.52786137500152,120,20736,343408,
pairs,2,2026092202,2,6;13,16,B899811E605E419BAE301C265D754207,B7608EC5A5C23596F8EA64EAB55CEE7B,60446E0182BDCA35C94A64AF5A36300C,SAT,True,True,True,B7608EC5A5C23596F8EA64EAB55CEE7B,0.44144054199932725,81.47462545800227,81.91783095799838,120,20736,343408,
pairs,2,2026092202,2,6;14,16,B899811E605E419BAE301C265D754207,B7608EC5A5C23596F8EA64EAB55CEE7B,60446E0182BDCA35C94A64AF5A36300C,SAT,True,True,True,B7608EC5A5C23596F8EA64EAB55CEE7B,0.44306295800197404,69.9768167910006,70.42165187499995,120,20736,343408,
pairs,2,2026092202,2,6;15,16,B899811E605E419BAE301C265D754207,B7608EC5A5C23596F8EA64EAB55CEE7B,60446E0182BDCA35C94A64AF5A36300C,SAT,True,True,True,B7608EC5A5C23596F8EA64EAB55CEE7B,0.4444781249985681,79.83152649999829,80.2778363749967,120,20736,343408,
pairs,2,2026092202,2,7;8,16,B899811E605E419BAE301C265D754207,B7608EC5A5C23596F8EA64EAB55CEE7B,60446E0182BDCA35C94A64AF5A36300C,SAT,True,True,True,B7608EC5A5C23596F8EA64EAB55CEE7B,0.44456145799995284,83.37959579200106,83.82593262500086,120,20736,343408,
pairs,2,2026092202,2,7;9,16,B899811E605E419BAE301C265D754207,B7608EC5A5C23596F8EA64EAB55CEE7B,60446E0182BDCA35C94A64AF5A36300C,SAT,True,True,True,B7608EC5A5C23596F8EA64EAB55CEE7B,0.4530992079999123,90.72642149999956,91.18131716700009,120,20736,343408,
pairs,2,2026092202,2,7;10,16,B899811E605E419BAE301C265D754207,B7608EC5A5C23596F8EA64EAB55CEE7B,60446E0182BDCA35C94A64AF5A36300C,SAT,True,True,True,B7608EC5A5C23596F8EA64EAB55CEE7B,0.4533722080013831,53.75375283299945,54.20888500000001,120,20736,343408,
pairs,2,2026092202,2,7;11,16,B899811E605E419BAE301C265D754207,B7608EC5A5C23596F8EA64EAB55CEE7B,60446E0182BDCA35C94A64AF5A36300C,SAT,True,True,True,B7608EC5A5C23596F8EA64EAB55CEE7B,0.4503942920018744,11.979273083998123,12.431400166999083,120,20736,343408,
pairs,2,2026092202,2,7;12,16,B899811E605E419BAE301C265D754207,B7608EC5A5C23596F8EA64EAB55CEE7B,60446E0182BDCA35C94A64AF5A36300C,SAT,True,True,True,B7608EC5A5C23596F8EA64EAB55CEE7B,0.44985908300077426,86.6245167920024,87.07614850000027,120,20736,343408,
pairs,2,2026092202,2,7;13,16,B899811E605E419BAE301C265D754207,B7608EC5A5C23596F8EA64EAB55CEE7B,60446E0182BDCA35C94A64AF5A36300C,SAT,True,True,True,B7608EC5A5C23596F8EA64EAB55CEE7B,0.4506514579989016,33.841027499998745,34.29344070799925,120,20736,343408,
pairs,2,2026092202,2,7;14,16,B899811E605E419BAE301C265D754207,B7608EC5A5C23596F8EA64EAB55CEE7B,60446E0182BDCA35C94A64AF5A36300C,SAT,True,True,True,B7608EC5A5C23596F8EA64EAB55CEE7B,0.44200862499928917,64.82148654199773,65.26529604100142,120,20736,343408,
pairs,2,2026092202,2,7;15,16,B899811E605E419BAE301C265D754207,B7608EC5A5C23596F8EA64EAB55CEE7B,60446E0182BDCA35C94A64AF5A36300C,SAT,True,True,True,B7608EC5A5C23596F8EA64EAB55CEE7B,0.4435467080002127,90.47996191600032,90.92528766599935,120,20736,343408,
pairs,2,2026092202,2,8;9,16,B899811E605E419BAE301C265D754207,B7608EC5A5C23596F8EA64EAB55CEE7B,60446E0182BDCA35C94A64AF5A36300C,SAT,True,True,True,B7608EC5A5C23596F8EA64EAB55CEE7B,0.4439991250001185,90.50021416699747,90.94601045799936,120,20736,343408,
pairs,2,2026092202,2,8;10,16,B899811E605E419BAE301C265D754207,B7608EC5A5C23596F8EA64EAB55CEE7B,60446E0182BDCA35C94A64AF5A36300C,SAT,True,True,True,B7608EC5A5C23596F8EA64EAB55CEE7B,0.44222608400013996,92.48899700000038,92.93299029199989,120,20736,343408,
pairs,2,2026092202,2,8;11,16,B899811E605E419BAE301C265D754207,B7608EC5A5C23596F8EA64EAB55CEE7B,60446E0182BDCA35C94A64AF5A36300C,SAT,True,True,True,B7608EC5A5C23596F8EA64EAB55CEE7B,0.45039816700227675,17.802453208998486,18.254569958000502,120,20736,343408,
pairs,2,2026092202,2,8;12,16,B899811E605E419BAE301C265D754207,B7608EC5A5C23596F8EA64EAB55CEE7B,60446E0182BDCA35C94A64AF5A36300C,SAT,True,True,True,B7608EC5A5C23596F8EA64EAB55CEE7B,0.4471320830016339,73.67564870899878,74.12454575000083,120,20736,343408,
pairs,2,2026092202,2,8;13,16,B899811E605E419BAE301C265D754207,B7608EC5A5C23596F8EA64EAB55CEE7B,60446E0182BDCA35C94A64AF5A36300C,SAT,True,True,True,B7608EC5A5C23596F8EA64EAB55CEE7B,0.44431991600140464,34.53432512499785,34.98035887500009,120,20736,343408,
pairs,2,2026092202,2,8;14,16,B899811E605E419BAE301C265D754207,B7608EC5A5C23596F8EA64EAB55CEE7B,60446E0182BDCA35C94A64AF5A36300C,SAT,True,True,True,B7608EC5A5C23596F8EA64EAB55CEE7B,0.4415818750021572,30.02392920800048,30.467237250002654,120,20736,343408,
pairs,2,2026092202,2,8;15,16,B899811E605E419BAE301C265D754207,B7608EC5A5C23596F8EA64EAB55CEE7B,60446E0182BDCA35C94A64AF5A36300C,SAT,True,True,True,B7608EC5A5C23596F8EA64EAB55CEE7B,0.4424353329995938,49.36480116700113,49.80905150000035,120,20736,343408,
pairs,2,2026092202,2,9;10,16,B899811E605E419BAE301C265D754207,B7608EC5A5C23596F8EA64EAB55CEE7B,60446E0182BDCA35C94A64AF5A36300C,SAT,True,True,True,B7608EC5A5C23596F8EA64EAB55CEE7B,0.4479431250001653,89.16410166599962,89.6137552500004,120,20736,343408,
pairs,2,2026092202,2,9;11,16,B899811E605E419BAE301C265D754207,B7608EC5A5C23596F8EA64EAB55CEE7B,60446E0182BDCA35C94A64AF5A36300C,SAT,True,True,True,B7608EC5A5C23596F8EA64EAB55CEE7B,0.44469204200140666,56.87074616699829,57.317250874999445,120,20736,343408,
pairs,2,2026092202,2,9;12,16,B899811E605E419BAE301C265D754207,B7608EC5A5C23596F8EA64EAB55CEE7B,60446E0182BDCA35C94A64AF5A36300C,SAT,True,True,True,B7608EC5A5C23596F8EA64EAB55CEE7B,0.44659683300051256,50.52441424999779,50.972776750000776,120,20736,343408,
pairs,2,2026092202,2,9;13,16,B899811E605E419BAE301C265D754207,B7608EC5A5C23596F8EA64EAB55CEE7B,60446E0182BDCA35C94A64AF5A36300C,SAT,True,True,True,B7608EC5A5C23596F8EA64EAB55CEE7B,0.44457524999961606,49.230844292000256,49.677178917001584,120,20736,343408,
pairs,2,2026092202,2,9;14,16,B899811E605E419BAE301C265D754207,B7608EC5A5C23596F8EA64EAB55CEE7B,60446E0182BDCA35C94A64AF5A36300C,SAT,True,True,True,B7608EC5A5C23596F8EA64EAB55CEE7B,0.4438525409968861,25.50103470799877,25.94665462500052,120,20736,343408,
pairs,2,2026092202,2,9;15,16,B899811E605E419BAE301C265D754207,B7608EC5A5C23596F8EA64EAB55CEE7B,60446E0182BDCA35C94A64AF5A36300C,SAT,True,True,True,B7608EC5A5C23596F8EA64EAB55CEE7B,0.44660204100000556,41.59132345800026,42.0397296250012,120,20736,343408,
pairs,2,2026092202,2,10;11,16,B899811E605E419BAE301C265D754207,B7608EC5A5C23596F8EA64EAB55CEE7B,60446E0182BDCA35C94A64AF5A36300C,SAT,True,True,True,B7608EC5A5C23596F8EA64EAB55CEE7B,0.4467024160003348,81.92940966699825,82.37793054199938,120,20736,343408,
pairs,2,2026092202,2,10;12,16,B899811E605E419BAE301C265D754207,B7608EC5A5C23596F8EA64EAB55CEE7B,60446E0182BDCA35C94A64AF5A36300C,SAT,True,True,True,B7608EC5A5C23596F8EA64EAB55CEE7B,0.46301254199715913,38.51632187500218,38.98107049999817,120,20736,343408,
pairs,2,2026092202,2,10;13,16,B899811E605E419BAE301C265D754207,B7608EC5A5C23596F8EA64EAB55CEE7B,60446E0182BDCA35C94A64AF5A36300C,SAT,True,True,True,B7608EC5A5C23596F8EA64EAB55CEE7B,0.4501250840003195,59.65015129200037,60.102066082999954,120,20736,343408,
pairs,2,2026092202,2,10;14,16,B899811E605E419BAE301C265D754207,B7608EC5A5C23596F8EA64EAB55CEE7B,60446E0182BDCA35C94A64AF5A36300C,SAT,True,True,True,B7608EC5A5C23596F8EA64EAB55CEE7B,0.4460566670022672,28.94481720800104,29.3926242919988,120,20736,343408,
pairs,2,2026092202,2,10;15,16,B899811E605E419BAE301C265D754207,B7608EC5A5C23596F8EA64EAB55CEE7B,60446E0182BDCA35C94A64AF5A36300C,SAT,True,True,True,B7608EC5A5C23596F8EA64EAB55CEE7B,0.44573291699998663,80.10692966699935,80.55441691700253,120,20736,343408,
pairs,2,2026092202,2,11;12,16,B899811E605E419BAE301C265D754207,B7608EC5A5C23596F8EA64EAB55CEE7B,60446E0182BDCA35C94A64AF5A36300C,SAT,True,True,True,B7608EC5A5C23596F8EA64EAB55CEE7B,0.4482371670019347,101.89409687499938,102.34437812499891,120,20736,343408,
pairs,2,2026092202,2,11;13,16,B899811E605E419BAE301C265D754207,B7608EC5A5C23596F8EA64EAB55CEE7B,60446E0182BDCA35C94A64AF5A36300C,SAT,True,True,True,B7608EC5A5C23596F8EA64EAB55CEE7B,0.5060022910001862,39.18884799999796,39.69683708299999,120,20736,343408,
pairs,2,2026092202,2,11;14,16,B899811E605E419BAE301C265D754207,B7608EC5A5C23596F8EA64EAB55CEE7B,60446E0182BDCA35C94A64AF5A36300C,SAT,True,True,True,B7608EC5A5C23596F8EA64EAB55CEE7B,0.5061285839983611,19.099675541998295,19.60764220800047,120,20736,343408,
pairs,2,2026092202,2,11;15,16,B899811E605E419BAE301C265D754207,B7608EC5A5C23596F8EA64EAB55CEE7B,60446E0182BDCA35C94A64AF5A36300C,SAT,True,True,True,B7608EC5A5C23596F8EA64EAB55CEE7B,0.49573824999970384,16.0377507910016,16.53575862499929,120,20736,343408,
pairs,2,2026092202,2,12;13,16,B899811E605E419BAE301C265D754207,B7608EC5A5C23596F8EA64EAB55CEE7B,60446E0182BDCA35C94A64AF5A36300C,SAT,True,True,True,B7608EC5A5C23596F8EA64EAB55CEE7B,0.6786263329995563,114.52314462499999,115.20389612500003,120,20736,343408,
pairs,2,2026092202,2,12;14,16,B899811E605E419BAE301C265D754207,B7608EC5A5C23596F8EA64EAB55CEE7B,60446E0182BDCA35C94A64AF5A36300C,SAT,True,True,True,B7608EC5A5C23596F8EA64EAB55CEE7B,0.5270305419981014,36.31864475000111,36.84795716699955,120,20736,343408,
pairs,2,2026092202,2,12;15,16,B899811E605E419BAE301C265D754207,B7608EC5A5C23596F8EA64EAB55CEE7B,60446E0182BDCA35C94A64AF5A36300C,SAT,True,True,True,B7608EC5A5C23596F8EA64EAB55CEE7B,0.6425196249983856,79.11389374999999,79.75841554200088,120,20736,343408,
pairs,2,2026092202,2,13;14,16,B899811E605E419BAE301C265D754207,B7608EC5A5C23596F8EA64EAB55CEE7B,60446E0182BDCA35C94A64AF5A36300C,SAT,True,True,True,B7608EC5A5C23596F8EA64EAB55CEE7B,0.5414641249990382,35.21689524999965,35.760391667001386,120,20736,343408,
pairs,2,2026092202,2,13;15,16,B899811E605E419BAE301C265D754207,B7608EC5A5C23596F8EA64EAB55CEE7B,60446E0182BDCA35C94A64AF5A36300C,SAT,True,True,True,B7608EC5A5C23596F8EA64EAB55CEE7B,0.5297150000005786,69.73800745799963,70.27023866700256,120,20736,343408,
pairs,2,2026092202,2,14;15,16,B899811E605E419BAE301C265D754207,B7608EC5A5C23596F8EA64EAB55CEE7B,60446E0182BDCA35C94A64AF5A36300C,SAT,True,True,True,B7608EC5A5C23596F8EA64EAB55CEE7B,0.6454724590003025,75.79328608300057,76.44109649999882,120,20736,343408,
pairs,3,2026092203,2,0;1,16,3038FE80E479B85E8FF9943498EFA8A9,7C6FB8C03288380794B939E4064293F4,C462599C6439D2256C8BF9524973EB28,SAT,True,True,True,7C6FB8C03288380794B939E4064293F4,0.5884473330006585,36.91053420800017,37.50104745799763,120,20736,343408,
pairs,3,2026092203,2,0;2,16,3038FE80E479B85E8FF9943498EFA8A9,7C6FB8C03288380794B939E4064293F4,C462599C6439D2256C8BF9524973EB28,SAT,True,True,True,7C6FB8C03288380794B939E4064293F4,0.5076106250016892,64.07476241699987,64.58449120899968,120,20736,343408,
pairs,3,2026092203,2,0;3,16,3038FE80E479B85E8FF9943498EFA8A9,7C6FB8C03288380794B939E4064293F4,C462599C6439D2256C8BF9524973EB28,SAT,True,True,True,7C6FB8C03288380794B939E4064293F4,0.5572135000002163,50.26501179200204,50.824394750001375,120,20736,343408,
pairs,3,2026092203,2,0;4,16,3038FE80E479B85E8FF9943498EFA8A9,7C6FB8C03288380794B939E4064293F4,C462599C6439D2256C8BF9524973EB28,SAT,True,True,True,7C6FB8C03288380794B939E4064293F4,0.516766374999861,30.551141500000085,31.070049666999694,120,20736,343408,
pairs,3,2026092203,2,0;5,16,3038FE80E479B85E8FF9943498EFA8A9,7C6FB8C03288380794B939E4064293F4,C462599C6439D2256C8BF9524973EB28,SAT,True,True,True,7C6FB8C03288380794B939E4064293F4,0.5292527090023214,109.94165016600164,110.47303716700117,120,20736,343408,
pairs,3,2026092203,2,0;6,16,3038FE80E479B85E8FF9943498EFA8A9,7C6FB8C03288380794B939E4064293F4,C462599C6439D2256C8BF9524973EB28,SAT,True,True,True,7C6FB8C03288380794B939E4064293F4,0.5508833749991027,54.05210725000143,54.60511962500095,120,20736,343408,
pairs,3,2026092203,2,0;7,16,3038FE80E479B85E8FF9943498EFA8A9,7C6FB8C03288380794B939E4064293F4,C462599C6439D2256C8BF9524973EB28,SAT,True,True,True,7C6FB8C03288380794B939E4064293F4,0.5400379999991856,39.175656291998166,39.71778591700058,120,20736,343408,
pairs,3,2026092203,2,0;8,16,3038FE80E479B85E8FF9943498EFA8A9,7C6FB8C03288380794B939E4064293F4,C462599C6439D2256C8BF9524973EB28,SAT,True,True,True,7C6FB8C03288380794B939E4064293F4,0.5565225840000494,96.99132304200248,97.54997195800024,120,20736,343408,
pairs,3,2026092203,2,0;9,16,3038FE80E479B85E8FF9943498EFA8A9,7C6FB8C03288380794B939E4064293F4,C462599C6439D2256C8BF9524973EB28,SAT,True,True,True,7C6FB8C03288380794B939E4064293F4,0.5546181249992514,96.16554645799988,96.72221391700077,120,20736,343408,
pairs,3,2026092203,2,0;10,16,3038FE80E479B85E8FF9943498EFA8A9,7C6FB8C03288380794B939E4064293F4,C462599C6439D2256C8BF9524973EB28,SAT,True,True,True,7C6FB8C03288380794B939E4064293F4,0.5313253339991206,12.16788962499777,12.701270125002338,120,20736,343408,
pairs,3,2026092203,2,0;11,16,3038FE80E479B85E8FF9943498EFA8A9,7C6FB8C03288380794B939E4064293F4,C462599C6439D2256C8BF9524973EB28,SAT,True,True,True,7C6FB8C03288380794B939E4064293F4,0.5270751249991008,71.8522122079994,72.38133604199902,120,20736,343408,
pairs,3,2026092203,2,0;12,16,3038FE80E479B85E8FF9943498EFA8A9,7C6FB8C03288380794B939E4064293F4,C462599C6439D2256C8BF9524973EB28,SAT,True,True,True,7C6FB8C03288380794B939E4064293F4,0.5354049580018909,65.63205629200093,66.1696025420024,120,20736,343408,
pairs,3,2026092203,2,0;13,16,3038FE80E479B85E8FF9943498EFA8A9,7C6FB8C03288380794B939E4064293F4,C462599C6439D2256C8BF9524973EB28,SAT,True,True,True,7C6FB8C03288380794B939E4064293F4,0.5363786659981997,102.94315845799792,103.48158412499834,120,20736,343408,
pairs,3,2026092203,2,0;14,16,3038FE80E479B85E8FF9943498EFA8A9,7C6FB8C03288380794B939E4064293F4,C462599C6439D2256C8BF9524973EB28,SAT,True,True,True,7C6FB8C03288380794B939E4064293F4,0.5306286250015546,62.01129833300001,62.544064082998375,120,20736,343408,
pairs,3,2026092203,2,0;15,16,3038FE80E479B85E8FF9943498EFA8A9,7C6FB8C03288380794B939E4064293F4,C462599C6439D2256C8BF9524973EB28,SAT,True,True,True,7C6FB8C03288380794B939E4064293F4,0.5437318330004928,53.35269587500079,53.89854637499957,120,20736,343408,
pairs,3,2026092203,2,1;2,16,3038FE80E479B85E8FF9943498EFA8A9,7C6FB8C03288380794B939E4064293F4,C462599C6439D2256C8BF9524973EB28,SAT,True,True,True,7C6FB8C03288380794B939E4064293F4,0.5439469580014702,78.37834579099945,78.9242584579988,120,20736,343408,
pairs,3,2026092203,2,1;3,16,3038FE80E479B85E8FF9943498EFA8A9,7C6FB8C03288380794B939E4064293F4,C462599C6439D2256C8BF9524973EB28,SAT,True,True,True,7C6FB8C03288380794B939E4064293F4,0.5462565839989111,60.953638499999215,61.50198412499958,120,20736,343408,
pairs,3,2026092203,2,1;4,16,3038FE80E479B85E8FF9943498EFA8A9,7C6FB8C03288380794B939E4064293F4,C462599C6439D2256C8BF9524973EB28,SAT,True,True,True,7C6FB8C03288380794B939E4064293F4,0.5335785419993044,65.86092562499834,66.39658320799936,120,20736,343408,
pairs,3,2026092203,2,1;5,16,3038FE80E479B85E8FF9943498EFA8A9,7C6FB8C03288380794B939E4064293F4,C462599C6439D2256C8BF9524973EB28,SAT,True,True,True,7C6FB8C03288380794B939E4064293F4,0.5317818749972503,39.135818791997735,39.6698365830016,120,20736,343408,
pairs,3,2026092203,2,1;6,16,3038FE80E479B85E8FF9943498EFA8A9,7C6FB8C03288380794B939E4064293F4,C462599C6439D2256C8BF9524973EB28,SAT,True,True,True,7C6FB8C03288380794B939E4064293F4,0.5611293750007462,86.54781962500056,87.11106799999834,120,20736,343408,
pairs,3,2026092203,2,1;7,16,3038FE80E479B85E8FF9943498EFA8A9,7C6FB8C03288380794B939E4064293F4,C462599C6439D2256C8BF9524973EB28,SAT,True,True,True,7C6FB8C03288380794B939E4064293F4,0.5317660839973541,52.44955949999712,52.98354283300068,120,20736,343408,
pairs,3,2026092203,2,1;8,16,3038FE80E479B85E8FF9943498EFA8A9,7C6FB8C03288380794B939E4064293F4,C462599C6439D2256C8BF9524973EB28,SAT,True,True,True,7C6FB8C03288380794B939E4064293F4,0.5396364170010202,115.70786645799672,116.24950770899886,120,20736,343408,
pairs,3,2026092203,2,1;9,16,3038FE80E479B85E8FF9943498EFA8A9,7C6FB8C03288380794B939E4064293F4,C462599C6439D2256C8BF9524973EB28,SAT,True,True,True,7C6FB8C03288380794B939E4064293F4,0.5261454169994977,101.52600441600225,102.05434070800038,120,20736,343408,
pairs,3,2026092203,2,1;10,16,3038FE80E479B85E8FF9943498EFA8A9,7C6FB8C03288380794B939E4064293F4,C462599C6439D2256C8BF9524973EB28,SAT,True,True,True,7C6FB8C03288380794B939E4064293F4,0.5797895420000714,53.281520500000624,53.86353516699819,120,20736,343408,
pairs,3,2026092203,2,1;11,16,3038FE80E479B85E8FF9943498EFA8A9,7C6FB8C03288380794B939E4064293F4,C462599C6439D2256C8BF9524973EB28,SAT,True,True,True,7C6FB8C03288380794B939E4064293F4,0.5549407090002205,44.15721887499967,44.714291665997735,120,20736,343408,
pairs,3,2026092203,2,1;12,16,3038FE80E479B85E8FF9943498EFA8A9,7C6FB8C03288380794B939E4064293F4,C462599C6439D2256C8BF9524973EB28,SAT,True,True,True,7C6FB8C03288380794B939E4064293F4,0.5287036669978988,20.437681166000402,20.968649166999967,120,20736,343408,
pairs,3,2026092203,2,1;13,16,3038FE80E479B85E8FF9943498EFA8A9,7C6FB8C03288380794B939E4064293F4,C462599C6439D2256C8BF9524973EB28,SAT,True,True,True,7C6FB8C03288380794B939E4064293F4,0.5684174579982937,67.16752712499874,67.73799666600098,120,20736,343408,
pairs,3,2026092203,2,1;14,16,3038FE80E479B85E8FF9943498EFA8A9,7C6FB8C03288380794B939E4064293F4,C462599C6439D2256C8BF9524973EB28,SAT,True,True,True,7C6FB8C03288380794B939E4064293F4,0.5273988749977434,99.61215491700204,100.1416872080008,120,20736,343408,
pairs,3,2026092203,2,1;15,16,3038FE80E479B85E8FF9943498EFA8A9,7C6FB8C03288380794B939E4064293F4,C462599C6439D2256C8BF9524973EB28,SAT,True,True,True,7C6FB8C03288380794B939E4064293F4,0.5540616250000312,109.59693745799814,110.15313108400005,120,20736,343408,
pairs,3,2026092203,2,2;3,16,3038FE80E479B85E8FF9943498EFA8A9,7C6FB8C03288380794B939E4064293F4,C462599C6439D2256C8BF9524973EB28,SAT,True,True,True,7C6FB8C03288380794B939E4064293F4,0.5247139999992214,62.38756079199811,62.914349624999886,120,20736,343408,
pairs,3,2026092203,2,2;4,16,3038FE80E479B85E8FF9943498EFA8A9,7C6FB8C03288380794B939E4064293F4,C462599C6439D2256C8BF9524973EB28,SAT,True,True,True,7C6FB8C03288380794B939E4064293F4,0.5472188749990892,86.27820787499877,86.82750924999709,120,20736,343408,
pairs,3,2026092203,2,2;5,16,3038FE80E479B85E8FF9943498EFA8A9,7C6FB8C03288380794B939E4064293F4,C462599C6439D2256C8BF9524973EB28,SAT,True,True,True,7C6FB8C03288380794B939E4064293F4,0.5357594589986547,28.482253250000213,29.02035687500029,120,20736,343408,
pairs,3,2026092203,2,2;6,16,3038FE80E479B85E8FF9943498EFA8A9,7C6FB8C03288380794B939E4064293F4,C462599C6439D2256C8BF9524973EB28,SAT,True,True,True,7C6FB8C03288380794B939E4064293F4,0.5974522090000391,58.08115558300051,58.6806302920013,120,20736,343408,
pairs,3,2026092203,2,2;7,16,3038FE80E479B85E8FF9943498EFA8A9,7C6FB8C03288380794B939E4064293F4,C462599C6439D2256C8BF9524973EB28,SAT,True,True,True,7C6FB8C03288380794B939E4064293F4,0.5344467499999155,61.56293304100109,62.099477166000725,120,20736,343408,
pairs,3,2026092203,2,2;8,16,3038FE80E479B85E8FF9943498EFA8A9,7C6FB8C03288380794B939E4064293F4,C462599C6439D2256C8BF9524973EB28,SAT,True,True,True,7C6FB8C03288380794B939E4064293F4,0.5289466249996622,19.042547542001557,19.573633709002024,120,20736,343408,
pairs,3,2026092203,2,2;9,16,3038FE80E479B85E8FF9943498EFA8A9,7C6FB8C03288380794B939E4064293F4,C462599C6439D2256C8BF9524973EB28,SAT,True,True,True,7C6FB8C03288380794B939E4064293F4,0.5640210829988064,106.7198018750023,107.28606591700009,120,20736,343408,
pairs,3,2026092203,2,2;10,16,3038FE80E479B85E8FF9943498EFA8A9,7C6FB8C03288380794B939E4064293F4,C462599C6439D2256C8BF9524973EB28,SAT,True,True,True,7C6FB8C03288380794B939E4064293F4,0.5489414580006269,24.177424749999773,24.728416041001765,120,20736,343408,
pairs,3,2026092203,2,2;11,16,3038FE80E479B85E8FF9943498EFA8A9,7C6FB8C03288380794B939E4064293F4,C462599C6439D2256C8BF9524973EB28,SAT,True,True,True,7C6FB8C03288380794B939E4064293F4,0.5635112920026586,111.04303295900172,111.6087812500009,120,20736,343408,
pairs,3,2026092203,2,2;12,16,3038FE80E479B85E8FF9943498EFA8A9,7C6FB8C03288380794B939E4064293F4,C462599C6439D2256C8BF9524973EB28,SAT,True,True,True,7C6FB8C03288380794B939E4064293F4,0.5669440000019677,100.88501029200052,101.45399341699886,120,20736,343408,
pairs,3,2026092203,2,2;13,16,3038FE80E479B85E8FF9943498EFA8A9,7C6FB8C03288380794B939E4064293F4,C462599C6439D2256C8BF9524973EB28,SAT,True,True,True,7C6FB8C03288380794B939E4064293F4,0.5360406250001688,68.06620091599689,68.6042441669997,120,20736,343408,
pairs,3,2026092203,2,2;14,16,3038FE80E479B85E8FF9943498EFA8A9,7C6FB8C03288380794B939E4064293F4,C462599C6439D2256C8BF9524973EB28,SAT,True,True,True,7C6FB8C03288380794B939E4064293F4,0.5352962080032739,28.555055749999156,29.092394249997596,120,20736,343408,
pairs,3,2026092203,2,2;15,16,3038FE80E479B85E8FF9943498EFA8A9,7C6FB8C03288380794B939E4064293F4,C462599C6439D2256C8BF9524973EB28,SAT,True,True,True,7C6FB8C03288380794B939E4064293F4,0.53987670800052,19.289990332999878,19.831910583001445,120,20736,343408,
pairs,3,2026092203,2,3;4,16,3038FE80E479B85E8FF9943498EFA8A9,7C6FB8C03288380794B939E4064293F4,C462599C6439D2256C8BF9524973EB28,SAT,True,True,True,7C6FB8C03288380794B939E4064293F4,0.5405240000000049,51.86058308399879,52.40332720799779,120,20736,343408,
pairs,3,2026092203,2,3;5,16,3038FE80E479B85E8FF9943498EFA8A9,7C6FB8C03288380794B939E4064293F4,C462599C6439D2256C8BF9524973EB28,SAT,True,True,True,7C6FB8C03288380794B939E4064293F4,0.5603667499999574,54.928370416997495,55.49092849999943,120,20736,343408,
pairs,3,2026092203,2,3;6,16,3038FE80E479B85E8FF9943498EFA8A9,7C6FB8C03288380794B939E4064293F4,C462599C6439D2256C8BF9524973EB28,SAT,True,True,True,7C6FB8C03288380794B939E4064293F4,0.5425217079973663,114.5357984580005,115.08051224999872,120,20736,343408,
pairs,3,2026092203,2,3;7,16,3038FE80E479B85E8FF9943498EFA8A9,7C6FB8C03288380794B939E4064293F4,C462599C6439D2256C8BF9524973EB28,SAT,True,True,True,7C6FB8C03288380794B939E4064293F4,0.5495860840019304,64.9291485419999,65.48077687499972,120,20736,343408,
pairs,3,2026092203,2,3;8,16,3038FE80E479B85E8FF9943498EFA8A9,7C6FB8C03288380794B939E4064293F4,C462599C6439D2256C8BF9524973EB28,SAT,True,True,True,7C6FB8C03288380794B939E4064293F4,0.5536404170015885,17.38241329199809,17.93824554100138,120,20736,343408,
pairs,3,2026092203,2,3;9,16,3038FE80E479B85E8FF9943498EFA8A9,7C6FB8C03288380794B939E4064293F4,C462599C6439D2256C8BF9524973EB28,SAT,True,True,True,7C6FB8C03288380794B939E4064293F4,0.5698213750001742,35.64212616700024,36.21376820899968,120,20736,343408,
pairs,3,2026092203,2,3;10,16,3038FE80E479B85E8FF9943498EFA8A9,7C6FB8C03288380794B939E4064293F4,C462599C6439D2256C8BF9524973EB28,SAT,True,True,True,7C6FB8C03288380794B939E4064293F4,0.4688560839967977,39.37311820899777,39.84379358399747,120,20736,343408,
pairs,3,2026092203,2,3;11,16,3038FE80E479B85E8FF9943498EFA8A9,7C6FB8C03288380794B939E4064293F4,C462599C6439D2256C8BF9524973EB28,SAT,True,True,True,7C6FB8C03288380794B939E4064293F4,0.460987958998885,24.49566395900183,24.959069584001554,120,20736,343408,
pairs,3,2026092203,2,3;12,16,3038FE80E479B85E8FF9943498EFA8A9,7C6FB8C03288380794B939E4064293F4,C462599C6439D2256C8BF9524973EB28,SAT,True,True,True,7C6FB8C03288380794B939E4064293F4,0.6373220419991412,8.297546915997373,8.936623291996511,120,20736,343408,
pairs,3,2026092203,2,3;13,16,3038FE80E479B85E8FF9943498EFA8A9,7C6FB8C03288380794B939E4064293F4,C462599C6439D2256C8BF9524973EB28,SAT,True,True,True,7C6FB8C03288380794B939E4064293F4,0.4425857919995906,10.7352027909983,11.179500665999512,120,20736,343408,
pairs,3,2026092203,2,3;14,16,3038FE80E479B85E8FF9943498EFA8A9,7C6FB8C03288380794B939E4064293F4,C462599C6439D2256C8BF9524973EB28,SAT,True,True,True,7C6FB8C03288380794B939E4064293F4,0.4433439999993425,30.940120958002808,31.385198708001553,120,20736,343408,
pairs,3,2026092203,2,3;15,16,3038FE80E479B85E8FF9943498EFA8A9,7C6FB8C03288380794B939E4064293F4,C462599C6439D2256C8BF9524973EB28,SAT,True,True,True,7C6FB8C03288380794B939E4064293F4,0.4503271659996244,82.35888045899992,82.81111166600022,120,20736,343408,
pairs,3,2026092203,2,4;5,16,3038FE80E479B85E8FF9943498EFA8A9,7C6FB8C03288380794B939E4064293F4,C462599C6439D2256C8BF9524973EB28,SAT,True,True,True,7C6FB8C03288380794B939E4064293F4,0.4836073749975185,88.02687208299903,88.51245866599857,120,20736,343408,
pairs,3,2026092203,2,4;6,16,3038FE80E479B85E8FF9943498EFA8A9,7C6FB8C03288380794B939E4064293F4,C462599C6439D2256C8BF9524973EB28,SAT,True,True,True,7C6FB8C03288380794B939E4064293F4,0.4943274580000434,14.560547125001904,15.056827709002391,120,20736,343408,
pairs,3,2026092203,2,4;7,16,3038FE80E479B85E8FF9943498EFA8A9,7C6FB8C03288380794B939E4064293F4,C462599C6439D2256C8BF9524973EB28,SAT,True,True,True,7C6FB8C03288380794B939E4064293F4,0.5166931249987101,36.09555458400064,36.61432391699782,120,20736,343408,
pairs,3,2026092203,2,4;8,16,3038FE80E479B85E8FF9943498EFA8A9,7C6FB8C03288380794B939E4064293F4,C462599C6439D2256C8BF9524973EB28,SAT,True,True,True,7C6FB8C03288380794B939E4064293F4,0.5155233750010666,13.15570820799985,13.67311858299945,120,20736,343408,
pairs,3,2026092203,2,4;9,16,3038FE80E479B85E8FF9943498EFA8A9,7C6FB8C03288380794B939E4064293F4,C462599C6439D2256C8BF9524973EB28,SAT,True,True,True,7C6FB8C03288380794B939E4064293F4,0.49214041699815425,63.82410795800024,64.31825366699923,120,20736,343408,
pairs,3,2026092203,2,4;10,16,3038FE80E479B85E8FF9943498EFA8A9,7C6FB8C03288380794B939E4064293F4,C462599C6439D2256C8BF9524973EB28,SAT,True,True,True,7C6FB8C03288380794B939E4064293F4,0.5097252919986204,56.827043583001796,57.338858084000094,120,20736,343408,
pairs,3,2026092203,2,4;11,16,3038FE80E479B85E8FF9943498EFA8A9,7C6FB8C03288380794B939E4064293F4,C462599C6439D2256C8BF9524973EB28,SAT,True,True,True,7C6FB8C03288380794B939E4064293F4,0.5422893329996441,69.6980896669993,70.24252095799966,120,20736,343408,
pairs,3,2026092203,2,4;12,16,3038FE80E479B85E8FF9943498EFA8A9,7C6FB8C03288380794B939E4064293F4,C462599C6439D2256C8BF9524973EB28,SAT,True,True,True,7C6FB8C03288380794B939E4064293F4,0.5318437499990978,116.76655683400168,117.3003938749971,120,20736,343408,
pairs,3,2026092203,2,4;13,16,3038FE80E479B85E8FF9943498EFA8A9,7C6FB8C03288380794B939E4064293F4,C462599C6439D2256C8BF9524973EB28,SAT,True,True,True,7C6FB8C03288380794B939E4064293F4,0.5553615839999111,36.45761245799804,37.014911750000465,120,20736,343408,
pairs,3,2026092203,2,4;14,16,3038FE80E479B85E8FF9943498EFA8A9,7C6FB8C03288380794B939E4064293F4,C462599C6439D2256C8BF9524973EB28,SAT,True,True,True,7C6FB8C03288380794B939E4064293F4,0.5218456669972511,26.534653082999284,27.05864366700189,120,20736,343408,
pairs,3,2026092203,2,4;15,16,3038FE80E479B85E8FF9943498EFA8A9,7C6FB8C03288380794B939E4064293F4,C462599C6439D2256C8BF9524973EB28,SAT,True,True,True,7C6FB8C03288380794B939E4064293F4,0.5555270410004596,61.68750770900078,62.2450469999967,120,20736,343408,
pairs,3,2026092203,2,5;6,16,3038FE80E479B85E8FF9943498EFA8A9,7C6FB8C03288380794B939E4064293F4,C462599C6439D2256C8BF9524973EB28,SAT,True,True,True,7C6FB8C03288380794B939E4064293F4,0.5283019169983163,54.5033890420018,55.03378083300049,120,20736,343408,
pairs,3,2026092203,2,5;7,16,3038FE80E479B85E8FF9943498EFA8A9,7C6FB8C03288380794B939E4064293F4,C462599C6439D2256C8BF9524973EB28,TIMEOUT,False,False,False,,,,120,120,,,Exceeded timeout of 120 seconds
pairs,3,2026092203,2,5;8,16,3038FE80E479B85E8FF9943498EFA8A9,7C6FB8C03288380794B939E4064293F4,C462599C6439D2256C8BF9524973EB28,SAT,True,True,True,7C6FB8C03288380794B939E4064293F4,0.5861618749986519,45.361585250000644,45.94981566699789,120,20736,343408,
pairs,3,2026092203,2,5;9,16,3038FE80E479B85E8FF9943498EFA8A9,7C6FB8C03288380794B939E4064293F4,C462599C6439D2256C8BF9524973EB28,SAT,True,True,True,7C6FB8C03288380794B939E4064293F4,0.5478967909984931,77.06857029200182,77.61856845800139,120,20736,343408,
pairs,3,2026092203,2,5;10,16,3038FE80E479B85E8FF9943498EFA8A9,7C6FB8C03288380794B939E4064293F4,C462599C6439D2256C8BF9524973EB28,SAT,True,True,True,7C6FB8C03288380794B939E4064293F4,0.5484929169979296,65.50506225000208,66.05563091700242,120,20736,343408,
pairs,3,2026092203,2,5;11,16,3038FE80E479B85E8FF9943498EFA8A9,7C6FB8C03288380794B939E4064293F4,C462599C6439D2256C8BF9524973EB28,SAT,True,True,True,7C6FB8C03288380794B939E4064293F4,0.5426132920001692,63.329802124997514,63.874550832999375,120,20736,343408,
pairs,3,2026092203,2,5;12,16,3038FE80E479B85E8FF9943498EFA8A9,7C6FB8C03288380794B939E4064293F4,C462599C6439D2256C8BF9524973EB28,SAT,True,True,True,7C6FB8C03288380794B939E4064293F4,0.5439847919988097,94.70308808299887,95.24917324999842,120,20736,343408,
pairs,3,2026092203,2,5;13,16,3038FE80E479B85E8FF9943498EFA8A9,7C6FB8C03288380794B939E4064293F4,C462599C6439D2256C8BF9524973EB28,SAT,True,True,True,7C6FB8C03288380794B939E4064293F4,0.5339203330004239,11.493053875001351,12.02892237499691,120,20736,343408,
pairs,3,2026092203,2,5;14,16,3038FE80E479B85E8FF9943498EFA8A9,7C6FB8C03288380794B939E4064293F4,C462599C6439D2256C8BF9524973EB28,SAT,True,True,True,7C6FB8C03288380794B939E4064293F4,0.5254307909999625,24.915219417001936,25.44278524999754,120,20736,343408,
pairs,3,2026092203,2,5;15,16,3038FE80E479B85E8FF9943498EFA8A9,7C6FB8C03288380794B939E4064293F4,C462599C6439D2256C8BF9524973EB28,SAT,True,True,True,7C6FB8C03288380794B939E4064293F4,0.5409429169994837,45.876009832998534,46.41904079199958,120,20736,343408,
pairs,3,2026092203,2,6;7,16,3038FE80E479B85E8FF9943498EFA8A9,7C6FB8C03288380794B939E4064293F4,C462599C6439D2256C8BF9524973EB28,SAT,True,True,True,7C6FB8C03288380794B939E4064293F4,0.544350125001074,51.868154959000094,52.41469908400177,120,20736,343408,
pairs,3,2026092203,2,6;8,16,3038FE80E479B85E8FF9943498EFA8A9,7C6FB8C03288380794B939E4064293F4,C462599C6439D2256C8BF9524973EB28,SAT,True,True,True,7C6FB8C03288380794B939E4064293F4,0.5560792079995736,41.68237924999994,42.2404187500033,120,20736,343408,
pairs,3,2026092203,2,6;9,16,3038FE80E479B85E8FF9943498EFA8A9,7C6FB8C03288380794B939E4064293F4,C462599C6439D2256C8BF9524973EB28,SAT,True,True,True,7C6FB8C03288380794B939E4064293F4,0.530734083000425,62.738030833002995,63.27084470800037,120,20736,343408,
pairs,3,2026092203,2,6;10,16,3038FE80E479B85E8FF9943498EFA8A9,7C6FB8C03288380794B939E4064293F4,C462599C6439D2256C8BF9524973EB28,SAT,True,True,True,7C6FB8C03288380794B939E4064293F4,0.5284526249997725,53.11245087499992,53.643186417000834,120,20736,343408,
pairs,3,2026092203,2,6;11,16,3038FE80E479B85E8FF9943498EFA8A9,7C6FB8C03288380794B939E4064293F4,C462599C6439D2256C8BF9524973EB28,SAT,True,True,True,7C6FB8C03288380794B939E4064293F4,0.5565285409975331,43.48380462500063,44.0425350000005,120,20736,343408,
pairs,3,2026092203,2,6;12,16,3038FE80E479B85E8FF9943498EFA8A9,7C6FB8C03288380794B939E4064293F4,C462599C6439D2256C8BF9524973EB28,SAT,True,True,True,7C6FB8C03288380794B939E4064293F4,0.5340344169999298,87.32522079199771,87.86138191600185,120,20736,343408,
pairs,3,2026092203,2,6;13,16,3038FE80E479B85E8FF9943498EFA8A9,7C6FB8C03288380794B939E4064293F4,C462599C6439D2256C8BF9524973EB28,SAT,True,True,True,7C6FB8C03288380794B939E4064293F4,0.5315949590003584,58.95152391699958,59.48519375000251,120,20736,343408,
pairs,3,2026092203,2,6;14,16,3038FE80E479B85E8FF9943498EFA8A9,7C6FB8C03288380794B939E4064293F4,C462599C6439D2256C8BF9524973EB28,SAT,True,True,True,7C6FB8C03288380794B939E4064293F4,0.5297729160010931,35.31363391699779,35.84553245799907,120,20736,343408,
pairs,3,2026092203,2,6;15,16,3038FE80E479B85E8FF9943498EFA8A9,7C6FB8C03288380794B939E4064293F4,C462599C6439D2256C8BF9524973EB28,SAT,True,True,True,7C6FB8C03288380794B939E4064293F4,0.5398217500005558,41.76370791700174,42.30544887499855,120,20736,343408,
pairs,3,2026092203,2,7;8,16,3038FE80E479B85E8FF9943498EFA8A9,7C6FB8C03288380794B939E4064293F4,C462599C6439D2256C8BF9524973EB28,SAT,True,True,True,7C6FB8C03288380794B939E4064293F4,0.47660075000021607,6.952405707997968,7.431046833000437,120,20736,343408,
pairs,3,2026092203,2,7;9,16,3038FE80E479B85E8FF9943498EFA8A9,7C6FB8C03288380794B939E4064293F4,C462599C6439D2256C8BF9524973EB28,SAT,True,True,True,7C6FB8C03288380794B939E4064293F4,0.5305415830007405,77.45212979200005,77.98473925000144,120,20736,343408,
pairs,3,2026092203,2,7;10,16,3038FE80E479B85E8FF9943498EFA8A9,7C6FB8C03288380794B939E4064293F4,C462599C6439D2256C8BF9524973EB28,SAT,True,True,True,7C6FB8C03288380794B939E4064293F4,0.5459303749994433,65.31497762500294,65.86299191599755,120,20736,343408,
pairs,3,2026092203,2,7;11,16,3038FE80E479B85E8FF9943498EFA8A9,7C6FB8C03288380794B939E4064293F4,C462599C6439D2256C8BF9524973EB28,SAT,True,True,True,7C6FB8C03288380794B939E4064293F4,0.5454625839993241,77.69594183299705,78.24363774999802,120,20736,343408,
pairs,3,2026092203,2,7;12,16,3038FE80E479B85E8FF9943498EFA8A9,7C6FB8C03288380794B939E4064293F4,C462599C6439D2256C8BF9524973EB28,SAT,True,True,True,7C6FB8C03288380794B939E4064293F4,0.533504292001453,18.329349167001055,18.864889291999134,120,20736,343408,
pairs,3,2026092203,2,7;13,16,3038FE80E479B85E8FF9943498EFA8A9,7C6FB8C03288380794B939E4064293F4,C462599C6439D2256C8BF9524973EB28,SAT,True,True,True,7C6FB8C03288380794B939E4064293F4,0.5361573340014729,11.222883999998885,11.761096416998043,120,20736,343408,
pairs,3,2026092203,2,7;14,16,3038FE80E479B85E8FF9943498EFA8A9,7C6FB8C03288380794B939E4064293F4,C462599C6439D2256C8BF9524973EB28,SAT,True,True,True,7C6FB8C03288380794B939E4064293F4,0.5266362920010579,86.7373817919979,87.26622541699908,120,20736,343408,
pairs,3,2026092203,2,7;15,16,3038FE80E479B85E8FF9943498EFA8A9,7C6FB8C03288380794B939E4064293F4,C462599C6439D2256C8BF9524973EB28,SAT,True,True,True,7C6FB8C03288380794B939E4064293F4,0.5368314999941504,35.776637374998245,36.31560933400033,120,20736,343408,
pairs,3,2026092203,2,8;9,16,3038FE80E479B85E8FF9943498EFA8A9,7C6FB8C03288380794B939E4064293F4,C462599C6439D2256C8BF9524973EB28,SAT,True,True,True,7C6FB8C03288380794B939E4064293F4,0.525998624994827,54.70141549999971,55.229715792003844,120,20736,343408,
pairs,3,2026092203,2,8;10,16,3038FE80E479B85E8FF9943498EFA8A9,7C6FB8C03288380794B939E4064293F4,C462599C6439D2256C8BF9524973EB28,SAT,True,True,True,7C6FB8C03288380794B939E4064293F4,0.5475616250041639,91.52362320799875,92.07339083399711,120,20736,343408,
pairs,3,2026092203,2,8;11,16,3038FE80E479B85E8FF9943498EFA8A9,7C6FB8C03288380794B939E4064293F4,C462599C6439D2256C8BF9524973EB28,SAT,True,True,True,7C6FB8C03288380794B939E4064293F4,0.5796135830023559,15.19368541699805,15.775364041997818,120,20736,343408,
pairs,3,2026092203,2,8;12,16,3038FE80E479B85E8FF9943498EFA8A9,7C6FB8C03288380794B939E4064293F4,C462599C6439D2256C8BF9524973EB28,SAT,True,True,True,7C6FB8C03288380794B939E4064293F4,0.5329127080040053,33.016328124998836,33.5513762499977,120,20736,343408,
pairs,3,2026092203,2,8;13,16,3038FE80E479B85E8FF9943498EFA8A9,7C6FB8C03288380794B939E4064293F4,C462599C6439D2256C8BF9524973EB28,SAT,True,True,True,7C6FB8C03288380794B939E4064293F4,0.5294471670058556,6.513577875004557,7.045077249997121,120,20736,343408,
pairs,3,2026092203,2,8;14,16,3038FE80E479B85E8FF9943498EFA8A9,7C6FB8C03288380794B939E4064293F4,C462599C6439D2256C8BF9524973EB28,SAT,True,True,True,7C6FB8C03288380794B939E4064293F4,0.52998716699949,14.659198916997411,15.191242125001736,120,20736,343408,
pairs,3,2026092203,2,8;15,16,3038FE80E479B85E8FF9943498EFA8A9,7C6FB8C03288380794B939E4064293F4,C462599C6439D2256C8BF9524973EB28,SAT,True,True,True,7C6FB8C03288380794B939E4064293F4,0.5250609590002568,50.51214579099906,51.03947150000022,120,20736,343408,
pairs,3,2026092203,2,9;10,16,3038FE80E479B85E8FF9943498EFA8A9,7C6FB8C03288380794B939E4064293F4,C462599C6439D2256C8BF9524973EB28,SAT,True,True,True,7C6FB8C03288380794B939E4064293F4,0.5407705420002458,42.365542916995764,42.90843895800208,120,20736,343408,
pairs,3,2026092203,2,9;11,16,3038FE80E479B85E8FF9943498EFA8A9,7C6FB8C03288380794B939E4064293F4,C462599C6439D2256C8BF9524973EB28,SAT,True,True,True,7C6FB8C03288380794B939E4064293F4,0.5310758749983506,109.15130533400225,109.68440358299995,120,20736,343408,
pairs,3,2026092203,2,9;12,16,3038FE80E479B85E8FF9943498EFA8A9,7C6FB8C03288380794B939E4064293F4,C462599C6439D2256C8BF9524973EB28,SAT,True,True,True,7C6FB8C03288380794B939E4064293F4,0.5371717910020379,94.68529412499629,95.2245129169969,120,20736,343408,
pairs,3,2026092203,2,9;13,16,3038FE80E479B85E8FF9943498EFA8A9,7C6FB8C03288380794B939E4064293F4,C462599C6439D2256C8BF9524973EB28,SAT,True,True,True,7C6FB8C03288380794B939E4064293F4,0.5292367500005639,57.28485929100134,57.81626462499844,120,20736,343408,
pairs,3,2026092203,2,9;14,16,3038FE80E479B85E8FF9943498EFA8A9,7C6FB8C03288380794B939E4064293F4,C462599C6439D2256C8BF9524973EB28,SAT,True,True,True,7C6FB8C03288380794B939E4064293F4,0.5341390419998788,47.73701704200357,48.27334274999885,120,20736,343408,
pairs,3,2026092203,2,9;15,16,3038FE80E479B85E8FF9943498EFA8A9,7C6FB8C03288380794B939E4064293F4,C462599C6439D2256C8BF9524973EB28,SAT,True,True,True,7C6FB8C03288380794B939E4064293F4,0.5810918329952983,51.12521508300415,51.70846504200017,120,20736,343408,
pairs,3,2026092203,2,10;11,16,3038FE80E479B85E8FF9943498EFA8A9,7C6FB8C03288380794B939E4064293F4,C462599C6439D2256C8BF9524973EB28,SAT,True,True,True,7C6FB8C03288380794B939E4064293F4,0.5582027090058546,41.90906220799661,42.469403208000585,120,20736,343408,
pairs,3,2026092203,2,10;12,16,3038FE80E479B85E8FF9943498EFA8A9,7C6FB8C03288380794B939E4064293F4,C462599C6439D2256C8BF9524973EB28,SAT,True,True,True,7C6FB8C03288380794B939E4064293F4,0.5509692080013338,77.15920124999684,77.71217074999731,120,20736,343408,
pairs,3,2026092203,2,10;13,16,3038FE80E479B85E8FF9943498EFA8A9,7C6FB8C03288380794B939E4064293F4,C462599C6439D2256C8BF9524973EB28,SAT,True,True,True,7C6FB8C03288380794B939E4064293F4,0.5138044579944108,14.670918750001874,15.18668699999398,120,20736,343408,
pairs,3,2026092203,2,10;14,16,3038FE80E479B85E8FF9943498EFA8A9,7C6FB8C03288380794B939E4064293F4,C462599C6439D2256C8BF9524973EB28,SAT,True,True,True,7C6FB8C03288380794B939E4064293F4,0.5086243749974528,63.62046654200094,64.13119629100402,120,20736,343408,
pairs,3,2026092203,2,10;15,16,3038FE80E479B85E8FF9943498EFA8A9,7C6FB8C03288380794B939E4064293F4,C462599C6439D2256C8BF9524973EB28,SAT,True,True,True,7C6FB8C03288380794B939E4064293F4,0.5368516250018729,76.659488917001,77.19841933299904,120,20736,343408,
pairs,3,2026092203,2,11;12,16,3038FE80E479B85E8FF9943498EFA8A9,7C6FB8C03288380794B939E4064293F4,C462599C6439D2256C8BF9524973EB28,SAT,True,True,True,7C6FB8C03288380794B939E4064293F4,0.5412277089999407,71.7505517499958,72.29388116599876,120,20736,343408,
pairs,3,2026092203,2,11;13,16,3038FE80E479B85E8FF9943498EFA8A9,7C6FB8C03288380794B939E4064293F4,C462599C6439D2256C8BF9524973EB28,SAT,True,True,True,7C6FB8C03288380794B939E4064293F4,0.5286915839969879,90.03010000000359,90.56097554099688,120,20736,343408,
pairs,3,2026092203,2,11;14,16,3038FE80E479B85E8FF9943498EFA8A9,7C6FB8C03288380794B939E4064293F4,C462599C6439D2256C8BF9524973EB28,SAT,True,True,True,7C6FB8C03288380794B939E4064293F4,0.5534418340030243,49.18764183299936,49.74316362499667,120,20736,343408,
pairs,3,2026092203,2,11;15,16,3038FE80E479B85E8FF9943498EFA8A9,7C6FB8C03288380794B939E4064293F4,C462599C6439D2256C8BF9524973EB28,SAT,True,True,True,7C6FB8C03288380794B939E4064293F4,0.5401175000006333,33.27605487500114,33.81836016700254,120,20736,343408,
pairs,3,2026092203,2,12;13,16,3038FE80E479B85E8FF9943498EFA8A9,7C6FB8C03288380794B939E4064293F4,C462599C6439D2256C8BF9524973EB28,SAT,True,True,True,7C6FB8C03288380794B939E4064293F4,0.5853167500026757,10.43567054199957,11.023037416998704,120,20736,343408,
pairs,3,2026092203,2,12;14,16,3038FE80E479B85E8FF9943498EFA8A9,7C6FB8C03288380794B939E4064293F4,C462599C6439D2256C8BF9524973EB28,TIMEOUT,False,False,False,,,,120,120,,,Exceeded timeout of 120 seconds
pairs,3,2026092203,2,12;15,16,3038FE80E479B85E8FF9943498EFA8A9,7C6FB8C03288380794B939E4064293F4,C462599C6439D2256C8BF9524973EB28,SAT,True,True,True,7C6FB8C03288380794B939E4064293F4,0.5574668330009445,66.86244758399698,67.42199704200175,120,20736,343408,
pairs,3,2026092203,2,13;14,16,3038FE80E479B85E8FF9943498EFA8A9,7C6FB8C03288380794B939E4064293F4,C462599C6439D2256C8BF9524973EB28,SAT,True,True,True,7C6FB8C03288380794B939E4064293F4,0.5144863329987857,25.984589291998418,26.5012729999944,120,20736,343408,
pairs,3,2026092203,2,13;15,16,3038FE80E479B85E8FF9943498EFA8A9,7C6FB8C03288380794B939E4064293F4,C462599C6439D2256C8BF9524973EB28,SAT,True,True,True,7C6FB8C03288380794B939E4064293F4,0.5419077080005081,61.28863316599745,61.8326294590006,120,20736,343408,
pairs,3,2026092203,2,14;15,16,3038FE80E479B85E8FF9943498EFA8A9,7C6FB8C03288380794B939E4064293F4,C462599C6439D2256C8BF9524973EB28,SAT,True,True,True,7C6FB8C03288380794B939E4064293F4,0.5318010000046343,53.881900374995894,54.415607500006445,120,20736,343408,
pairs,4,2026092204,2,0;1,16,6CB8F32A29EB4BA55D8FCE21411E4F05,F446D1F6301267C051B6B2EBE614656E,32D28FD4EF8DEAA754F7EBC78DAFCCB9,SAT,True,True,True,F446D1F6301267C051B6B2EBE614656E,0.4904119159982656,68.16923245800717,68.6615402919997,120,20736,343408,
pairs,4,2026092204,2,0;2,16,6CB8F32A29EB4BA55D8FCE21411E4F05,F446D1F6301267C051B6B2EBE614656E,32D28FD4EF8DEAA754F7EBC78DAFCCB9,SAT,True,True,True,F446D1F6301267C051B6B2EBE614656E,0.49288483299460495,23.882890542001405,24.37773224999546,120,20736,343408,
pairs,4,2026092204,2,0;3,16,6CB8F32A29EB4BA55D8FCE21411E4F05,F446D1F6301267C051B6B2EBE614656E,32D28FD4EF8DEAA754F7EBC78DAFCCB9,SAT,True,True,True,F446D1F6301267C051B6B2EBE614656E,0.5349432920047548,41.03853175000404,41.57520029200532,120,20736,343408,
pairs,4,2026092204,2,0;4,16,6CB8F32A29EB4BA55D8FCE21411E4F05,F446D1F6301267C051B6B2EBE614656E,32D28FD4EF8DEAA754F7EBC78DAFCCB9,SAT,True,True,True,F446D1F6301267C051B6B2EBE614656E,0.4488576660005492,45.57672891699622,46.02743829200335,120,20736,343408,
pairs,4,2026092204,2,0;5,16,6CB8F32A29EB4BA55D8FCE21411E4F05,F446D1F6301267C051B6B2EBE614656E,32D28FD4EF8DEAA754F7EBC78DAFCCB9,SAT,True,True,True,F446D1F6301267C051B6B2EBE614656E,0.4706765410010121,37.69739654099976,38.17000750000443,120,20736,343408,
pairs,4,2026092204,2,0;6,16,6CB8F32A29EB4BA55D8FCE21411E4F05,F446D1F6301267C051B6B2EBE614656E,32D28FD4EF8DEAA754F7EBC78DAFCCB9,SAT,True,True,True,F446D1F6301267C051B6B2EBE614656E,0.4986624169978313,56.424736124994524,56.92536020799889,120,20736,343408,
pairs,4,2026092204,2,0;7,16,6CB8F32A29EB4BA55D8FCE21411E4F05,F446D1F6301267C051B6B2EBE614656E,32D28FD4EF8DEAA754F7EBC78DAFCCB9,SAT,True,True,True,F446D1F6301267C051B6B2EBE614656E,0.5141488750014105,108.95693879100145,109.473121832998,120,20736,343408,
pairs,4,2026092204,2,0;8,16,6CB8F32A29EB4BA55D8FCE21411E4F05,F446D1F6301267C051B6B2EBE614656E,32D28FD4EF8DEAA754F7EBC78DAFCCB9,SAT,True,True,True,F446D1F6301267C051B6B2EBE614656E,0.5259364590019686,24.822375667004962,25.350279708000016,120,20736,343408,
pairs,4,2026092204,2,0;9,16,6CB8F32A29EB4BA55D8FCE21411E4F05,F446D1F6301267C051B6B2EBE614656E,32D28FD4EF8DEAA754F7EBC78DAFCCB9,SAT,True,True,True,F446D1F6301267C051B6B2EBE614656E,0.5233426660051919,106.60261137499765,107.12796204099868,120,20736,343408,
pairs,4,2026092204,2,0;10,16,6CB8F32A29EB4BA55D8FCE21411E4F05,F446D1F6301267C051B6B2EBE614656E,32D28FD4EF8DEAA754F7EBC78DAFCCB9,SAT,True,True,True,F446D1F6301267C051B6B2EBE614656E,0.5276483749985346,21.970866457995726,22.500558874999115,120,20736,343408,
pairs,4,2026092204,2,0;11,16,6CB8F32A29EB4BA55D8FCE21411E4F05,F446D1F6301267C051B6B2EBE614656E,32D28FD4EF8DEAA754F7EBC78DAFCCB9,SAT,True,True,True,F446D1F6301267C051B6B2EBE614656E,0.5273908330054837,51.80019604200061,52.32968587499636,120,20736,343408,
pairs,4,2026092204,2,0;12,16,6CB8F32A29EB4BA55D8FCE21411E4F05,F446D1F6301267C051B6B2EBE614656E,32D28FD4EF8DEAA754F7EBC78DAFCCB9,SAT,True,True,True,F446D1F6301267C051B6B2EBE614656E,0.5315788330044597,90.45115991700004,90.9849233329951,120,20736,343408,
pairs,4,2026092204,2,0;13,16,6CB8F32A29EB4BA55D8FCE21411E4F05,F446D1F6301267C051B6B2EBE614656E,32D28FD4EF8DEAA754F7EBC78DAFCCB9,SAT,True,True,True,F446D1F6301267C051B6B2EBE614656E,0.5398601250053616,37.66445841699897,38.20649633400171,120,20736,343408,
pairs,4,2026092204,2,0;14,16,6CB8F32A29EB4BA55D8FCE21411E4F05,F446D1F6301267C051B6B2EBE614656E,32D28FD4EF8DEAA754F7EBC78DAFCCB9,SAT,True,True,True,F446D1F6301267C051B6B2EBE614656E,0.5390290419964003,42.488468292001926,43.029492540998035,120,20736,343408,
pairs,4,2026092204,2,0;15,16,6CB8F32A29EB4BA55D8FCE21411E4F05,F446D1F6301267C051B6B2EBE614656E,32D28FD4EF8DEAA754F7EBC78DAFCCB9,SAT,True,True,True,F446D1F6301267C051B6B2EBE614656E,0.5372131670010276,89.78349058399908,90.32286554099846,120,20736,343408,
pairs,4,2026092204,2,1;2,16,6CB8F32A29EB4BA55D8FCE21411E4F05,F446D1F6301267C051B6B2EBE614656E,32D28FD4EF8DEAA754F7EBC78DAFCCB9,SAT,True,True,True,F446D1F6301267C051B6B2EBE614656E,0.5314647090053768,66.43416679200163,66.96766420800122,120,20736,343408,
pairs,4,2026092204,2,1;3,16,6CB8F32A29EB4BA55D8FCE21411E4F05,F446D1F6301267C051B6B2EBE614656E,32D28FD4EF8DEAA754F7EBC78DAFCCB9,SAT,True,True,True,F446D1F6301267C051B6B2EBE614656E,0.5297444579991861,65.24573149999924,65.77758549999999,120,20736,343408,
pairs,4,2026092204,2,1;4,16,6CB8F32A29EB4BA55D8FCE21411E4F05,F446D1F6301267C051B6B2EBE614656E,32D28FD4EF8DEAA754F7EBC78DAFCCB9,SAT,True,True,True,F446D1F6301267C051B6B2EBE614656E,0.5402176249990589,10.41477483399649,10.956955333000224,120,20736,343408,
pairs,4,2026092204,2,1;5,16,6CB8F32A29EB4BA55D8FCE21411E4F05,F446D1F6301267C051B6B2EBE614656E,32D28FD4EF8DEAA754F7EBC78DAFCCB9,SAT,True,True,True,F446D1F6301267C051B6B2EBE614656E,0.5504927920046612,41.69024741699832,42.24296754199895,120,20736,343408,
pairs,4,2026092204,2,1;6,16,6CB8F32A29EB4BA55D8FCE21411E4F05,F446D1F6301267C051B6B2EBE614656E,32D28FD4EF8DEAA754F7EBC78DAFCCB9,SAT,True,True,True,F446D1F6301267C051B6B2EBE614656E,0.55374558299809,26.757997417000297,27.313876750005875,120,20736,343408,
pairs,4,2026092204,2,1;7,16,6CB8F32A29EB4BA55D8FCE21411E4F05,F446D1F6301267C051B6B2EBE614656E,32D28FD4EF8DEAA754F7EBC78DAFCCB9,SAT,True,True,True,F446D1F6301267C051B6B2EBE614656E,0.5524528330061003,29.866195041002356,30.420845250002458,120,20736,343408,
pairs,4,2026092204,2,1;8,16,6CB8F32A29EB4BA55D8FCE21411E4F05,F446D1F6301267C051B6B2EBE614656E,32D28FD4EF8DEAA754F7EBC78DAFCCB9,SAT,True,True,True,F446D1F6301267C051B6B2EBE614656E,0.5748338330013212,113.8554780830018,114.43251437500294,120,20736,343408,
pairs,4,2026092204,2,1;9,16,6CB8F32A29EB4BA55D8FCE21411E4F05,F446D1F6301267C051B6B2EBE614656E,32D28FD4EF8DEAA754F7EBC78DAFCCB9,SAT,True,True,True,F446D1F6301267C051B6B2EBE614656E,0.5832551249986864,67.0497272079956,67.63527229200554,120,20736,343408,
pairs,4,2026092204,2,1;10,16,6CB8F32A29EB4BA55D8FCE21411E4F05,F446D1F6301267C051B6B2EBE614656E,32D28FD4EF8DEAA754F7EBC78DAFCCB9,SAT,True,True,True,F446D1F6301267C051B6B2EBE614656E,0.5455492080000113,57.85029383299843,58.397996207997494,120,20736,343408,
pairs,4,2026092204,2,1;11,16,6CB8F32A29EB4BA55D8FCE21411E4F05,F446D1F6301267C051B6B2EBE614656E,32D28FD4EF8DEAA754F7EBC78DAFCCB9,SAT,True,True,True,F446D1F6301267C051B6B2EBE614656E,0.540572500001872,34.10436233299697,34.647021167002094,120,20736,343408,
pairs,4,2026092204,2,1;12,16,6CB8F32A29EB4BA55D8FCE21411E4F05,F446D1F6301267C051B6B2EBE614656E,32D28FD4EF8DEAA754F7EBC78DAFCCB9,SAT,True,True,True,F446D1F6301267C051B6B2EBE614656E,0.5430940000005648,41.505914665998716,42.051167124998756,120,20736,343408,
pairs,4,2026092204,2,1;13,16,6CB8F32A29EB4BA55D8FCE21411E4F05,F446D1F6301267C051B6B2EBE614656E,32D28FD4EF8DEAA754F7EBC78DAFCCB9,SAT,True,True,True,F446D1F6301267C051B6B2EBE614656E,0.5483940830017673,9.433208958995237,9.983634333999362,120,20736,343408,
pairs,4,2026092204,2,1;14,16,6CB8F32A29EB4BA55D8FCE21411E4F05,F446D1F6301267C051B6B2EBE614656E,32D28FD4EF8DEAA754F7EBC78DAFCCB9,SAT,True,True,True,F446D1F6301267C051B6B2EBE614656E,0.5244719170004828,34.94475208299991,35.47125416700146,120,20736,343408,
pairs,4,2026092204,2,1;15,16,6CB8F32A29EB4BA55D8FCE21411E4F05,F446D1F6301267C051B6B2EBE614656E,32D28FD4EF8DEAA754F7EBC78DAFCCB9,SAT,True,True,True,F446D1F6301267C051B6B2EBE614656E,0.534768666002492,57.32182541600196,57.858795250002004,120,20736,343408,
pairs,4,2026092204,2,2;3,16,6CB8F32A29EB4BA55D8FCE21411E4F05,F446D1F6301267C051B6B2EBE614656E,32D28FD4EF8DEAA754F7EBC78DAFCCB9,SAT,True,True,True,F446D1F6301267C051B6B2EBE614656E,0.5464391249988694,59.295938125003886,59.844487416004995,120,20736,343408,
pairs,4,2026092204,2,2;4,16,6CB8F32A29EB4BA55D8FCE21411E4F05,F446D1F6301267C051B6B2EBE614656E,32D28FD4EF8DEAA754F7EBC78DAFCCB9,SAT,True,True,True,F446D1F6301267C051B6B2EBE614656E,0.5309032080040197,30.702343874996586,31.235340459003055,120,20736,343408,
pairs,4,2026092204,2,2;5,16,6CB8F32A29EB4BA55D8FCE21411E4F05,F446D1F6301267C051B6B2EBE614656E,32D28FD4EF8DEAA754F7EBC78DAFCCB9,SAT,True,True,True,F446D1F6301267C051B6B2EBE614656E,0.5463476670047385,91.90540983399842,92.45402462499624,120,20736,343408,
pairs,4,2026092204,2,2;6,16,6CB8F32A29EB4BA55D8FCE21411E4F05,F446D1F6301267C051B6B2EBE614656E,32D28FD4EF8DEAA754F7EBC78DAFCCB9,SAT,True,True,True,F446D1F6301267C051B6B2EBE614656E,0.5730735000033746,85.7208942080033,86.29615200000262,120,20736,343408,
pairs,4,2026092204,2,2;7,16,6CB8F32A29EB4BA55D8FCE21411E4F05,F446D1F6301267C051B6B2EBE614656E,32D28FD4EF8DEAA754F7EBC78DAFCCB9,SAT,True,True,True,F446D1F6301267C051B6B2EBE614656E,0.578823875002854,108.75515170799918,109.33606845900067,120,20736,343408,
pairs,4,2026092204,2,2;8,16,6CB8F32A29EB4BA55D8FCE21411E4F05,F446D1F6301267C051B6B2EBE614656E,32D28FD4EF8DEAA754F7EBC78DAFCCB9,SAT,True,True,True,F446D1F6301267C051B6B2EBE614656E,0.543228333001025,108.47458929199638,109.01990108299651,120,20736,343408,
pairs,4,2026092204,2,2;9,16,6CB8F32A29EB4BA55D8FCE21411E4F05,F446D1F6301267C051B6B2EBE614656E,32D28FD4EF8DEAA754F7EBC78DAFCCB9,SAT,True,True,True,F446D1F6301267C051B6B2EBE614656E,0.5303725419944385,71.12905691699416,71.66150570800528,120,20736,343408,
pairs,4,2026092204,2,2;10,16,6CB8F32A29EB4BA55D8FCE21411E4F05,F446D1F6301267C051B6B2EBE614656E,32D28FD4EF8DEAA754F7EBC78DAFCCB9,SAT,True,True,True,F446D1F6301267C051B6B2EBE614656E,0.5315143330008141,109.42142312499345,109.95508508299827,120,20736,343408,
pairs,4,2026092204,2,2;11,16,6CB8F32A29EB4BA55D8FCE21411E4F05,F446D1F6301267C051B6B2EBE614656E,32D28FD4EF8DEAA754F7EBC78DAFCCB9,SAT,True,True,True,F446D1F6301267C051B6B2EBE614656E,0.5416869170003338,55.47067550000065,56.01436241600459,120,20736,343408,
pairs,4,2026092204,2,2;12,16,6CB8F32A29EB4BA55D8FCE21411E4F05,F446D1F6301267C051B6B2EBE614656E,32D28FD4EF8DEAA754F7EBC78DAFCCB9,SAT,True,True,True,F446D1F6301267C051B6B2EBE614656E,0.5100613329996122,61.474389625000185,61.986546083004214,120,20736,343408,
pairs,4,2026092204,2,2;13,16,6CB8F32A29EB4BA55D8FCE21411E4F05,F446D1F6301267C051B6B2EBE614656E,32D28FD4EF8DEAA754F7EBC78DAFCCB9,SAT,True,True,True,F446D1F6301267C051B6B2EBE614656E,0.5423750000045402,46.324016999999,46.868508458996075,120,20736,343408,
pairs,4,2026092204,2,2;14,16,6CB8F32A29EB4BA55D8FCE21411E4F05,F446D1F6301267C051B6B2EBE614656E,32D28FD4EF8DEAA754F7EBC78DAFCCB9,SAT,True,True,True,F446D1F6301267C051B6B2EBE614656E,0.5205952909964253,99.36626920799608,99.88897395799722,120,20736,343408,
pairs,4,2026092204,2,2;15,16,6CB8F32A29EB4BA55D8FCE21411E4F05,F446D1F6301267C051B6B2EBE614656E,32D28FD4EF8DEAA754F7EBC78DAFCCB9,SAT,True,True,True,F446D1F6301267C051B6B2EBE614656E,0.5286178329988616,39.853691250005795,40.38445158400282,120,20736,343408,
pairs,4,2026092204,2,3;4,16,6CB8F32A29EB4BA55D8FCE21411E4F05,F446D1F6301267C051B6B2EBE614656E,32D28FD4EF8DEAA754F7EBC78DAFCCB9,SAT,True,True,True,F446D1F6301267C051B6B2EBE614656E,0.5343742500044755,82.14092908400198,82.67746979199728,120,20736,343408,
pairs,4,2026092204,2,3;5,16,6CB8F32A29EB4BA55D8FCE21411E4F05,F446D1F6301267C051B6B2EBE614656E,32D28FD4EF8DEAA754F7EBC78DAFCCB9,SAT,True,True,True,F446D1F6301267C051B6B2EBE614656E,0.5360910829986096,61.205410166003276,61.74373454199667,120,20736,343408,
pairs,4,2026092204,2,3;6,16,6CB8F32A29EB4BA55D8FCE21411E4F05,F446D1F6301267C051B6B2EBE614656E,32D28FD4EF8DEAA754F7EBC78DAFCCB9,SAT,True,True,True,F446D1F6301267C051B6B2EBE614656E,0.5427425829984713,85.30815033300314,85.85298062500078,120,20736,343408,
pairs,4,2026092204,2,3;7,16,6CB8F32A29EB4BA55D8FCE21411E4F05,F446D1F6301267C051B6B2EBE614656E,32D28FD4EF8DEAA754F7EBC78DAFCCB9,SAT,True,True,True,F446D1F6301267C051B6B2EBE614656E,0.5301352080059587,97.00739462499769,97.53973920900171,120,20736,343408,
pairs,4,2026092204,2,3;8,16,6CB8F32A29EB4BA55D8FCE21411E4F05,F446D1F6301267C051B6B2EBE614656E,32D28FD4EF8DEAA754F7EBC78DAFCCB9,SAT,True,True,True,F446D1F6301267C051B6B2EBE614656E,0.5600927080013207,67.2111677080029,67.77340166700014,120,20736,343408,
pairs,4,2026092204,2,3;9,16,6CB8F32A29EB4BA55D8FCE21411E4F05,F446D1F6301267C051B6B2EBE614656E,32D28FD4EF8DEAA754F7EBC78DAFCCB9,SAT,True,True,True,F446D1F6301267C051B6B2EBE614656E,0.5491930420030258,101.63101845799974,102.18236579199584,120,20736,343408,
pairs,4,2026092204,2,3;10,16,6CB8F32A29EB4BA55D8FCE21411E4F05,F446D1F6301267C051B6B2EBE614656E,32D28FD4EF8DEAA754F7EBC78DAFCCB9,SAT,True,True,True,F446D1F6301267C051B6B2EBE614656E,0.5337167910038261,89.23597695799981,89.77190791699832,120,20736,343408,
pairs,4,2026092204,2,3;11,16,6CB8F32A29EB4BA55D8FCE21411E4F05,F446D1F6301267C051B6B2EBE614656E,32D28FD4EF8DEAA754F7EBC78DAFCCB9,SAT,True,True,True,F446D1F6301267C051B6B2EBE614656E,0.5536708329964313,54.9121778339977,55.467974042003334,120,20736,343408,
pairs,4,2026092204,2,3;12,16,6CB8F32A29EB4BA55D8FCE21411E4F05,F446D1F6301267C051B6B2EBE614656E,32D28FD4EF8DEAA754F7EBC78DAFCCB9,SAT,True,True,True,F446D1F6301267C051B6B2EBE614656E,0.5408400829983293,40.42421445799846,40.967227332999755,120,20736,343408,
pairs,4,2026092204,2,3;13,16,6CB8F32A29EB4BA55D8FCE21411E4F05,F446D1F6301267C051B6B2EBE614656E,32D28FD4EF8DEAA754F7EBC78DAFCCB9,SAT,True,True,True,F446D1F6301267C051B6B2EBE614656E,0.527462458005175,85.43420629200409,85.9639059580004,120,20736,343408,
pairs,4,2026092204,2,3;14,16,6CB8F32A29EB4BA55D8FCE21411E4F05,F446D1F6301267C051B6B2EBE614656E,32D28FD4EF8DEAA754F7EBC78DAFCCB9,SAT,True,True,True,F446D1F6301267C051B6B2EBE614656E,0.5501989170006709,90.12577891600085,90.67792149999877,120,20736,343408,
pairs,4,2026092204,2,3;15,16,6CB8F32A29EB4BA55D8FCE21411E4F05,F446D1F6301267C051B6B2EBE614656E,32D28FD4EF8DEAA754F7EBC78DAFCCB9,SAT,True,True,True,F446D1F6301267C051B6B2EBE614656E,0.5420144169984269,84.71733891699841,85.26161645800312,120,20736,343408,
pairs,4,2026092204,2,4;5,16,6CB8F32A29EB4BA55D8FCE21411E4F05,F446D1F6301267C051B6B2EBE614656E,32D28FD4EF8DEAA754F7EBC78DAFCCB9,SAT,True,True,True,F446D1F6301267C051B6B2EBE614656E,0.5552382080059033,10.051347957996768,10.608535166000365,120,20736,343408,
pairs,4,2026092204,2,4;6,16,6CB8F32A29EB4BA55D8FCE21411E4F05,F446D1F6301267C051B6B2EBE614656E,32D28FD4EF8DEAA754F7EBC78DAFCCB9,SAT,True,True,True,F446D1F6301267C051B6B2EBE614656E,0.5153632919973461,54.75950466699578,55.27695629200025,120,20736,343408,
pairs,4,2026092204,2,4;7,16,6CB8F32A29EB4BA55D8FCE21411E4F05,F446D1F6301267C051B6B2EBE614656E,32D28FD4EF8DEAA754F7EBC78DAFCCB9,SAT,True,True,True,F446D1F6301267C051B6B2EBE614656E,0.5459354169943254,17.646523250004975,18.19459808299871,120,20736,343408,
pairs,4,2026092204,2,4;8,16,6CB8F32A29EB4BA55D8FCE21411E4F05,F446D1F6301267C051B6B2EBE614656E,32D28FD4EF8DEAA754F7EBC78DAFCCB9,TIMEOUT,False,False,False,,,,120,120,,,Exceeded timeout of 120 seconds
pairs,4,2026092204,2,4;9,16,6CB8F32A29EB4BA55D8FCE21411E4F05,F446D1F6301267C051B6B2EBE614656E,32D28FD4EF8DEAA754F7EBC78DAFCCB9,SAT,True,True,True,F446D1F6301267C051B6B2EBE614656E,0.5493227500046487,75.72311395900033,76.2744859999948,120,20736,343408,
pairs,4,2026092204,2,4;10,16,6CB8F32A29EB4BA55D8FCE21411E4F05,F446D1F6301267C051B6B2EBE614656E,32D28FD4EF8DEAA754F7EBC78DAFCCB9,SAT,True,True,True,F446D1F6301267C051B6B2EBE614656E,0.5384361670003273,73.20812687500438,73.74877795900102,120,20736,343408,
pairs,4,2026092204,2,4;11,16,6CB8F32A29EB4BA55D8FCE21411E4F05,F446D1F6301267C051B6B2EBE614656E,32D28FD4EF8DEAA754F7EBC78DAFCCB9,SAT,True,True,True,F446D1F6301267C051B6B2EBE614656E,0.552950042001612,76.30174141599855,76.85678837500018,120,20736,343408,
pairs,4,2026092204,2,4;12,16,6CB8F32A29EB4BA55D8FCE21411E4F05,F446D1F6301267C051B6B2EBE614656E,32D28FD4EF8DEAA754F7EBC78DAFCCB9,SAT,True,True,True,F446D1F6301267C051B6B2EBE614656E,0.5533712500036927,47.92488870899979,48.48022191700147,120,20736,343408,
pairs,4,2026092204,2,4;13,16,6CB8F32A29EB4BA55D8FCE21411E4F05,F446D1F6301267C051B6B2EBE614656E,32D28FD4EF8DEAA754F7EBC78DAFCCB9,SAT,True,True,True,F446D1F6301267C051B6B2EBE614656E,0.45810850000270875,10.200141833003727,10.65998537500127,120,20736,343408,
pairs,4,2026092204,2,4;14,16,6CB8F32A29EB4BA55D8FCE21411E4F05,F446D1F6301267C051B6B2EBE614656E,32D28FD4EF8DEAA754F7EBC78DAFCCB9,SAT,True,True,True,F446D1F6301267C051B6B2EBE614656E,0.45780329200351844,63.29239387499547,63.75195512500068,120,20736,343408,
pairs,4,2026092204,2,4;15,16,6CB8F32A29EB4BA55D8FCE21411E4F05,F446D1F6301267C051B6B2EBE614656E,32D28FD4EF8DEAA754F7EBC78DAFCCB9,TIMEOUT,False,False,False,,,,120,120,,,Exceeded timeout of 120 seconds
pairs,4,2026092204,2,5;6,16,6CB8F32A29EB4BA55D8FCE21411E4F05,F446D1F6301267C051B6B2EBE614656E,32D28FD4EF8DEAA754F7EBC78DAFCCB9,SAT,True,True,True,F446D1F6301267C051B6B2EBE614656E,0.494981916002871,84.2331110840023,84.73017133299436,120,20736,343408,
pairs,4,2026092204,2,5;7,16,6CB8F32A29EB4BA55D8FCE21411E4F05,F446D1F6301267C051B6B2EBE614656E,32D28FD4EF8DEAA754F7EBC78DAFCCB9,SAT,True,True,True,F446D1F6301267C051B6B2EBE614656E,0.512494249996962,20.920652542001335,21.435030291002477,120,20736,343408,
pairs,4,2026092204,2,5;8,16,6CB8F32A29EB4BA55D8FCE21411E4F05,F446D1F6301267C051B6B2EBE614656E,32D28FD4EF8DEAA754F7EBC78DAFCCB9,SAT,True,True,True,F446D1F6301267C051B6B2EBE614656E,0.5026707910001278,87.18334450000111,87.68809304199385,120,20736,343408,
pairs,4,2026092204,2,5;9,16,6CB8F32A29EB4BA55D8FCE21411E4F05,F446D1F6301267C051B6B2EBE614656E,32D28FD4EF8DEAA754F7EBC78DAFCCB9,SAT,True,True,True,F446D1F6301267C051B6B2EBE614656E,0.5254144999998971,99.98024908299703,100.50772595799936,120,20736,343408,
pairs,4,2026092204,2,5;10,16,6CB8F32A29EB4BA55D8FCE21411E4F05,F446D1F6301267C051B6B2EBE614656E,32D28FD4EF8DEAA754F7EBC78DAFCCB9,SAT,True,True,True,F446D1F6301267C051B6B2EBE614656E,0.5102904579980532,108.97348924999824,109.48597904200142,120,20736,343408,
pairs,4,2026092204,2,5;11,16,6CB8F32A29EB4BA55D8FCE21411E4F05,F446D1F6301267C051B6B2EBE614656E,32D28FD4EF8DEAA754F7EBC78DAFCCB9,SAT,True,True,True,F446D1F6301267C051B6B2EBE614656E,0.5793016669995268,66.58428370799811,67.16566816699924,120,20736,343408,
pairs,4,2026092204,2,5;12,16,6CB8F32A29EB4BA55D8FCE21411E4F05,F446D1F6301267C051B6B2EBE614656E,32D28FD4EF8DEAA754F7EBC78DAFCCB9,SAT,True,True,True,F446D1F6301267C051B6B2EBE614656E,0.5273327079994488,17.17318562499713,17.70253295799921,120,20736,343408,
pairs,4,2026092204,2,5;13,16,6CB8F32A29EB4BA55D8FCE21411E4F05,F446D1F6301267C051B6B2EBE614656E,32D28FD4EF8DEAA754F7EBC78DAFCCB9,SAT,True,True,True,F446D1F6301267C051B6B2EBE614656E,0.5279535000008764,8.747307333003846,9.277290124999126,120,20736,343408,
pairs,4,2026092204,2,5;14,16,6CB8F32A29EB4BA55D8FCE21411E4F05,F446D1F6301267C051B6B2EBE614656E,32D28FD4EF8DEAA754F7EBC78DAFCCB9,SAT,True,True,True,F446D1F6301267C051B6B2EBE614656E,0.5505339589944924,35.40840524999658,35.96107629100152,120,20736,343408,
pairs,4,2026092204,2,5;15,16,6CB8F32A29EB4BA55D8FCE21411E4F05,F446D1F6301267C051B6B2EBE614656E,32D28FD4EF8DEAA754F7EBC78DAFCCB9,SAT,True,True,True,F446D1F6301267C051B6B2EBE614656E,0.5311439590004738,24.123164040996926,24.656273250002414,120,20736,343408,
pairs,4,2026092204,2,6;7,16,6CB8F32A29EB4BA55D8FCE21411E4F05,F446D1F6301267C051B6B2EBE614656E,32D28FD4EF8DEAA754F7EBC78DAFCCB9,SAT,True,True,True,F446D1F6301267C051B6B2EBE614656E,0.49045087499689544,11.293352417000278,11.785739958002523,120,20736,343408,
pairs,4,2026092204,2,6;8,16,6CB8F32A29EB4BA55D8FCE21411E4F05,F446D1F6301267C051B6B2EBE614656E,32D28FD4EF8DEAA754F7EBC78DAFCCB9,SAT,True,True,True,F446D1F6301267C051B6B2EBE614656E,0.49111570799868787,70.01787783300097,70.51098987499427,120,20736,343408,
pairs,4,2026092204,2,6;9,16,6CB8F32A29EB4BA55D8FCE21411E4F05,F446D1F6301267C051B6B2EBE614656E,32D28FD4EF8DEAA754F7EBC78DAFCCB9,SAT,True,True,True,F446D1F6301267C051B6B2EBE614656E,0.5241780419964925,35.03761008299625,35.56383533299959,120,20736,343408,
pairs,4,2026092204,2,6;10,16,6CB8F32A29EB4BA55D8FCE21411E4F05,F446D1F6301267C051B6B2EBE614656E,32D28FD4EF8DEAA754F7EBC78DAFCCB9,SAT,True,True,True,F446D1F6301267C051B6B2EBE614656E,0.5292610420001438,49.440715167002054,49.972011582998675,120,20736,343408,
pairs,4,2026092204,2,6;11,16,6CB8F32A29EB4BA55D8FCE21411E4F05,F446D1F6301267C051B6B2EBE614656E,32D28FD4EF8DEAA754F7EBC78DAFCCB9,SAT,True,True,True,F446D1F6301267C051B6B2EBE614656E,0.5385734169976786,109.5863282920036,110.12714962500468,120,20736,343408,
pairs,4,2026092204,2,6;12,16,6CB8F32A29EB4BA55D8FCE21411E4F05,F446D1F6301267C051B6B2EBE614656E,32D28FD4EF8DEAA754F7EBC78DAFCCB9,SAT,True,True,True,F446D1F6301267C051B6B2EBE614656E,0.5456838339960086,18.284313208998356,18.83204824999848,120,20736,343408,
pairs,4,2026092204,2,6;13,16,6CB8F32A29EB4BA55D8FCE21411E4F05,F446D1F6301267C051B6B2EBE614656E,32D28FD4EF8DEAA754F7EBC78DAFCCB9,SAT,True,True,True,F446D1F6301267C051B6B2EBE614656E,0.5274879999997211,21.044265832999372,21.573814207993564,120,20736,343408,
pairs,4,2026092204,2,6;14,16,6CB8F32A29EB4BA55D8FCE21411E4F05,F446D1F6301267C051B6B2EBE614656E,32D28FD4EF8DEAA754F7EBC78DAFCCB9,SAT,True,True,True,F446D1F6301267C051B6B2EBE614656E,0.5458383329969365,92.95427312500397,93.50221041699842,120,20736,343408,
pairs,4,2026092204,2,6;15,16,6CB8F32A29EB4BA55D8FCE21411E4F05,F446D1F6301267C051B6B2EBE614656E,32D28FD4EF8DEAA754F7EBC78DAFCCB9,SAT,True,True,True,F446D1F6301267C051B6B2EBE614656E,0.5450047080012155,24.14504429200315,24.692492791000404,120,20736,343408,
pairs,4,2026092204,2,7;8,16,6CB8F32A29EB4BA55D8FCE21411E4F05,F446D1F6301267C051B6B2EBE614656E,32D28FD4EF8DEAA754F7EBC78DAFCCB9,SAT,True,True,True,F446D1F6301267C051B6B2EBE614656E,0.6313986249951995,14.74859079199814,15.3819288329978,120,20736,343408,
pairs,4,2026092204,2,7;9,16,6CB8F32A29EB4BA55D8FCE21411E4F05,F446D1F6301267C051B6B2EBE614656E,32D28FD4EF8DEAA754F7EBC78DAFCCB9,SAT,True,True,True,F446D1F6301267C051B6B2EBE614656E,0.4927543330049957,63.70233033299883,64.19712337499368,120,20736,343408,
pairs,4,2026092204,2,7;10,16,6CB8F32A29EB4BA55D8FCE21411E4F05,F446D1F6301267C051B6B2EBE614656E,32D28FD4EF8DEAA754F7EBC78DAFCCB9,SAT,True,True,True,F446D1F6301267C051B6B2EBE614656E,0.49514879200432915,45.43186808300379,45.92897562500002,120,20736,343408,
pairs,4,2026092204,2,7;11,16,6CB8F32A29EB4BA55D8FCE21411E4F05,F446D1F6301267C051B6B2EBE614656E,32D28FD4EF8DEAA754F7EBC78DAFCCB9,SAT,True,True,True,F446D1F6301267C051B6B2EBE614656E,0.5264776670010178,30.995097708000685,31.523766250000335,120,20736,343408,
pairs,4,2026092204,2,7;12,16,6CB8F32A29EB4BA55D8FCE21411E4F05,F446D1F6301267C051B6B2EBE614656E,32D28FD4EF8DEAA754F7EBC78DAFCCB9,SAT,True,True,True,F446D1F6301267C051B6B2EBE614656E,0.579823457999737,87.3997105840026,87.98164466599701,120,20736,343408,
pairs,4,2026092204,2,7;13,16,6CB8F32A29EB4BA55D8FCE21411E4F05,F446D1F6301267C051B6B2EBE614656E,32D28FD4EF8DEAA754F7EBC78DAFCCB9,SAT,True,True,True,F446D1F6301267C051B6B2EBE614656E,0.5275287909971667,61.896264832997986,62.42560770899581,120,20736,343408,
pairs,4,2026092204,2,7;14,16,6CB8F32A29EB4BA55D8FCE21411E4F05,F446D1F6301267C051B6B2EBE614656E,32D28FD4EF8DEAA754F7EBC78DAFCCB9,SAT,True,True,True,F446D1F6301267C051B6B2EBE614656E,0.4554767079971498,30.97289649999584,31.430128041996795,120,20736,343408,
pairs,4,2026092204,2,7;15,16,6CB8F32A29EB4BA55D8FCE21411E4F05,F446D1F6301267C051B6B2EBE614656E,32D28FD4EF8DEAA754F7EBC78DAFCCB9,SAT,True,True,True,F446D1F6301267C051B6B2EBE614656E,0.4534719579969533,84.44174125000427,84.8969790830015,120,20736,343408,
pairs,4,2026092204,2,8;9,16,6CB8F32A29EB4BA55D8FCE21411E4F05,F446D1F6301267C051B6B2EBE614656E,32D28FD4EF8DEAA754F7EBC78DAFCCB9,SAT,True,True,True,F446D1F6301267C051B6B2EBE614656E,0.44030620800185716,51.77267766700243,52.21489900000597,120,20736,343408,
pairs,4,2026092204,2,8;10,16,6CB8F32A29EB4BA55D8FCE21411E4F05,F446D1F6301267C051B6B2EBE614656E,32D28FD4EF8DEAA754F7EBC78DAFCCB9,SAT,True,True,True,F446D1F6301267C051B6B2EBE614656E,0.4495952919969568,19.415389000001596,19.866740124998614,120,20736,343408,
pairs,4,2026092204,2,8;11,16,6CB8F32A29EB4BA55D8FCE21411E4F05,F446D1F6301267C051B6B2EBE614656E,32D28FD4EF8DEAA754F7EBC78DAFCCB9,SAT,True,True,True,F446D1F6301267C051B6B2EBE614656E,0.4445238749976852,60.06558454199694,60.511956957998336,120,20736,343408,
pairs,4,2026092204,2,8;12,16,6CB8F32A29EB4BA55D8FCE21411E4F05,F446D1F6301267C051B6B2EBE614656E,32D28FD4EF8DEAA754F7EBC78DAFCCB9,SAT,True,True,True,F446D1F6301267C051B6B2EBE614656E,0.4473104169956059,23.304940084002737,23.75403983399883,120,20736,343408,
pairs,4,2026092204,2,8;13,16,6CB8F32A29EB4BA55D8FCE21411E4F05,F446D1F6301267C051B6B2EBE614656E,32D28FD4EF8DEAA754F7EBC78DAFCCB9,SAT,True,True,True,F446D1F6301267C051B6B2EBE614656E,0.4416626659949543,67.60345591600344,68.0469191250013,120,20736,343408,
pairs,4,2026092204,2,8;14,16,6CB8F32A29EB4BA55D8FCE21411E4F05,F446D1F6301267C051B6B2EBE614656E,32D28FD4EF8DEAA754F7EBC78DAFCCB9,SAT,True,True,True,F446D1F6301267C051B6B2EBE614656E,0.444788790999155,73.3502316249942,73.79684616700251,120,20736,343408,
pairs,4,2026092204,2,8;15,16,6CB8F32A29EB4BA55D8FCE21411E4F05,F446D1F6301267C051B6B2EBE614656E,32D28FD4EF8DEAA754F7EBC78DAFCCB9,SAT,True,True,True,F446D1F6301267C051B6B2EBE614656E,0.44352112500200747,84.33703145899926,84.78233554199687,120,20736,343408,
pairs,4,2026092204,2,9;10,16,6CB8F32A29EB4BA55D8FCE21411E4F05,F446D1F6301267C051B6B2EBE614656E,32D28FD4EF8DEAA754F7EBC78DAFCCB9,SAT,True,True,True,F446D1F6301267C051B6B2EBE614656E,0.44186187499872176,28.34923241600336,28.792814207998163,120,20736,343408,
pairs,4,2026092204,2,9;11,16,6CB8F32A29EB4BA55D8FCE21411E4F05,F446D1F6301267C051B6B2EBE614656E,32D28FD4EF8DEAA754F7EBC78DAFCCB9,SAT,True,True,True,F446D1F6301267C051B6B2EBE614656E,0.4464366250031162,20.46237595900311,20.910538249998353,120,20736,343408,
pairs,4,2026092204,2,9;12,16,6CB8F32A29EB4BA55D8FCE21411E4F05,F446D1F6301267C051B6B2EBE614656E,32D28FD4EF8DEAA754F7EBC78DAFCCB9,SAT,True,True,True,F446D1F6301267C051B6B2EBE614656E,0.4487845420007943,37.05272433399659,37.5032766660006,120,20736,343408,
pairs,4,2026092204,2,9;13,16,6CB8F32A29EB4BA55D8FCE21411E4F05,F446D1F6301267C051B6B2EBE614656E,32D28FD4EF8DEAA754F7EBC78DAFCCB9,SAT,True,True,True,F446D1F6301267C051B6B2EBE614656E,0.44287912500294624,26.530727334000403,26.97535324999626,120,20736,343408,
pairs,4,2026092204,2,9;14,16,6CB8F32A29EB4BA55D8FCE21411E4F05,F446D1F6301267C051B6B2EBE614656E,32D28FD4EF8DEAA754F7EBC78DAFCCB9,SAT,True,True,True,F446D1F6301267C051B6B2EBE614656E,0.45676950000051875,26.762416292003763,27.220904416004487,120,20736,343408,
pairs,4,2026092204,2,9;15,16,6CB8F32A29EB4BA55D8FCE21411E4F05,F446D1F6301267C051B6B2EBE614656E,32D28FD4EF8DEAA754F7EBC78DAFCCB9,SAT,True,True,True,F446D1F6301267C051B6B2EBE614656E,0.4487092080016737,54.72212545799994,55.17270762499538,120,20736,343408,
pairs,4,2026092204,2,10;11,16,6CB8F32A29EB4BA55D8FCE21411E4F05,F446D1F6301267C051B6B2EBE614656E,32D28FD4EF8DEAA754F7EBC78DAFCCB9,SAT,True,True,True,F446D1F6301267C051B6B2EBE614656E,0.4619562500010943,66.59623012499651,67.06020645800163,120,20736,343408,
pairs,4,2026092204,2,10;12,16,6CB8F32A29EB4BA55D8FCE21411E4F05,F446D1F6301267C051B6B2EBE614656E,32D28FD4EF8DEAA754F7EBC78DAFCCB9,SAT,True,True,True,F446D1F6301267C051B6B2EBE614656E,0.5267449999955716,32.10760716700315,32.63617491700279,120,20736,343408,
pairs,4,2026092204,2,10;13,16,6CB8F32A29EB4BA55D8FCE21411E4F05,F446D1F6301267C051B6B2EBE614656E,32D28FD4EF8DEAA754F7EBC78DAFCCB9,SAT,True,True,True,F446D1F6301267C051B6B2EBE614656E,0.4954543750063749,57.503841375000775,58.00129666700377,120,20736,343408,
pairs,4,2026092204,2,10;14,16,6CB8F32A29EB4BA55D8FCE21411E4F05,F446D1F6301267C051B6B2EBE614656E,32D28FD4EF8DEAA754F7EBC78DAFCCB9,SAT,True,True,True,F446D1F6301267C051B6B2EBE614656E,0.5245912499958649,102.30664904200239,102.8331944169986,120,20736,343408,
pairs,4,2026092204,2,10;15,16,6CB8F32A29EB4BA55D8FCE21411E4F05,F446D1F6301267C051B6B2EBE614656E,32D28FD4EF8DEAA754F7EBC78DAFCCB9,SAT,True,True,True,F446D1F6301267C051B6B2EBE614656E,0.4988939169998048,38.070411000000604,38.57140395799797,120,20736,343408,
pairs,4,2026092204,2,11;12,16,6CB8F32A29EB4BA55D8FCE21411E4F05,F446D1F6301267C051B6B2EBE614656E,32D28FD4EF8DEAA754F7EBC78DAFCCB9,SAT,True,True,True,F446D1F6301267C051B6B2EBE614656E,0.5039929999984452,67.05779187499866,67.56373708300089,120,20736,343408,
pairs,4,2026092204,2,11;13,16,6CB8F32A29EB4BA55D8FCE21411E4F05,F446D1F6301267C051B6B2EBE614656E,32D28FD4EF8DEAA754F7EBC78DAFCCB9,SAT,True,True,True,F446D1F6301267C051B6B2EBE614656E,0.5262787920000846,84.60498125000595,85.13343529099802,120,20736,343408,
pairs,4,2026092204,2,11;14,16,6CB8F32A29EB4BA55D8FCE21411E4F05,F446D1F6301267C051B6B2EBE614656E,32D28FD4EF8DEAA754F7EBC78DAFCCB9,SAT,True,True,True,F446D1F6301267C051B6B2EBE614656E,0.5622575829984271,49.441288292000536,50.005654207998305,120,20736,343408,
pairs,4,2026092204,2,11;15,16,6CB8F32A29EB4BA55D8FCE21411E4F05,F446D1F6301267C051B6B2EBE614656E,32D28FD4EF8DEAA754F7EBC78DAFCCB9,SAT,True,True,True,F446D1F6301267C051B6B2EBE614656E,0.5241539170019678,20.157012875002692,20.68314583400206,120,20736,343408,
pairs,4,2026092204,2,12;13,16,6CB8F32A29EB4BA55D8FCE21411E4F05,F446D1F6301267C051B6B2EBE614656E,32D28FD4EF8DEAA754F7EBC78DAFCCB9,SAT,True,True,True,F446D1F6301267C051B6B2EBE614656E,0.5074359999998705,6.075850499997614,6.585462708993873,120,20736,343408,
pairs,4,2026092204,2,12;14,16,6CB8F32A29EB4BA55D8FCE21411E4F05,F446D1F6301267C051B6B2EBE614656E,32D28FD4EF8DEAA754F7EBC78DAFCCB9,SAT,True,True,True,F446D1F6301267C051B6B2EBE614656E,0.5393115000042599,94.38530770899524,94.92661275000137,120,20736,343408,
pairs,4,2026092204,2,12;15,16,6CB8F32A29EB4BA55D8FCE21411E4F05,F446D1F6301267C051B6B2EBE614656E,32D28FD4EF8DEAA754F7EBC78DAFCCB9,SAT,True,True,True,F446D1F6301267C051B6B2EBE614656E,0.5146251249971101,64.57353987499664,65.09017816700361,120,20736,343408,
pairs,4,2026092204,2,13;14,16,6CB8F32A29EB4BA55D8FCE21411E4F05,F446D1F6301267C051B6B2EBE614656E,32D28FD4EF8DEAA754F7EBC78DAFCCB9,SAT,True,True,True,F446D1F6301267C051B6B2EBE614656E,0.5228570000035688,21.056144209003833,21.58106062499428,120,20736,343408,
pairs,4,2026092204,2,13;15,16,6CB8F32A29EB4BA55D8FCE21411E4F05,F446D1F6301267C051B6B2EBE614656E,32D28FD4EF8DEAA754F7EBC78DAFCCB9,SAT,True,True,True,F446D1F6301267C051B6B2EBE614656E,0.5309693339950172,113.42774974999338,113.96073079200141,120,20736,343408,
pairs,4,2026092204,2,14;15,16,6CB8F32A29EB4BA55D8FCE21411E4F05,F446D1F6301267C051B6B2EBE614656E,32D28FD4EF8DEAA754F7EBC78DAFCCB9,SAT,True,True,True,F446D1F6301267C051B6B2EBE614656E,0.523506958001235,41.24506104199827,41.77061479099939,120,20736,343408,
pairs,5,2026092205,2,0;1,16,0ACF2B1DF582EA98A288A2C05B27DB70,27DC64965E2FF5723B463E9974CF1B24,9F277BA342E5A31F7B5AC43482DCB95D,SAT,True,True,True,27DC64965E2FF5723B463E9974CF1B24,0.5164440410007956,14.583525957998063,15.10201741700439,120,20736,343408,
pairs,5,2026092205,2,0;2,16,0ACF2B1DF582EA98A288A2C05B27DB70,27DC64965E2FF5723B463E9974CF1B24,9F277BA342E5A31F7B5AC43482DCB95D,SAT,True,True,True,27DC64965E2FF5723B463E9974CF1B24,0.5294500000018161,16.208175999992818,16.739715083000192,120,20736,343408,
pairs,5,2026092205,2,0;3,16,0ACF2B1DF582EA98A288A2C05B27DB70,27DC64965E2FF5723B463E9974CF1B24,9F277BA342E5A31F7B5AC43482DCB95D,SAT,True,True,True,27DC64965E2FF5723B463E9974CF1B24,0.5339120420030667,77.43939208299707,77.97556912500295,120,20736,343408,
pairs,5,2026092205,2,0;4,16,0ACF2B1DF582EA98A288A2C05B27DB70,27DC64965E2FF5723B463E9974CF1B24,9F277BA342E5A31F7B5AC43482DCB95D,SAT,True,True,True,27DC64965E2FF5723B463E9974CF1B24,0.5354587080000783,88.74465495899494,89.28212579200044,120,20736,343408,
pairs,5,2026092205,2,0;5,16,0ACF2B1DF582EA98A288A2C05B27DB70,27DC64965E2FF5723B463E9974CF1B24,9F277BA342E5A31F7B5AC43482DCB95D,SAT,True,True,True,27DC64965E2FF5723B463E9974CF1B24,0.5151817910009413,41.39692804199876,41.914228790999914,120,20736,343408,
pairs,5,2026092205,2,0;6,16,0ACF2B1DF582EA98A288A2C05B27DB70,27DC64965E2FF5723B463E9974CF1B24,9F277BA342E5A31F7B5AC43482DCB95D,SAT,True,True,True,27DC64965E2FF5723B463E9974CF1B24,0.5407302090025041,97.49988291600312,98.04264083300222,120,20736,343408,
pairs,5,2026092205,2,0;7,16,0ACF2B1DF582EA98A288A2C05B27DB70,27DC64965E2FF5723B463E9974CF1B24,9F277BA342E5A31F7B5AC43482DCB95D,SAT,True,True,True,27DC64965E2FF5723B463E9974CF1B24,0.5170269160007592,35.59194504199695,36.11099237500457,120,20736,343408,
pairs,5,2026092205,2,0;8,16,0ACF2B1DF582EA98A288A2C05B27DB70,27DC64965E2FF5723B463E9974CF1B24,9F277BA342E5A31F7B5AC43482DCB95D,SAT,True,True,True,27DC64965E2FF5723B463E9974CF1B24,0.4893101670022588,51.274815040997055,51.766498082994076,120,20736,343408,
pairs,5,2026092205,2,0;9,16,0ACF2B1DF582EA98A288A2C05B27DB70,27DC64965E2FF5723B463E9974CF1B24,9F277BA342E5A31F7B5AC43482DCB95D,SAT,True,True,True,27DC64965E2FF5723B463E9974CF1B24,0.576703083999746,75.69865108399972,76.27749512500304,120,20736,343408,
pairs,5,2026092205,2,0;10,16,0ACF2B1DF582EA98A288A2C05B27DB70,27DC64965E2FF5723B463E9974CF1B24,9F277BA342E5A31F7B5AC43482DCB95D,SAT,True,True,True,27DC64965E2FF5723B463E9974CF1B24,0.5318487920012558,87.60057212500396,88.13461054200161,120,20736,343408,
pairs,5,2026092205,2,0;11,16,0ACF2B1DF582EA98A288A2C05B27DB70,27DC64965E2FF5723B463E9974CF1B24,9F277BA342E5A31F7B5AC43482DCB95D,SAT,True,True,True,27DC64965E2FF5723B463E9974CF1B24,0.5429784579973784,47.736713584003155,48.28184875000443,120,20736,343408,
pairs,5,2026092205,2,0;12,16,0ACF2B1DF582EA98A288A2C05B27DB70,27DC64965E2FF5723B463E9974CF1B24,9F277BA342E5A31F7B5AC43482DCB95D,SAT,True,True,True,27DC64965E2FF5723B463E9974CF1B24,0.5377243749971967,57.604217250001966,58.14399420800328,120,20736,343408,
pairs,5,2026092205,2,0;13,16,0ACF2B1DF582EA98A288A2C05B27DB70,27DC64965E2FF5723B463E9974CF1B24,9F277BA342E5A31F7B5AC43482DCB95D,SAT,True,True,True,27DC64965E2FF5723B463E9974CF1B24,0.5495498339951155,43.844625709003594,44.39630616700015,120,20736,343408,
pairs,5,2026092205,2,0;14,16,0ACF2B1DF582EA98A288A2C05B27DB70,27DC64965E2FF5723B463E9974CF1B24,9F277BA342E5A31F7B5AC43482DCB95D,SAT,True,True,True,27DC64965E2FF5723B463E9974CF1B24,0.5360295830032555,36.218789083002775,36.75696133400197,120,20736,343408,
pairs,5,2026092205,2,0;15,16,0ACF2B1DF582EA98A288A2C05B27DB70,27DC64965E2FF5723B463E9974CF1B24,9F277BA342E5A31F7B5AC43482DCB95D,SAT,True,True,True,27DC64965E2FF5723B463E9974CF1B24,0.5346820419945288,74.21137358399574,74.74819391699566,120,20736,343408,
pairs,5,2026092205,2,1;2,16,0ACF2B1DF582EA98A288A2C05B27DB70,27DC64965E2FF5723B463E9974CF1B24,9F277BA342E5A31F7B5AC43482DCB95D,SAT,True,True,True,27DC64965E2FF5723B463E9974CF1B24,0.5496820420012227,42.826603624998825,43.37836629200319,120,20736,343408,
pairs,5,2026092205,2,1;3,16,0ACF2B1DF582EA98A288A2C05B27DB70,27DC64965E2FF5723B463E9974CF1B24,9F277BA342E5A31F7B5AC43482DCB95D,SAT,True,True,True,27DC64965E2FF5723B463E9974CF1B24,0.5423717079975177,77.28156012500403,77.82604737500515,120,20736,343408,
pairs,5,2026092205,2,1;4,16,0ACF2B1DF582EA98A288A2C05B27DB70,27DC64965E2FF5723B463E9974CF1B24,9F277BA342E5A31F7B5AC43482DCB95D,SAT,True,True,True,27DC64965E2FF5723B463E9974CF1B24,0.5286245829993277,39.89809387499554,40.42897441700188,120,20736,343408,
pairs,5,2026092205,2,1;5,16,0ACF2B1DF582EA98A288A2C05B27DB70,27DC64965E2FF5723B463E9974CF1B24,9F277BA342E5A31F7B5AC43482DCB95D,SAT,True,True,True,27DC64965E2FF5723B463E9974CF1B24,0.5921750839988817,67.74166408400197,68.33609029199579,120,20736,343408,
pairs,5,2026092205,2,1;6,16,0ACF2B1DF582EA98A288A2C05B27DB70,27DC64965E2FF5723B463E9974CF1B24,9F277BA342E5A31F7B5AC43482DCB95D,SAT,True,True,True,27DC64965E2FF5723B463E9974CF1B24,0.5774119580019033,35.02085670900124,35.600272374998895,120,20736,343408,
pairs,5,2026092205,2,1;7,16,0ACF2B1DF582EA98A288A2C05B27DB70,27DC64965E2FF5723B463E9974CF1B24,9F277BA342E5A31F7B5AC43482DCB95D,SAT,True,True,True,27DC64965E2FF5723B463E9974CF1B24,0.5304502080034581,60.51936266600387,61.05207150000206,120,20736,343408,
pairs,5,2026092205,2,1;8,16,0ACF2B1DF582EA98A288A2C05B27DB70,27DC64965E2FF5723B463E9974CF1B24,9F277BA342E5A31F7B5AC43482DCB95D,SAT,True,True,True,27DC64965E2FF5723B463E9974CF1B24,0.5559611249991576,75.72161604099529,76.27964966699801,120,20736,343408,
pairs,5,2026092205,2,1;9,16,0ACF2B1DF582EA98A288A2C05B27DB70,27DC64965E2FF5723B463E9974CF1B24,9F277BA342E5A31F7B5AC43482DCB95D,SAT,True,True,True,27DC64965E2FF5723B463E9974CF1B24,0.5401004999948782,62.500191584003915,63.04240099999879,120,20736,343408,
pairs,5,2026092205,2,1;10,16,0ACF2B1DF582EA98A288A2C05B27DB70,27DC64965E2FF5723B463E9974CF1B24,9F277BA342E5A31F7B5AC43482DCB95D,SAT,True,True,True,27DC64965E2FF5723B463E9974CF1B24,0.5322787089971825,19.96245437500329,20.496792792000633,120,20736,343408,
pairs,5,2026092205,2,1;11,16,0ACF2B1DF582EA98A288A2C05B27DB70,27DC64965E2FF5723B463E9974CF1B24,9F277BA342E5A31F7B5AC43482DCB95D,SAT,True,True,True,27DC64965E2FF5723B463E9974CF1B24,0.5226392910044524,36.37432141700265,36.899081708004815,120,20736,343408,
pairs,5,2026092205,2,1;12,16,0ACF2B1DF582EA98A288A2C05B27DB70,27DC64965E2FF5723B463E9974CF1B24,9F277BA342E5A31F7B5AC43482DCB95D,SAT,True,True,True,27DC64965E2FF5723B463E9974CF1B24,0.5354354579976643,50.755659041999024,51.29310791700118,120,20736,343408,
pairs,5,2026092205,2,1;13,16,0ACF2B1DF582EA98A288A2C05B27DB70,27DC64965E2FF5723B463E9974CF1B24,9F277BA342E5A31F7B5AC43482DCB95D,SAT,True,True,True,27DC64965E2FF5723B463E9974CF1B24,0.5343007080009556,84.7308417499953,85.26727779199427,120,20736,343408,
pairs,5,2026092205,2,1;14,16,0ACF2B1DF582EA98A288A2C05B27DB70,27DC64965E2FF5723B463E9974CF1B24,9F277BA342E5A31F7B5AC43482DCB95D,SAT,True,True,True,27DC64965E2FF5723B463E9974CF1B24,0.5416937499976484,8.90064554100536,9.4442844160003,120,20736,343408,
pairs,5,2026092205,2,1;15,16,0ACF2B1DF582EA98A288A2C05B27DB70,27DC64965E2FF5723B463E9974CF1B24,9F277BA342E5A31F7B5AC43482DCB95D,SAT,True,True,True,27DC64965E2FF5723B463E9974CF1B24,0.5303758330046549,89.48183449999487,90.01439679200121,120,20736,343408,
pairs,5,2026092205,2,2;3,16,0ACF2B1DF582EA98A288A2C05B27DB70,27DC64965E2FF5723B463E9974CF1B24,9F277BA342E5A31F7B5AC43482DCB95D,SAT,True,True,True,27DC64965E2FF5723B463E9974CF1B24,0.5653652080000029,87.112431249996,87.67993566599762,120,20736,343408,
pairs,5,2026092205,2,2;4,16,0ACF2B1DF582EA98A288A2C05B27DB70,27DC64965E2FF5723B463E9974CF1B24,9F277BA342E5A31F7B5AC43482DCB95D,SAT,True,True,True,27DC64965E2FF5723B463E9974CF1B24,0.5351064580027014,108.04657483300252,108.58386283300206,120,20736,343408,
pairs,5,2026092205,2,2;5,16,0ACF2B1DF582EA98A288A2C05B27DB70,27DC64965E2FF5723B463E9974CF1B24,9F277BA342E5A31F7B5AC43482DCB95D,SAT,True,True,True,27DC64965E2FF5723B463E9974CF1B24,0.5358037080004578,77.18241899999703,77.72041137500491,120,20736,343408,
pairs,5,2026092205,2,2;6,16,0ACF2B1DF582EA98A288A2C05B27DB70,27DC64965E2FF5723B463E9974CF1B24,9F277BA342E5A31F7B5AC43482DCB95D,TIMEOUT,False,False,False,,,,120,120,,,Exceeded timeout of 120 seconds
pairs,5,2026092205,2,2;7,16,0ACF2B1DF582EA98A288A2C05B27DB70,27DC64965E2FF5723B463E9974CF1B24,9F277BA342E5A31F7B5AC43482DCB95D,SAT,True,True,True,27DC64965E2FF5723B463E9974CF1B24,0.524932667001849,100.58197683400067,101.10903258400504,120,20736,343408,
pairs,5,2026092205,2,2;8,16,0ACF2B1DF582EA98A288A2C05B27DB70,27DC64965E2FF5723B463E9974CF1B24,9F277BA342E5A31F7B5AC43482DCB95D,SAT,True,True,True,27DC64965E2FF5723B463E9974CF1B24,0.5115407920020516,110.12775462499849,110.64140737499838,120,20736,343408,
pairs,5,2026092205,2,2;9,16,0ACF2B1DF582EA98A288A2C05B27DB70,27DC64965E2FF5723B463E9974CF1B24,9F277BA342E5A31F7B5AC43482DCB95D,SAT,True,True,True,27DC64965E2FF5723B463E9974CF1B24,0.5514676250022603,46.47049004199653,47.024085666002065,120,20736,343408,
pairs,5,2026092205,2,2;10,16,0ACF2B1DF582EA98A288A2C05B27DB70,27DC64965E2FF5723B463E9974CF1B24,9F277BA342E5A31F7B5AC43482DCB95D,SAT,True,True,True,27DC64965E2FF5723B463E9974CF1B24,0.5239961249972112,33.282535457998165,33.808663666997745,120,20736,343408,
pairs,5,2026092205,2,2;11,16,0ACF2B1DF582EA98A288A2C05B27DB70,27DC64965E2FF5723B463E9974CF1B24,9F277BA342E5A31F7B5AC43482DCB95D,SAT,True,True,True,27DC64965E2FF5723B463E9974CF1B24,0.5444573749991832,68.13811445900501,68.68471791600314,120,20736,343408,
pairs,5,2026092205,2,2;12,16,0ACF2B1DF582EA98A288A2C05B27DB70,27DC64965E2FF5723B463E9974CF1B24,9F277BA342E5A31F7B5AC43482DCB95D,SAT,True,True,True,27DC64965E2FF5723B463E9974CF1B24,0.5624164159962675,13.40873470799852,13.9732010000007,120,20736,343408,
pairs,5,2026092205,2,2;13,16,0ACF2B1DF582EA98A288A2C05B27DB70,27DC64965E2FF5723B463E9974CF1B24,9F277BA342E5A31F7B5AC43482DCB95D,SAT,True,True,True,27DC64965E2FF5723B463E9974CF1B24,0.5352162499984843,23.354310415998043,23.891687458002707,120,20736,343408,
pairs,5,2026092205,2,2;14,16,0ACF2B1DF582EA98A288A2C05B27DB70,27DC64965E2FF5723B463E9974CF1B24,9F277BA342E5A31F7B5AC43482DCB95D,SAT,True,True,True,27DC64965E2FF5723B463E9974CF1B24,0.5630831250018673,59.491583957998955,60.056533999995736,120,20736,343408,
pairs,5,2026092205,2,2;15,16,0ACF2B1DF582EA98A288A2C05B27DB70,27DC64965E2FF5723B463E9974CF1B24,9F277BA342E5A31F7B5AC43482DCB95D,SAT,True,True,True,27DC64965E2FF5723B463E9974CF1B24,0.4819222920050379,49.687265833999845,50.171267707999505,120,20736,343408,
pairs,5,2026092205,2,3;4,16,0ACF2B1DF582EA98A288A2C05B27DB70,27DC64965E2FF5723B463E9974CF1B24,9F277BA342E5A31F7B5AC43482DCB95D,SAT,True,True,True,27DC64965E2FF5723B463E9974CF1B24,0.5300639999986743,75.1221902920006,75.65440358399792,120,20736,343408,
pairs,5,2026092205,2,3;5,16,0ACF2B1DF582EA98A288A2C05B27DB70,27DC64965E2FF5723B463E9974CF1B24,9F277BA342E5A31F7B5AC43482DCB95D,SAT,True,True,True,27DC64965E2FF5723B463E9974CF1B24,0.5561672080002609,60.90036204200442,61.45841033299803,120,20736,343408,
pairs,5,2026092205,2,3;6,16,0ACF2B1DF582EA98A288A2C05B27DB70,27DC64965E2FF5723B463E9974CF1B24,9F277BA342E5A31F7B5AC43482DCB95D,SAT,True,True,True,27DC64965E2FF5723B463E9974CF1B24,0.4876472920004744,30.226126959001704,30.716062667001097,120,20736,343408,
pairs,5,2026092205,2,3;7,16,0ACF2B1DF582EA98A288A2C05B27DB70,27DC64965E2FF5723B463E9974CF1B24,9F277BA342E5A31F7B5AC43482DCB95D,SAT,True,True,True,27DC64965E2FF5723B463E9974CF1B24,0.5796394170029089,63.8563562920026,64.43824983300146,120,20736,343408,
pairs,5,2026092205,2,3;8,16,0ACF2B1DF582EA98A288A2C05B27DB70,27DC64965E2FF5723B463E9974CF1B24,9F277BA342E5A31F7B5AC43482DCB95D,SAT,True,True,True,27DC64965E2FF5723B463E9974CF1B24,0.5620369159951224,21.256586915995285,21.820762082999863,120,20736,343408,
pairs,5,2026092205,2,3;9,16,0ACF2B1DF582EA98A288A2C05B27DB70,27DC64965E2FF5723B463E9974CF1B24,9F277BA342E5A31F7B5AC43482DCB95D,SAT,True,True,True,27DC64965E2FF5723B463E9974CF1B24,0.5614394169970183,88.93618408399925,89.4993258329996,120,20736,343408,
pairs,5,2026092205,2,3;10,16,0ACF2B1DF582EA98A288A2C05B27DB70,27DC64965E2FF5723B463E9974CF1B24,9F277BA342E5A31F7B5AC43482DCB95D,SAT,True,True,True,27DC64965E2FF5723B463E9974CF1B24,0.4457134580006823,69.90248041700397,70.34991008399811,120,20736,343408,
pairs,5,2026092205,2,3;11,16,0ACF2B1DF582EA98A288A2C05B27DB70,27DC64965E2FF5723B463E9974CF1B24,9F277BA342E5A31F7B5AC43482DCB95D,SAT,True,True,True,27DC64965E2FF5723B463E9974CF1B24,0.4503262910002377,92.18333966700447,92.63558537499921,120,20736,343408,
pairs,5,2026092205,2,3;12,16,0ACF2B1DF582EA98A288A2C05B27DB70,27DC64965E2FF5723B463E9974CF1B24,9F277BA342E5A31F7B5AC43482DCB95D,SAT,True,True,True,27DC64965E2FF5723B463E9974CF1B24,0.46193804199720034,50.09331904199644,50.557134584007144,120,20736,343408,
pairs,5,2026092205,2,3;13,16,0ACF2B1DF582EA98A288A2C05B27DB70,27DC64965E2FF5723B463E9974CF1B24,9F277BA342E5A31F7B5AC43482DCB95D,SAT,True,True,True,27DC64965E2FF5723B463E9974CF1B24,0.4637743750063237,31.274367040998186,31.740060374999302,120,20736,343408,
pairs,5,2026092205,2,3;14,16,0ACF2B1DF582EA98A288A2C05B27DB70,27DC64965E2FF5723B463E9974CF1B24,9F277BA342E5A31F7B5AC43482DCB95D,SAT,True,True,True,27DC64965E2FF5723B463E9974CF1B24,0.5003385420059203,33.187466916999256,33.68984554200142,120,20736,343408,
pairs,5,2026092205,2,3;15,16,0ACF2B1DF582EA98A288A2C05B27DB70,27DC64965E2FF5723B463E9974CF1B24,9F277BA342E5A31F7B5AC43482DCB95D,SAT,True,True,True,27DC64965E2FF5723B463E9974CF1B24,0.5372730829985812,8.889112917000602,9.428297624996048,120,20736,343408,
pairs,5,2026092205,2,4;5,16,0ACF2B1DF582EA98A288A2C05B27DB70,27DC64965E2FF5723B463E9974CF1B24,9F277BA342E5A31F7B5AC43482DCB95D,SAT,True,True,True,27DC64965E2FF5723B463E9974CF1B24,0.4827244999978575,15.092447917006211,15.576894124998944,120,20736,343408,
pairs,5,2026092205,2,4;6,16,0ACF2B1DF582EA98A288A2C05B27DB70,27DC64965E2FF5723B463E9974CF1B24,9F277BA342E5A31F7B5AC43482DCB95D,SAT,True,True,True,27DC64965E2FF5723B463E9974CF1B24,0.4657488749944605,95.17281687500508,95.64053774999775,120,20736,343408,
pairs,5,2026092205,2,4;7,16,0ACF2B1DF582EA98A288A2C05B27DB70,27DC64965E2FF5723B463E9974CF1B24,9F277BA342E5A31F7B5AC43482DCB95D,SAT,True,True,True,27DC64965E2FF5723B463E9974CF1B24,0.48872516700066626,47.885240750001685,48.37584062500537,120,20736,343408,
pairs,5,2026092205,2,4;8,16,0ACF2B1DF582EA98A288A2C05B27DB70,27DC64965E2FF5723B463E9974CF1B24,9F277BA342E5A31F7B5AC43482DCB95D,SAT,True,True,True,27DC64965E2FF5723B463E9974CF1B24,0.4936993329974939,73.15572712499852,73.65141562499775,120,20736,343408,
pairs,5,2026092205,2,4;9,16,0ACF2B1DF582EA98A288A2C05B27DB70,27DC64965E2FF5723B463E9974CF1B24,9F277BA342E5A31F7B5AC43482DCB95D,SAT,True,True,True,27DC64965E2FF5723B463E9974CF1B24,0.5145013329965877,93.34943883300002,93.86601408300339,120,20736,343408,
pairs,5,2026092205,2,4;10,16,0ACF2B1DF582EA98A288A2C05B27DB70,27DC64965E2FF5723B463E9974CF1B24,9F277BA342E5A31F7B5AC43482DCB95D,SAT,True,True,True,27DC64965E2FF5723B463E9974CF1B24,0.5234096659987699,98.31797058400116,98.8434631659984,120,20736,343408,
pairs,5,2026092205,2,4;11,16,0ACF2B1DF582EA98A288A2C05B27DB70,27DC64965E2FF5723B463E9974CF1B24,9F277BA342E5A31F7B5AC43482DCB95D,SAT,True,True,True,27DC64965E2FF5723B463E9974CF1B24,0.4993355829938082,84.72139199999947,85.2227308750007,120,20736,343408,
pairs,5,2026092205,2,4;12,16,0ACF2B1DF582EA98A288A2C05B27DB70,27DC64965E2FF5723B463E9974CF1B24,9F277BA342E5A31F7B5AC43482DCB95D,SAT,True,True,True,27DC64965E2FF5723B463E9974CF1B24,0.5321638750028796,27.00104995899892,27.535246000006737,120,20736,343408,
pairs,5,2026092205,2,4;13,16,0ACF2B1DF582EA98A288A2C05B27DB70,27DC64965E2FF5723B463E9974CF1B24,9F277BA342E5A31F7B5AC43482DCB95D,SAT,True,True,True,27DC64965E2FF5723B463E9974CF1B24,0.5590365410025697,101.40273045899812,101.96378395799547,120,20736,343408,
pairs,5,2026092205,2,4;14,16,0ACF2B1DF582EA98A288A2C05B27DB70,27DC64965E2FF5723B463E9974CF1B24,9F277BA342E5A31F7B5AC43482DCB95D,SAT,True,True,True,27DC64965E2FF5723B463E9974CF1B24,0.5313502919962048,8.090187166002579,8.62348750000092,120,20736,343408,
pairs,5,2026092205,2,4;15,16,0ACF2B1DF582EA98A288A2C05B27DB70,27DC64965E2FF5723B463E9974CF1B24,9F277BA342E5A31F7B5AC43482DCB95D,SAT,True,True,True,27DC64965E2FF5723B463E9974CF1B24,0.5273532499995781,107.22916308300046,107.75852637500066,120,20736,343408,
pairs,5,2026092205,2,5;6,16,0ACF2B1DF582EA98A288A2C05B27DB70,27DC64965E2FF5723B463E9974CF1B24,9F277BA342E5A31F7B5AC43482DCB95D,SAT,True,True,True,27DC64965E2FF5723B463E9974CF1B24,0.5332735410047462,64.18484466600057,64.7203673749973,120,20736,343408,
pairs,5,2026092205,2,5;7,16,0ACF2B1DF582EA98A288A2C05B27DB70,27DC64965E2FF5723B463E9974CF1B24,9F277BA342E5A31F7B5AC43482DCB95D,SAT,True,True,True,27DC64965E2FF5723B463E9974CF1B24,0.5587805409959401,43.137436249999155,43.698236541997176,120,20736,343408,
pairs,5,2026092205,2,5;8,16,0ACF2B1DF582EA98A288A2C05B27DB70,27DC64965E2FF5723B463E9974CF1B24,9F277BA342E5A31F7B5AC43482DCB95D,SAT,True,True,True,27DC64965E2FF5723B463E9974CF1B24,0.5410412909986917,56.64428741699521,57.187363709002966,120,20736,343408,
pairs,5,2026092205,2,5;9,16,0ACF2B1DF582EA98A288A2C05B27DB70,27DC64965E2FF5723B463E9974CF1B24,9F277BA342E5A31F7B5AC43482DCB95D,SAT,True,True,True,27DC64965E2FF5723B463E9974CF1B24,0.5303958329968737,37.69805154200003,38.2304851670051,120,20736,343408,
pairs,5,2026092205,2,5;10,16,0ACF2B1DF582EA98A288A2C05B27DB70,27DC64965E2FF5723B463E9974CF1B24,9F277BA342E5A31F7B5AC43482DCB95D,SAT,True,True,True,27DC64965E2FF5723B463E9974CF1B24,0.5427635419982835,41.34754766599508,41.89234570800181,120,20736,343408,
pairs,5,2026092205,2,5;11,16,0ACF2B1DF582EA98A288A2C05B27DB70,27DC64965E2FF5723B463E9974CF1B24,9F277BA342E5A31F7B5AC43482DCB95D,SAT,True,True,True,27DC64965E2FF5723B463E9974CF1B24,0.5456873750008526,79.25316000000021,79.80092904200137,120,20736,343408,
pairs,5,2026092205,2,5;12,16,0ACF2B1DF582EA98A288A2C05B27DB70,27DC64965E2FF5723B463E9974CF1B24,9F277BA342E5A31F7B5AC43482DCB95D,SAT,True,True,True,27DC64965E2FF5723B463E9974CF1B24,0.5238237499943352,46.349690041999565,46.875590083000134,120,20736,343408,
pairs,5,2026092205,2,5;13,16,0ACF2B1DF582EA98A288A2C05B27DB70,27DC64965E2FF5723B463E9974CF1B24,9F277BA342E5A31F7B5AC43482DCB95D,TIMEOUT,False,False,False,,,,120,120,,,Exceeded timeout of 120 seconds
pairs,5,2026092205,2,5;14,16,0ACF2B1DF582EA98A288A2C05B27DB70,27DC64965E2FF5723B463E9974CF1B24,9F277BA342E5A31F7B5AC43482DCB95D,SAT,True,True,True,27DC64965E2FF5723B463E9974CF1B24,0.5416180829997757,85.94935604200145,86.49304975000268,120,20736,343408,
pairs,5,2026092205,2,5;15,16,0ACF2B1DF582EA98A288A2C05B27DB70,27DC64965E2FF5723B463E9974CF1B24,9F277BA342E5A31F7B5AC43482DCB95D,SAT,True,True,True,27DC64965E2FF5723B463E9974CF1B24,0.5329250409995439,21.929207958994084,22.464281916996697,120,20736,343408,
pairs,5,2026092205,2,6;7,16,0ACF2B1DF582EA98A288A2C05B27DB70,27DC64965E2FF5723B463E9974CF1B24,9F277BA342E5A31F7B5AC43482DCB95D,SAT,True,True,True,27DC64965E2FF5723B463E9974CF1B24,0.5700362079951447,105.1903258750026,105.76257216600061,120,20736,343408,
pairs,5,2026092205,2,6;8,16,0ACF2B1DF582EA98A288A2C05B27DB70,27DC64965E2FF5723B463E9974CF1B24,9F277BA342E5A31F7B5AC43482DCB95D,SAT,True,True,True,27DC64965E2FF5723B463E9974CF1B24,0.5688554999942426,21.105326042001252,21.676374374997977,120,20736,343408,
pairs,5,2026092205,2,6;9,16,0ACF2B1DF582EA98A288A2C05B27DB70,27DC64965E2FF5723B463E9974CF1B24,9F277BA342E5A31F7B5AC43482DCB95D,SAT,True,True,True,27DC64965E2FF5723B463E9974CF1B24,0.5487361250052345,31.204260541999247,31.755074250002508,120,20736,343408,
pairs,5,2026092205,2,6;10,16,0ACF2B1DF582EA98A288A2C05B27DB70,27DC64965E2FF5723B463E9974CF1B24,9F277BA342E5A31F7B5AC43482DCB95D,SAT,True,True,True,27DC64965E2FF5723B463E9974CF1B24,0.5484257499992964,33.09047608299443,33.64102933400136,120,20736,343408,
pairs,5,2026092205,2,6;11,16,0ACF2B1DF582EA98A288A2C05B27DB70,27DC64965E2FF5723B463E9974CF1B24,9F277BA342E5A31F7B5AC43482DCB95D,SAT,True,True,True,27DC64965E2FF5723B463E9974CF1B24,0.5447109159940737,42.43739962499967,42.98420062500372,120,20736,343408,
pairs,5,2026092205,2,6;12,16,0ACF2B1DF582EA98A288A2C05B27DB70,27DC64965E2FF5723B463E9974CF1B24,9F277BA342E5A31F7B5AC43482DCB95D,SAT,True,True,True,27DC64965E2FF5723B463E9974CF1B24,0.5659054580028169,33.24314229200536,33.811286042000575,120,20736,343408,
pairs,5,2026092205,2,6;13,16,0ACF2B1DF582EA98A288A2C05B27DB70,27DC64965E2FF5723B463E9974CF1B24,9F277BA342E5A31F7B5AC43482DCB95D,SAT,True,True,True,27DC64965E2FF5723B463E9974CF1B24,0.5374849170038942,117.28008504099853,117.81973583400395,120,20736,343408,
pairs,5,2026092205,2,6;14,16,0ACF2B1DF582EA98A288A2C05B27DB70,27DC64965E2FF5723B463E9974CF1B24,9F277BA342E5A31F7B5AC43482DCB95D,SAT,True,True,True,27DC64965E2FF5723B463E9974CF1B24,0.5293076250018203,72.85072629199567,73.38221195799997,120,20736,343408,
pairs,5,2026092205,2,6;15,16,0ACF2B1DF582EA98A288A2C05B27DB70,27DC64965E2FF5723B463E9974CF1B24,9F277BA342E5A31F7B5AC43482DCB95D,SAT,True,True,True,27DC64965E2FF5723B463E9974CF1B24,0.5394042920015636,28.142187333003676,28.683643124997616,120,20736,343408,
pairs,5,2026092205,2,7;8,16,0ACF2B1DF582EA98A288A2C05B27DB70,27DC64965E2FF5723B463E9974CF1B24,9F277BA342E5A31F7B5AC43482DCB95D,TIMEOUT,False,False,False,,,,120,120,,,Exceeded timeout of 120 seconds
pairs,5,2026092205,2,7;9,16,0ACF2B1DF582EA98A288A2C05B27DB70,27DC64965E2FF5723B463E9974CF1B24,9F277BA342E5A31F7B5AC43482DCB95D,SAT,True,True,True,27DC64965E2FF5723B463E9974CF1B24,0.5388174580002669,24.904464624996763,25.4454901670033,120,20736,343408,
pairs,5,2026092205,2,7;10,16,0ACF2B1DF582EA98A288A2C05B27DB70,27DC64965E2FF5723B463E9974CF1B24,9F277BA342E5A31F7B5AC43482DCB95D,SAT,True,True,True,27DC64965E2FF5723B463E9974CF1B24,0.5491520420036977,25.69003325000085,26.241162041995267,120,20736,343408,
pairs,5,2026092205,2,7;11,16,0ACF2B1DF582EA98A288A2C05B27DB70,27DC64965E2FF5723B463E9974CF1B24,9F277BA342E5A31F7B5AC43482DCB95D,SAT,True,True,True,27DC64965E2FF5723B463E9974CF1B24,0.52134762499918,29.311442040998372,29.834839750001265,120,20736,343408,
pairs,5,2026092205,2,7;12,16,0ACF2B1DF582EA98A288A2C05B27DB70,27DC64965E2FF5723B463E9974CF1B24,9F277BA342E5A31F7B5AC43482DCB95D,SAT,True,True,True,27DC64965E2FF5723B463E9974CF1B24,0.5075065409982926,85.87520804099768,86.38484412500111,120,20736,343408,
pairs,5,2026092205,2,7;13,16,0ACF2B1DF582EA98A288A2C05B27DB70,27DC64965E2FF5723B463E9974CF1B24,9F277BA342E5A31F7B5AC43482DCB95D,SAT,True,True,True,27DC64965E2FF5723B463E9974CF1B24,0.522339249997458,16.758851166996465,17.283336500004225,120,20736,343408,
pairs,5,2026092205,2,7;14,16,0ACF2B1DF582EA98A288A2C05B27DB70,27DC64965E2FF5723B463E9974CF1B24,9F277BA342E5A31F7B5AC43482DCB95D,SAT,True,True,True,27DC64965E2FF5723B463E9974CF1B24,0.5487540419999277,16.609171374999278,17.159918124998512,120,20736,343408,
pairs,5,2026092205,2,7;15,16,0ACF2B1DF582EA98A288A2C05B27DB70,27DC64965E2FF5723B463E9974CF1B24,9F277BA342E5A31F7B5AC43482DCB95D,SAT,True,True,True,27DC64965E2FF5723B463E9974CF1B24,0.5158177500052261,15.819986875001632,16.337859833998664,120,20736,343408,
pairs,5,2026092205,2,8;9,16,0ACF2B1DF582EA98A288A2C05B27DB70,27DC64965E2FF5723B463E9974CF1B24,9F277BA342E5A31F7B5AC43482DCB95D,SAT,True,True,True,27DC64965E2FF5723B463E9974CF1B24,0.5306470830037142,21.42409441700147,21.95680487500067,120,20736,343408,
pairs,5,2026092205,2,8;10,16,0ACF2B1DF582EA98A288A2C05B27DB70,27DC64965E2FF5723B463E9974CF1B24,9F277BA342E5A31F7B5AC43482DCB95D,SAT,True,True,True,27DC64965E2FF5723B463E9974CF1B24,0.5299984579978627,67.61104224999872,68.14316991699889,120,20736,343408,
pairs,5,2026092205,2,8;11,16,0ACF2B1DF582EA98A288A2C05B27DB70,27DC64965E2FF5723B463E9974CF1B24,9F277BA342E5A31F7B5AC43482DCB95D,SAT,True,True,True,27DC64965E2FF5723B463E9974CF1B24,0.5254430420027347,40.367767708004976,40.89526587500586,120,20736,343408,
pairs,5,2026092205,2,8;12,16,0ACF2B1DF582EA98A288A2C05B27DB70,27DC64965E2FF5723B463E9974CF1B24,9F277BA342E5A31F7B5AC43482DCB95D,SAT,True,True,True,27DC64965E2FF5723B463E9974CF1B24,0.5302893330008374,43.89048154199554,44.4228812500005,120,20736,343408,
pairs,5,2026092205,2,8;13,16,0ACF2B1DF582EA98A288A2C05B27DB70,27DC64965E2FF5723B463E9974CF1B24,9F277BA342E5A31F7B5AC43482DCB95D,SAT,True,True,True,27DC64965E2FF5723B463E9974CF1B24,0.5444740410021041,108.9563925830007,109.50299116700626,120,20736,343408,
pairs,5,2026092205,2,8;14,16,0ACF2B1DF582EA98A288A2C05B27DB70,27DC64965E2FF5723B463E9974CF1B24,9F277BA342E5A31F7B5AC43482DCB95D,SAT,True,True,True,27DC64965E2FF5723B463E9974CF1B24,0.5515960420016199,63.3509841250052,63.904763708000246,120,20736,343408,
pairs,5,2026092205,2,8;15,16,0ACF2B1DF582EA98A288A2C05B27DB70,27DC64965E2FF5723B463E9974CF1B24,9F277BA342E5A31F7B5AC43482DCB95D,SAT,True,True,True,27DC64965E2FF5723B463E9974CF1B24,0.5817006670040428,51.03682354200282,51.62069075000181,120,20736,343408,
pairs,5,2026092205,2,9;10,16,0ACF2B1DF582EA98A288A2C05B27DB70,27DC64965E2FF5723B463E9974CF1B24,9F277BA342E5A31F7B5AC43482DCB95D,TIMEOUT,False,False,False,,,,120,120,,,Exceeded timeout of 120 seconds
pairs,5,2026092205,2,9;11,16,0ACF2B1DF582EA98A288A2C05B27DB70,27DC64965E2FF5723B463E9974CF1B24,9F277BA342E5A31F7B5AC43482DCB95D,SAT,True,True,True,27DC64965E2FF5723B463E9974CF1B24,0.5442849999963073,55.10773291700025,55.65403762499773,120,20736,343408,
pairs,5,2026092205,2,9;12,16,0ACF2B1DF582EA98A288A2C05B27DB70,27DC64965E2FF5723B463E9974CF1B24,9F277BA342E5A31F7B5AC43482DCB95D,SAT,True,True,True,27DC64965E2FF5723B463E9974CF1B24,0.5231229589990107,52.56657724999968,53.09192158299993,120,20736,343408,
pairs,5,2026092205,2,9;13,16,0ACF2B1DF582EA98A288A2C05B27DB70,27DC64965E2FF5723B463E9974CF1B24,9F277BA342E5A31F7B5AC43482DCB95D,SAT,True,True,True,27DC64965E2FF5723B463E9974CF1B24,0.5455207909981254,66.19938691599964,66.74702212500415,120,20736,343408,
pairs,5,2026092205,2,9;14,16,0ACF2B1DF582EA98A288A2C05B27DB70,27DC64965E2FF5723B463E9974CF1B24,9F277BA342E5A31F7B5AC43482DCB95D,SAT,True,True,True,27DC64965E2FF5723B463E9974CF1B24,0.55457766699692,110.38092887499806,110.93762974999845,120,20736,343408,
pairs,5,2026092205,2,9;15,16,0ACF2B1DF582EA98A288A2C05B27DB70,27DC64965E2FF5723B463E9974CF1B24,9F277BA342E5A31F7B5AC43482DCB95D,SAT,True,True,True,27DC64965E2FF5723B463E9974CF1B24,0.5371592079973198,17.552600000002712,18.091956374999427,120,20736,343408,
pairs,5,2026092205,2,10;11,16,0ACF2B1DF582EA98A288A2C05B27DB70,27DC64965E2FF5723B463E9974CF1B24,9F277BA342E5A31F7B5AC43482DCB95D,SAT,True,True,True,27DC64965E2FF5723B463E9974CF1B24,0.5840461659972789,9.049572541996895,9.635654250007065,120,20736,343408,
pairs,5,2026092205,2,10;12,16,0ACF2B1DF582EA98A288A2C05B27DB70,27DC64965E2FF5723B463E9974CF1B24,9F277BA342E5A31F7B5AC43482DCB95D,SAT,True,True,True,27DC64965E2FF5723B463E9974CF1B24,0.5353220830002101,67.97731258400017,68.51471599999786,120,20736,343408,
pairs,5,2026092205,2,10;13,16,0ACF2B1DF582EA98A288A2C05B27DB70,27DC64965E2FF5723B463E9974CF1B24,9F277BA342E5A31F7B5AC43482DCB95D,SAT,True,True,True,27DC64965E2FF5723B463E9974CF1B24,0.5398661250001169,94.88257412499661,95.42457087500225,120,20736,343408,
pairs,5,2026092205,2,10;14,16,0ACF2B1DF582EA98A288A2C05B27DB70,27DC64965E2FF5723B463E9974CF1B24,9F277BA342E5A31F7B5AC43482DCB95D,SAT,True,True,True,27DC64965E2FF5723B463E9974CF1B24,0.532829457995831,50.52009595800337,51.05525033300364,120,20736,343408,
pairs,5,2026092205,2,10;15,16,0ACF2B1DF582EA98A288A2C05B27DB70,27DC64965E2FF5723B463E9974CF1B24,9F277BA342E5A31F7B5AC43482DCB95D,SAT,True,True,True,27DC64965E2FF5723B463E9974CF1B24,0.5457797499984736,70.57214341700455,71.12015216700092,120,20736,343408,
pairs,5,2026092205,2,11;12,16,0ACF2B1DF582EA98A288A2C05B27DB70,27DC64965E2FF5723B463E9974CF1B24,9F277BA342E5A31F7B5AC43482DCB95D,SAT,True,True,True,27DC64965E2FF5723B463E9974CF1B24,0.5485891659991466,13.593883707995701,14.144516125001246,120,20736,343408,
pairs,5,2026092205,2,11;13,16,0ACF2B1DF582EA98A288A2C05B27DB70,27DC64965E2FF5723B463E9974CF1B24,9F277BA342E5A31F7B5AC43482DCB95D,SAT,True,True,True,27DC64965E2FF5723B463E9974CF1B24,0.5502032500007772,45.93208545899688,46.4844641249947,120,20736,343408,
pairs,5,2026092205,2,11;14,16,0ACF2B1DF582EA98A288A2C05B27DB70,27DC64965E2FF5723B463E9974CF1B24,9F277BA342E5A31F7B5AC43482DCB95D,SAT,True,True,True,27DC64965E2FF5723B463E9974CF1B24,0.5346736659994349,105.98956662500132,106.52634099999705,120,20736,343408,
pairs,5,2026092205,2,11;15,16,0ACF2B1DF582EA98A288A2C05B27DB70,27DC64965E2FF5723B463E9974CF1B24,9F277BA342E5A31F7B5AC43482DCB95D,SAT,True,True,True,27DC64965E2FF5723B463E9974CF1B24,0.5456149160017958,23.721419000001333,24.269257082996774,120,20736,343408,
pairs,5,2026092205,2,12;13,16,0ACF2B1DF582EA98A288A2C05B27DB70,27DC64965E2FF5723B463E9974CF1B24,9F277BA342E5A31F7B5AC43482DCB95D,SAT,True,True,True,27DC64965E2FF5723B463E9974CF1B24,0.5637239999996382,109.67200087500532,110.23748162500124,120,20736,343408,
pairs,5,2026092205,2,12;14,16,0ACF2B1DF582EA98A288A2C05B27DB70,27DC64965E2FF5723B463E9974CF1B24,9F277BA342E5A31F7B5AC43482DCB95D,SAT,True,True,True,27DC64965E2FF5723B463E9974CF1B24,0.44341495799744735,49.05339491699851,49.49867525000445,120,20736,343408,
pairs,5,2026092205,2,12;15,16,0ACF2B1DF582EA98A288A2C05B27DB70,27DC64965E2FF5723B463E9974CF1B24,9F277BA342E5A31F7B5AC43482DCB95D,SAT,True,True,True,27DC64965E2FF5723B463E9974CF1B24,0.44601195799623383,41.798120916995686,42.245968499999435,120,20736,343408,
pairs,5,2026092205,2,13;14,16,0ACF2B1DF582EA98A288A2C05B27DB70,27DC64965E2FF5723B463E9974CF1B24,9F277BA342E5A31F7B5AC43482DCB95D,SAT,True,True,True,27DC64965E2FF5723B463E9974CF1B24,0.45272854199720314,84.39960308300215,84.85417099999904,120,20736,343408,
pairs,5,2026092205,2,13;15,16,0ACF2B1DF582EA98A288A2C05B27DB70,27DC64965E2FF5723B463E9974CF1B24,9F277BA342E5A31F7B5AC43482DCB95D,SAT,True,True,True,27DC64965E2FF5723B463E9974CF1B24,0.47592912500113016,60.402572040999075,60.88050354200095,120,20736,343408,
pairs,5,2026092205,2,14;15,16,0ACF2B1DF582EA98A288A2C05B27DB70,27DC64965E2FF5723B463E9974CF1B24,9F277BA342E5A31F7B5AC43482DCB95D,TIMEOUT,False,False,False,,,,120,120,,,Exceeded timeout of 120 seconds
