study,trial,seed,unknown_byte_count,unknown_bytes,unknown_bits,plaintext,key,ciphertext,status,satisfiable,correct,candidate_valid,recovered_key,build_time,solve_time,total_time,timeout_seconds,variables,clauses,error
single,1,2026092201,1,0,8,54BA8825B09C8F61616A521C21320479,0A9F3C3E6F3CC51142E4162D4F217DD9,A59AA1012615A11C7600F5099465D3B9,SAT,True,True,True,0A9F3C3E6F3CC51142E4162D4F217DD9,0.45545325000057346,6.178119959000469,6.635297792000529,60,20736,343416,
single,1,2026092201,1,1,8,54BA8825B09C8F61616A521C21320479,0A9F3C3E6F3CC51142E4162D4F217DD9,A59AA1012615A11C7600F5099465D3B9,SAT,True,True,True,0A9F3C3E6F3CC51142E4162D4F217DD9,0.4445262500003082,6.028469457999563,6.474723875000564,60,20736,343416,
single,1,2026092201,1,2,8,54BA8825B09C8F61616A521C21320479,0A9F3C3E6F3CC51142E4162D4F217DD9,A59AA1012615A11C7600F5099465D3B9,SAT,True,True,True,0A9F3C3E6F3CC51142E4162D4F217DD9,0.451131875000101,5.847071207999761,6.299932582999645,60,20736,343416,
single,1,2026092201,1,3,8,54BA8825B09C8F61616A521C21320479,0A9F3C3E6F3CC51142E4162D4F217DD9,A59AA1012615A11C7600F5099465D3B9,SAT,True,True,True,0A9F3C3E6F3CC51142E4162D4F217DD9,0.4478367920000892,5.9861565829996835,6.435747916999389,60,20736,343416,
single,1,2026092201,1,4,8,54BA8825B09C8F61616A521C21320479,0A9F3C3E6F3CC51142E4162D4F217DD9,A59AA1012615A11C7600F5099465D3B9,SAT,True,True,True,0A9F3C3E6F3CC51142E4162D4F217DD9,0.4484893340004419,5.673848667000129,6.1240742089994455,60,20736,343416,
single,1,2026092201,1,5,8,54BA8825B09C8F61616A521C21320479,0A9F3C3E6F3CC51142E4162D4F217DD9,A59AA1012615A11C7600F5099465D3B9,SAT,True,True,True,0A9F3C3E6F3CC51142E4162D4F217DD9,0.44710729100006574,6.2598112080004285,6.708667165999941,60,20736,343416,
single,1,2026092201,1,6,8,54BA8825B09C8F61616A521C21320479,0A9F3C3E6F3CC51142E4162D4F217DD9,A59AA1012615A11C7600F5099465D3B9,SAT,True,True,True,0A9F3C3E6F3CC51142E4162D4F217DD9,0.4469924999993964,4.976256499999181,5.424958374999733,60,20736,343416,
single,1,2026092201,1,7,8,54BA8825B09C8F61616A521C21320479,0A9F3C3E6F3CC51142E4162D4F217DD9,A59AA1012615A11C7600F5099465D3B9,SAT,True,True,True,0A9F3C3E6F3CC51142E4162D4F217DD9,0.44659170800059655,5.602185707999524,6.05050483299965,60,20736,343416,
single,1,2026092201,1,8,8,54BA8825B09C8F61616A521C21320479,0A9F3C3E6F3CC51142E4162D4F217DD9,A59AA1012615A11C7600F5099465D3B9,SAT,True,True,True,0A9F3C3E6F3CC51142E4162D4F217DD9,0.4449856669998553,6.27252800000042,6.719225000000733,60,20736,343416,
single,1,2026092201,1,9,8,54BA8825B09C8F61616A521C21320479,0A9F3C3E6F3CC51142E4162D4F217DD9,A59AA1012615A11C7600F5099465D3B9,SAT,True,True,True,0A9F3C3E6F3CC51142E4162D4F217DD9,0.446507040999677,5.687926665999839,6.136274250000497,60,20736,343416,
single,1,2026092201,1,10,8,54BA8825B09C8F61616A521C21320479,0A9F3C3E6F3CC51142E4162D4F217DD9,A59AA1012615A11C7600F5099465D3B9,SAT,True,True,True,0A9F3C3E6F3CC51142E4162D4F217DD9,0.4505727920004574,5.714787916000205,6.167178457999398,60,20736,343416,
single,1,2026092201,1,11,8,54BA8825B09C8F61616A521C21320479,0A9F3C3E6F3CC51142E4162D4F217DD9,A59AA1012615A11C7600F5099465D3B9,SAT,True,True,True,0A9F3C3E6F3CC51142E4162D4F217DD9,0.45448845800001436,5.567766125000162,6.0239843749996,60,20736,343416,
single,1,2026092201,1,12,8,54BA8825B09C8F61616A521C21320479,0A9F3C3E6F3CC51142E4162D4F217DD9,A59AA1012615A11C7600F5099465D3B9,SAT,True,True,True,0A9F3C3E6F3CC51142E4162D4F217DD9,0.45021325000016077,5.336559375000434,5.788567084000533,60,20736,343416,
single,1,2026092201,1,13,8,54BA8825B09C8F61616A521C21320479,0A9F3C3E6F3CC51142E4162D4F217DD9,A59AA1012615A11C7600F5099465D3B9,SAT,True,True,True,0A9F3C3E6F3CC51142E4162D4F217DD9,0.4615575419993547,6.084875624999768,6.54815516599956,60,20736,343416,
single,1,2026092201,1,14,8,54BA8825B09C8F61616A521C21320479,0A9F3C3E6F3CC51142E4162D4F217DD9,A59AA1012615A11C7600F5099465D3B9,SAT,True,True,True,0A9F3C3E6F3CC51142E4162D4F217DD9,0.4538172909997229,6.5291535419992215,6.984831959000076,60,20736,343416,
single,1,2026092201,1,15,8,54BA8825B09C8F61616A521C21320479,0A9F3C3E6F3CC51142E4162D4F217DD9,A59AA1012615A11C7600F5099465D3B9,SAT,True,True,True,0A9F3C3E6F3CC51142E4162D4F217DD9,0.45409887499954493,5.9286857910001345,6.384549209000397,60,20736,343416,
single,2,2026092202,1,0,8,B899811E605E419BAE301C265D754207,B7608EC5A5C23596F8EA64EAB55CEE7B,60446E0182BDCA35C94A64AF5A36300C,SAT,True,True,True,B7608EC5A5C23596F8EA64EAB55CEE7B,0.4783194169995113,5.439995415999874,5.920068958000229,60,20736,343416,
single,2,2026092202,1,1,8,B899811E605E419BAE301C265D754207,B7608EC5A5C23596F8EA64EAB55CEE7B,60446E0182BDCA35C94A64AF5A36300C,SAT,True,True,True,B7608EC5A5C23596F8EA64EAB55CEE7B,0.47134395800003404,5.182441667000603,5.655555250000361,60,20736,343416,
single,2,2026092202,1,2,8,B899811E605E419BAE301C265D754207,B7608EC5A5C23596F8EA64EAB55CEE7B,60446E0182BDCA35C94A64AF5A36300C,SAT,True,True,True,B7608EC5A5C23596F8EA64EAB55CEE7B,0.47415920899948105,6.150176207999721,6.6261146249999,60,20736,343416,
single,2,2026092202,1,3,8,B899811E605E419BAE301C265D754207,B7608EC5A5C23596F8EA64EAB55CEE7B,60446E0182BDCA35C94A64AF5A36300C,SAT,True,True,True,B7608EC5A5C23596F8EA64EAB55CEE7B,0.4650223750004443,4.449986665999859,4.916745708000235,60,20736,343416,
single,2,2026092202,1,4,8,B899811E605E419BAE301C265D754207,B7608EC5A5C23596F8EA64EAB55CEE7B,60446E0182BDCA35C94A64AF5A36300C,SAT,True,True,True,B7608EC5A5C23596F8EA64EAB55CEE7B,0.4475198330001149,5.645737083000313,6.095040791999963,60,20736,343416,
single,2,2026092202,1,5,8,B899811E605E419BAE301C265D754207,B7608EC5A5C23596F8EA64EAB55CEE7B,60446E0182BDCA35C94A64AF5A36300C,SAT,True,True,True,B7608EC5A5C23596F8EA64EAB55CEE7B,0.4500730420004402,6.150489540999843,6.60228166700017,60,20736,343416,
single,2,2026092202,1,6,8,B899811E605E419BAE301C265D754207,B7608EC5A5C23596F8EA64EAB55CEE7B,60446E0182BDCA35C94A64AF5A36300C,SAT,True,True,True,B7608EC5A5C23596F8EA64EAB55CEE7B,0.48366887499923905,6.405910208999558,6.891470708999805,60,20736,343416,
single,2,2026092202,1,7,8,B899811E605E419BAE301C265D754207,B7608EC5A5C23596F8EA64EAB55CEE7B,60446E0182BDCA35C94A64AF5A36300C,SAT,True,True,True,B7608EC5A5C23596F8EA64EAB55CEE7B,0.46958216599978186,6.736612874999992,7.207912832999682,60,20736,343416,
single,2,2026092202,1,8,8,B899811E605E419BAE301C265D754207,B7608EC5A5C23596F8EA64EAB55CEE7B,60446E0182BDCA35C94A64AF5A36300C,SAT,True,True,True,B7608EC5A5C23596F8EA64EAB55CEE7B,0.45171525000023394,7.040593167000225,7.494056125000498,60,20736,343416,
single,2,2026092202,1,9,8,B899811E605E419BAE301C265D754207,B7608EC5A5C23596F8EA64EAB55CEE7B,60446E0182BDCA35C94A64AF5A36300C,SAT,True,True,True,B7608EC5A5C23596F8EA64EAB55CEE7B,0.45850120799968863,6.391439625000203,6.851659375000054,60,20736,343416,
single,2,2026092202,1,10,8,B899811E605E419BAE301C265D754207,B7608EC5A5C23596F8EA64EAB55CEE7B,60446E0182BDCA35C94A64AF5A36300C,SAT,True,True,True,B7608EC5A5C23596F8EA64EAB55CEE7B,0.45833595800013427,5.9538331250005285,6.413964874999692,60,20736,343416,
single,2,2026092202,1,11,8,B899811E605E419BAE301C265D754207,B7608EC5A5C23596F8EA64EAB55CEE7B,60446E0182BDCA35C94A64AF5A36300C,SAT,True,True,True,B7608EC5A5C23596F8EA64EAB55CEE7B,0.45840429100007896,6.375945624999986,6.8360639170005015,60,20736,343416,
single,2,2026092202,1,12,8,B899811E605E419BAE301C265D754207,B7608EC5A5C23596F8EA64EAB55CEE7B,60446E0182BDCA35C94A64AF5A36300C,SAT,True,True,True,B7608EC5A5C23596F8EA64EAB55CEE7B,0.45454995799991593,6.145856333999291,6.602140709000196,60,20736,343416,
single,2,2026092202,1,13,8,B899811E605E419BAE301C265D754207,B7608EC5A5C23596F8EA64EAB55CEE7B,60446E0182BDCA35C94A64AF5A36300C,SAT,True,True,True,B7608EC5A5C23596F8EA64EAB55CEE7B,0.45972600000004604,6.340802832999543,6.802245207999476,60,20736,343416,
single,2,2026092202,1,14,8,B899811E605E419BAE301C265D754207,B7608EC5A5C23596F8EA64EAB55CEE7B,60446E0182BDCA35C94A64AF5A36300C,SAT,True,True,True,B7608EC5A5C23596F8EA64EAB55CEE7B,0.4506937090000065,6.249855791999835,6.702285332999963,60,20736,343416,
single,2,2026092202,1,15,8,B899811E605E419BAE301C265D754207,B7608EC5A5C23596F8EA64EAB55CEE7B,60446E0182BDCA35C94A64AF5A36300C,SAT,True,True,True,B7608EC5A5C23596F8EA64EAB55CEE7B,0.46189370800038887,5.47913541700018,5.942820666999978,60,20736,343416,
single,3,2026092203,1,0,8,3038FE80E479B85E8FF9943498EFA8A9,7C6FB8C03288380794B939E4064293F4,C462599C6439D2256C8BF9524973EB28,SAT,True,True,True,7C6FB8C03288380794B939E4064293F4,0.4592223749996265,5.642928833000042,6.1038799159996415,60,20736,343416,
single,3,2026092203,1,1,8,3038FE80E479B85E8FF9943498EFA8A9,7C6FB8C03288380794B939E4064293F4,C462599C6439D2256C8BF9524973EB28,SAT,True,True,True,7C6FB8C03288380794B939E4064293F4,0.4504799169999387,6.158881917000144,6.6110847909994845,60,20736,343416,
single,3,2026092203,1,2,8,3038FE80E479B85E8FF9943498EFA8A9,7C6FB8C03288380794B939E4064293F4,C462599C6439D2256C8BF9524973EB28,SAT,True,True,True,7C6FB8C03288380794B939E4064293F4,0.4603422909995061,6.405595332999837,6.867670292000184,60,20736,343416,
single,3,2026092203,1,3,8,3038FE80E479B85E8FF9943498EFA8A9,7C6FB8C03288380794B939E4064293F4,C462599C6439D2256C8BF9524973EB28,SAT,True,True,True,7C6FB8C03288380794B939E4064293F4,0.47238287500022125,6.367918750000172,6.842019791999519,60,20736,343416,
single,3,2026092203,1,4,8,3038FE80E479B85E8FF9943498EFA8A9,7C6FB8C03288380794B939E4064293F4,C462599C6439D2256C8BF9524973EB28,SAT,True,True,True,7C6FB8C03288380794B939E4064293F4,0.44761004200063326,6.9299709169999915,7.379409041999679,60,20736,343416,
single,3,2026092203,1,5,8,3038FE80E479B85E8FF9943498EFA8A9,7C6FB8C03288380794B939E4064293F4,C462599C6439D2256C8BF9524973EB28,SAT,True,True,True,7C6FB8C03288380794B939E4064293F4,0.46489924999968935,5.50763999999981,5.974446582999917,60,20736,343416,
single,3,2026092203,1,6,8,3038FE80E479B85E8FF9943498EFA8A9,7C6FB8C03288380794B939E4064293F4,C462599C6439D2256C8BF9524973EB28,SAT,True,True,True,7C6FB8C03288380794B939E4064293F4,0.4523692499997196,5.369978249999804,5.824256541999603,60,20736,343416,
single,3,2026092203,1,7,8,3038FE80E479B85E8FF9943498EFA8A9,7C6FB8C03288380794B939E4064293F4,C462599C6439D2256C8BF9524973EB28,SAT,True,True,True,7C6FB8C03288380794B939E4064293F4,0.46727924999959214,5.020453457999793,5.490413083000021,60,20736,343416,
single,3,2026092203,1,8,8,3038FE80E479B85E8FF9943498EFA8A9,7C6FB8C03288380794B939E4064293F4,C462599C6439D2256C8BF9524973EB28,SAT,True,True,True,7C6FB8C03288380794B939E4064293F4,0.44953137499942386,5.998667791000116,6.449962333000258,60,20736,343416,
single,3,2026092203,1,9,8,3038FE80E479B85E8FF9943498EFA8A9,7C6FB8C03288380794B939E4064293F4,C462599C6439D2256C8BF9524973EB28,SAT,True,True,True,7C6FB8C03288380794B939E4064293F4,0.4494066669994936,5.290195374999712,5.741339875000449,60,20736,343416,
single,3,2026092203,1,10,8,3038FE80E479B85E8FF9943498EFA8A9,7C6FB8C03288380794B939E4064293F4,C462599C6439D2256C8BF9524973EB28,SAT,True,True,True,7C6FB8C03288380794B939E4064293F4,0.45109079199937696,6.664091208000173,7.116909667000073,60,20736,343416,
single,3,2026092203,1,11,8,3038FE80E479B85E8FF9943498EFA8A9,7C6FB8C03288380794B939E4064293F4,C462599C6439D2256C8BF9524973EB28,SAT,True,True,True,7C6FB8C03288380794B939E4064293F4,0.4519501250006215,4.931482916000277,5.385201375000179,60,20736,343416,
single,3,2026092203,1,12,8,3038FE80E479B85E8FF9943498EFA8A9,7C6FB8C03288380794B939E4064293F4,C462599C6439D2256C8BF9524973EB28,SAT,True,True,True,7C6FB8C03288380794B939E4064293F4,0.4576164999998582,5.683478208000452,6.142817749999267,60,20736,343416,
single,3,2026092203,1,13,8,3038FE80E479B85E8FF9943498EFA8A9,7C6FB8C03288380794B939E4064293F4,C462599C6439D2256C8BF9524973EB28,SAT,True,True,True,7C6FB8C03288380794B939E4064293F4,0.44779095800004143,5.497377624999899,5.94691524999962,60,20736,343416,
single,3,2026092203,1,14,8,3038FE80E479B85E8FF9943498EFA8A9,7C6FB8C03288380794B939E4064293F4,C462599C6439D2256C8BF9524973EB28,SAT,True,True,True,7C6FB8C03288380794B939E4064293F4,0.4492980839995653,5.432588874999965,5.883613250000053,60,20736,343416,
single,3,2026092203,1,15,8,3038FE80E479B85E8FF9943498EFA8A9,7C6FB8C03288380794B939E4064293F4,C462599C6439D2256C8BF9524973EB28,SAT,True,True,True,7C6FB8C03288380794B939E4064293F4,0.4472249169994029,6.116739083000539,6.565691875000084,60,20736,343416,
single,4,2026092204,1,0,8,6CB8F32A29EB4BA55D8FCE21411E4F05,F446D1F6301267C051B6B2EBE614656E,32D28FD4EF8DEAA754F7EBC78DAFCCB9,SAT,True,True,True,F446D1F6301267C051B6B2EBE614656E,0.44921741699999984,6.530839499999274,6.981776333000198,60,20736,343416,
single,4,2026092204,1,1,8,6CB8F32A29EB4BA55D8FCE21411E4F05,F446D1F6301267C051B6B2EBE614656E,32D28FD4EF8DEAA754F7EBC78DAFCCB9,SAT,True,True,True,F446D1F6301267C051B6B2EBE614656E,0.4648146669997004,6.145015375000185,6.6115945829997145,60,20736,343416,
single,4,2026092204,1,2,8,6CB8F32A29EB4BA55D8FCE21411E4F05,F446D1F6301267C051B6B2EBE614656E,32D28FD4EF8DEAA754F7EBC78DAFCCB9,SAT,True,True,True,F446D1F6301267C051B6B2EBE614656E,0.47004241600006935,5.332266375000472,5.8040580830002,60,20736,343416,
single,4,2026092204,1,3,8,6CB8F32A29EB4BA55D8FCE21411E4F05,F446D1F6301267C051B6B2EBE614656E,32D28FD4EF8DEAA754F7EBC78DAFCCB9,SAT,True,True,True,F446D1F6301267C051B6B2EBE614656E,0.45132904199999757,5.861702041999706,6.314745167000183,60,20736,343416,
single,4,2026092204,1,4,8,6CB8F32A29EB4BA55D8FCE21411E4F05,F446D1F6301267C051B6B2EBE614656E,32D28FD4EF8DEAA754F7EBC78DAFCCB9,SAT,True,True,True,F446D1F6301267C051B6B2EBE614656E,0.46457195800030604,6.461346042000514,6.927702291999594,60,20736,343416,
single,4,2026092204,1,5,8,6CB8F32A29EB4BA55D8FCE21411E4F05,F446D1F6301267C051B6B2EBE614656E,32D28FD4EF8DEAA754F7EBC78DAFCCB9,SAT,True,True,True,F446D1F6301267C051B6B2EBE614656E,0.44903954100027477,5.969585833000565,6.420454583999344,60,20736,343416,
single,4,2026092204,1,6,8,6CB8F32A29EB4BA55D8FCE21411E4F05,F446D1F6301267C051B6B2EBE614656E,32D28FD4EF8DEAA754F7EBC78DAFCCB9,SAT,True,True,True,F446D1F6301267C051B6B2EBE614656E,0.4510497500004931,5.199807332999626,5.652583624999352,60,20736,343416,
single,4,2026092204,1,7,8,6CB8F32A29EB4BA55D8FCE21411E4F05,F446D1F6301267C051B6B2EBE614656E,32D28FD4EF8DEAA754F7EBC78DAFCCB9,SAT,True,True,True,F446D1F6301267C051B6B2EBE614656E,0.4506279999995968,6.177171291999912,6.629515790999903,60,20736,343416,
single,4,2026092204,1,8,8,6CB8F32A29EB4BA55D8FCE21411E4F05,F446D1F6301267C051B6B2EBE614656E,32D28FD4EF8DEAA754F7EBC78DAFCCB9,SAT,True,True,True,F446D1F6301267C051B6B2EBE614656E,0.4502427079996778,4.2893520419993365,4.741484833000868,60,20736,343416,
single,4,2026092204,1,9,8,6CB8F32A29EB4BA55D8FCE21411E4F05,F446D1F6301267C051B6B2EBE614656E,32D28FD4EF8DEAA754F7EBC78DAFCCB9,SAT,True,True,True,F446D1F6301267C051B6B2EBE614656E,0.45300837500053603,5.525563000000147,5.980303082999853,60,20736,343416,
single,4,2026092204,1,10,8,6CB8F32A29EB4BA55D8FCE21411E4F05,F446D1F6301267C051B6B2EBE614656E,32D28FD4EF8DEAA754F7EBC78DAFCCB9,SAT,True,True,True,F446D1F6301267C051B6B2EBE614656E,0.45010991699928127,4.8159063749999405,5.267755500000021,60,20736,343416,
single,4,2026092204,1,11,8,6CB8F32A29EB4BA55D8FCE21411E4F05,F446D1F6301267C051B6B2EBE614656E,32D28FD4EF8DEAA754F7EBC78DAFCCB9,SAT,True,True,True,F446D1F6301267C051B6B2EBE614656E,0.4617307919997984,5.551893459000894,6.015366040999652,60,20736,343416,
single,4,2026092204,1,12,8,6CB8F32A29EB4BA55D8FCE21411E4F05,F446D1F6301267C051B6B2EBE614656E,32D28FD4EF8DEAA754F7EBC78DAFCCB9,SAT,True,True,True,F446D1F6301267C051B6B2EBE614656E,0.4512722500003292,4.590044916999432,5.043084750000162,60,20736,343416,
single,4,2026092204,1,13,8,6CB8F32A29EB4BA55D8FCE21411E4F05,F446D1F6301267C051B6B2EBE614656E,32D28FD4EF8DEAA754F7EBC78DAFCCB9,SAT,True,True,True,F446D1F6301267C051B6B2EBE614656E,0.4663857499999722,5.083299750000151,5.551496875000339,60,20736,343416,
single,4,2026092204,1,14,8,6CB8F32A29EB4BA55D8FCE21411E4F05,F446D1F6301267C051B6B2EBE614656E,32D28FD4EF8DEAA754F7EBC78DAFCCB9,SAT,True,True,True,F446D1F6301267C051B6B2EBE614656E,0.4547402919997694,5.247598124999968,5.704068290999203,60,20736,343416,
single,4,2026092204,1,15,8,6CB8F32A29EB4BA55D8FCE21411E4F05,F446D1F6301267C051B6B2EBE614656E,32D28FD4EF8DEAA754F7EBC78DAFCCB9,SAT,True,True,True,F446D1F6301267C051B6B2EBE614656E,0.44912304199988284,4.653377458999785,5.104270583999096,60,20736,343416,
single,5,2026092205,1,0,8,0ACF2B1DF582EA98A288A2C05B27DB70,27DC64965E2FF5723B463E9974CF1B24,9F277BA342E5A31F7B5AC43482DCB95D,SAT,True,True,True,27DC64965E2FF5723B463E9974CF1B24,0.4670349999996688,4.88178599999992,5.3505817920013214,60,20736,343416,
single,5,2026092205,1,1,8,0ACF2B1DF582EA98A288A2C05B27DB70,27DC64965E2FF5723B463E9974CF1B24,9F277BA342E5A31F7B5AC43482DCB95D,SAT,True,True,True,27DC64965E2FF5723B463E9974CF1B24,0.45278270800008613,5.463258416000826,5.9177693750007165,60,20736,343416,
single,5,2026092205,1,2,8,0ACF2B1DF582EA98A288A2C05B27DB70,27DC64965E2FF5723B463E9974CF1B24,9F277BA342E5A31F7B5AC43482DCB95D,SAT,True,True,True,27DC64965E2FF5723B463E9974CF1B24,0.46513483299895597,7.153503333000117,7.620374666999851,60,20736,343416,
single,5,2026092205,1,3,8,0ACF2B1DF582EA98A288A2C05B27DB70,27DC64965E2FF5723B463E9974CF1B24,9F277BA342E5A31F7B5AC43482DCB95D,SAT,True,True,True,27DC64965E2FF5723B463E9974CF1B24,0.4570153330005269,4.796878291999747,5.255715125000279,60,20736,343416,
single,5,2026092205,1,4,8,0ACF2B1DF582EA98A288A2C05B27DB70,27DC64965E2FF5723B463E9974CF1B24,9F277BA342E5A31F7B5AC43482DCB95D,SAT,True,True,True,27DC64965E2FF5723B463E9974CF1B24,0.46238220800114505,5.866275709000547,6.330383582999275,60,20736,343416,
single,5,2026092205,1,5,8,0ACF2B1DF582EA98A288A2C05B27DB70,27DC64965E2FF5723B463E9974CF1B24,9F277BA342E5A31F7B5AC43482DCB95D,SAT,True,True,True,27DC64965E2FF5723B463E9974CF1B24,0.4536427080001886,5.2636003749994416,5.7189608339995175,60,20736,343416,
single,5,2026092205,1,6,8,0ACF2B1DF582EA98A288A2C05B27DB70,27DC64965E2FF5723B463E9974CF1B24,9F277BA342E5A31F7B5AC43482DCB95D,SAT,True,True,True,27DC64965E2FF5723B463E9974CF1B24,0.45150270799967984,4.3365343330006,4.789828790999309,60,20736,343416,
single,5,2026092205,1,7,8,0ACF2B1DF582EA98A288A2C05B27DB70,27DC64965E2FF5723B463E9974CF1B24,9F277BA342E5A31F7B5AC43482DCB95D,SAT,True,True,True,27DC64965E2FF5723B463E9974CF1B24,0.46019008300027053,5.145536291000099,5.60749691700039,60,20736,343416,
single,5,2026092205,1,8,8,0ACF2B1DF582EA98A288A2C05B27DB70,27DC64965E2FF5723B463E9974CF1B24,9F277BA342E5A31F7B5AC43482DCB95D,SAT,True,True,True,27DC64965E2FF5723B463E9974CF1B24,0.45831587499924353,6.180845333999969,6.640916708998702,60,20736,343416,
single,5,2026092205,1,9,8,0ACF2B1DF582EA98A288A2C05B27DB70,27DC64965E2FF5723B463E9974CF1B24,9F277BA342E5A31F7B5AC43482DCB95D,SAT,True,True,True,27DC64965E2FF5723B463E9974CF1B24,0.4614033749985538,5.2580401670002175,5.721152125001026,60,20736,343416,
single,5,2026092205,1,10,8,0ACF2B1DF582EA98A288A2C05B27DB70,27DC64965E2FF5723B463E9974CF1B24,9F277BA342E5A31F7B5AC43482DCB95D,SAT,True,True,True,27DC64965E2FF5723B463E9974CF1B24,0.45629987500069547,5.358283666000716,5.816338667000309,60,20736,343416,
single,5,2026092205,1,11,8,0ACF2B1DF582EA98A288A2C05B27DB70,27DC64965E2FF5723B463E9974CF1B24,9F277BA342E5A31F7B5AC43482DCB95D,SAT,True,True,True,27DC64965E2FF5723B463E9974CF1B24,0.4725898340002459,4.050938999998834,4.525288000000728,60,20736,343416,
single,5,2026092205,1,12,8,0ACF2B1DF582EA98A288A2C05B27DB70,27DC64965E2FF5723B463E9974CF1B24,9F277BA342E5A31F7B5AC43482DCB95D,SAT,True,True,True,27DC64965E2FF5723B463E9974CF1B24,0.4667646670004615,5.6721410829995875,6.140731875000711,60,20736,343416,
single,5,2026092205,1,13,8,0ACF2B1DF582EA98A288A2C05B27DB70,27DC64965E2FF5723B463E9974CF1B24,9F277BA342E5A31F7B5AC43482DCB95D,SAT,True,True,True,27DC64965E2FF5723B463E9974CF1B24,0.46103233299982094,6.812112374998833,7.274905917000069,60,20736,343416,
single,5,2026092205,1,14,8,0ACF2B1DF582EA98A288A2C05B27DB70,27DC64965E2FF5723B463E9974CF1B24,9F277BA342E5A31F7B5AC43482DCB95D,SAT,True,True,True,27DC64965E2FF5723B463E9974CF1B24,0.46117320800112793,6.432906084000933,6.89583841700005,60,20736,343416,
single,5,2026092205,1,15,8,0ACF2B1DF582EA98A288A2C05B27DB70,27DC64965E2FF5723B463E9974CF1B24,9F277BA342E5A31F7B5AC43482DCB95D,SAT,True,True,True,27DC64965E2FF5723B463E9974CF1B24,0.45770495800024946,5.563992499999586,6.023542000000816,60,20736,343416,
single,6,2026092206,1,0,8,EAB7D104BB4DC3B31124B652A22F4BC7,B186D2D17C35178BD5C6E9E0A1E002EC,B27D718AC8F2F13E2F3D98497365D2C3,SAT,True,True,True,B186D2D17C35178BD5C6E9E0A1E002EC,0.4591544579998299,5.342464249999466,5.803439833000084,60,20736,343416,
single,6,2026092206,1,1,8,EAB7D104BB4DC3B31124B652A22F4BC7,B186D2D17C35178BD5C6E9E0A1E002EC,B27D718AC8F2F13E2F3D98497365D2C3,SAT,True,True,True,B186D2D17C35178BD5C6E9E0A1E002EC,0.4582658340004855,5.301121459000569,5.761217375000342,60,20736,343416,
single,6,2026092206,1,2,8,EAB7D104BB4DC3B31124B652A22F4BC7,B186D2D17C35178BD5C6E9E0A1E002EC,B27D718AC8F2F13E2F3D98497365D2C3,SAT,True,True,True,B186D2D17C35178BD5C6E9E0A1E002EC,0.4674708329985151,5.166924499999368,5.636150832999192,60,20736,343416,
single,6,2026092206,1,3,8,EAB7D104BB4DC3B31124B652A22F4BC7,B186D2D17C35178BD5C6E9E0A1E002EC,B27D718AC8F2F13E2F3D98497365D2C3,SAT,True,True,True,B186D2D17C35178BD5C6E9E0A1E002EC,0.45720520799841324,4.923041291000118,5.382074332999764,60,20736,343416,
single,6,2026092206,1,4,8,EAB7D104BB4DC3B31124B652A22F4BC7,B186D2D17C35178BD5C6E9E0A1E002EC,B27D718AC8F2F13E2F3D98497365D2C3,SAT,True,True,True,B186D2D17C35178BD5C6E9E0A1E002EC,0.47834462500031805,5.869430582999485,6.349533999999039,60,20736,343416,
single,6,2026092206,1,5,8,EAB7D104BB4DC3B31124B652A22F4BC7,B186D2D17C35178BD5C6E9E0A1E002EC,B27D718AC8F2F13E2F3D98497365D2C3,SAT,True,True,True,B186D2D17C35178BD5C6E9E0A1E002EC,0.4580086249989108,5.086127583999769,5.545887333999417,60,20736,343416,
single,6,2026092206,1,6,8,EAB7D104BB4DC3B31124B652A22F4BC7,B186D2D17C35178BD5C6E9E0A1E002EC,B27D718AC8F2F13E2F3D98497365D2C3,SAT,True,True,True,B186D2D17C35178BD5C6E9E0A1E002EC,0.46033587500096473,5.507923458000732,5.9700271250003425,60,20736,343416,
single,6,2026092206,1,7,8,EAB7D104BB4DC3B31124B652A22F4BC7,B186D2D17C35178BD5C6E9E0A1E002EC,B27D718AC8F2F13E2F3D98497365D2C3,SAT,True,True,True,B186D2D17C35178BD5C6E9E0A1E002EC,0.45780366599865374,6.2508684169988555,6.7104257909995795,60,20736,343416,
single,6,2026092206,1,8,8,EAB7D104BB4DC3B31124B652A22F4BC7,B186D2D17C35178BD5C6E9E0A1E002EC,B27D718AC8F2F13E2F3D98497365D2C3,SAT,True,True,True,B186D2D17C35178BD5C6E9E0A1E002EC,0.45780466699943645,6.658540958000231,7.118104417000723,60,20736,343416,
single,6,2026092206,1,9,8,EAB7D104BB4DC3B31124B652A22F4BC7,B186D2D17C35178BD5C6E9E0A1E002EC,B27D718AC8F2F13E2F3D98497365D2C3,SAT,True,True,True,B186D2D17C35178BD5C6E9E0A1E002EC,0.45885533400178247,4.780654250000225,5.241336916998989,60,20736,343416,
single,6,2026092206,1,10,8,EAB7D104BB4DC3B31124B652A22F4BC7,B186D2D17C35178BD5C6E9E0A1E002EC,B27D718AC8F2F13E2F3D98497365D2C3,SAT,True,True,True,B186D2D17C35178BD5C6E9E0A1E002EC,0.47589179199894716,5.517956667001272,5.995602958000745,60,20736,343416,
single,6,2026092206,1,11,8,EAB7D104BB4DC3B31124B652A22F4BC7,B186D2D17C35178BD5C6E9E0A1E002EC,B27D718AC8F2F13E2F3D98497365D2C3,SAT,True,True,True,B186D2D17C35178BD5C6E9E0A1E002EC,0.46027445899926533,4.659009041999525,5.1211118749997695,60,20736,343416,
single,6,2026092206,1,12,8,EAB7D104BB4DC3B31124B652A22F4BC7,B186D2D17C35178BD5C6E9E0A1E002EC,B27D718AC8F2F13E2F3D98497365D2C3,SAT,True,True,True,B186D2D17C35178BD5C6E9E0A1E002EC,0.5254422910002177,5.268389124999885,5.795582250000734,60,20736,343416,
single,6,2026092206,1,13,8,EAB7D104BB4DC3B31124B652A22F4BC7,B186D2D17C35178BD5C6E9E0A1E002EC,B27D718AC8F2F13E2F3D98497365D2C3,SAT,True,True,True,B186D2D17C35178BD5C6E9E0A1E002EC,0.4610109580007702,5.3903702500010695,5.853085583999928,60,20736,343416,
single,6,2026092206,1,14,8,EAB7D104BB4DC3B31124B652A22F4BC7,B186D2D17C35178BD5C6E9E0A1E002EC,B27D718AC8F2F13E2F3D98497365D2C3,SAT,True,True,True,B186D2D17C35178BD5C6E9E0A1E002EC,0.4539294169990171,5.508505499999956,5.964399000000412,60,20736,343416,
single,6,2026092206,1,15,8,EAB7D104BB4DC3B31124B652A22F4BC7,B186D2D17C35178BD5C6E9E0A1E002EC,B27D718AC8F2F13E2F3D98497365D2C3,SAT,True,True,True,B186D2D17C35178BD5C6E9E0A1E002EC,0.4637655829992582,5.152793749999546,5.618348915999377,60,20736,343416,
single,7,2026092207,1,0,8,DFA75E09A281F6C67D69889E1F17D1CB,96ADA1C8A5655BC7336D8C2B1A8C8A46,A0ECC8F7038B51E69E4BC057BCE1EEED,SAT,True,True,True,96ADA1C8A5655BC7336D8C2B1A8C8A46,0.46441500000037195,6.039152375000413,6.5053472079998755,60,20736,343416,
single,7,2026092207,1,1,8,DFA75E09A281F6C67D69889E1F17D1CB,96ADA1C8A5655BC7336D8C2B1A8C8A46,A0ECC8F7038B51E69E4BC057BCE1EEED,SAT,True,True,True,96ADA1C8A5655BC7336D8C2B1A8C8A46,0.49248666599851276,5.172987833000661,5.667242875000738,60,20736,343416,
single,7,2026092207,1,2,8,DFA75E09A281F6C67D69889E1F17D1CB,96ADA1C8A5655BC7336D8C2B1A8C8A46,A0ECC8F7038B51E69E4BC057BCE1EEED,SAT,True,True,True,96ADA1C8A5655BC7336D8C2B1A8C8A46,0.46091583400084346,5.589767416999166,6.052518374999636,60,20736,343416,
single,7,2026092207,1,3,8,DFA75E09A281F6C67D69889E1F17D1CB,96ADA1C8A5655BC7336D8C2B1A8C8A46,A0ECC8F7038B51E69E4BC057BCE1EEED,SAT,True,True,True,96ADA1C8A5655BC7336D8C2B1A8C8A46,0.46794683300140605,6.126863249999587,6.5965785829994275,60,20736,343416,
single,7,2026092207,1,4,8,DFA75E09A281F6C67D69889E1F17D1CB,96ADA1C8A5655BC7336D8C2B1A8C8A46,A0ECC8F7038B51E69E4BC057BCE1EEED,SAT,True,True,True,96ADA1C8A5655BC7336D8C2B1A8C8A46,0.44920900000033726,6.36985095899945,6.820792000000438,60,20736,343416,
single,7,2026092207,1,5,8,DFA75E09A281F6C67D69889E1F17D1CB,96ADA1C8A5655BC7336D8C2B1A8C8A46,A0ECC8F7038B51E69E4BC057BCE1EEED,SAT,True,True,True,96ADA1C8A5655BC7336D8C2B1A8C8A46,0.6076314590009133,5.256949665999855,5.866351749999012,60,20736,343416,
single,7,2026092207,1,6,8,DFA75E09A281F6C67D69889E1F17D1CB,96ADA1C8A5655BC7336D8C2B1A8C8A46,A0ECC8F7038B51E69E4BC057BCE1EEED,SAT,True,True,True,96ADA1C8A5655BC7336D8C2B1A8C8A46,0.45035729200026253,6.5788421659999585,7.030923000000257,60,20736,343416,
single,7,2026092207,1,7,8,DFA75E09A281F6C67D69889E1F17D1CB,96ADA1C8A5655BC7336D8C2B1A8C8A46,A0ECC8F7038B51E69E4BC057BCE1EEED,SAT,True,True,True,96ADA1C8A5655BC7336D8C2B1A8C8A46,0.446603624999625,5.037417875000756,5.485937499999636,60,20736,343416,
single,7,2026092207,1,8,8,DFA75E09A281F6C67D69889E1F17D1CB,96ADA1C8A5655BC7336D8C2B1A8C8A46,A0ECC8F7038B51E69E4BC057BCE1EEED,SAT,True,True,True,96ADA1C8A5655BC7336D8C2B1A8C8A46,0.47078708300068683,5.902212291999604,6.374797124999532,60,20736,343416,
single,7,2026092207,1,9,8,DFA75E09A281F6C67D69889E1F17D1CB,96ADA1C8A5655BC7336D8C2B1A8C8A46,A0ECC8F7038B51E69E4BC057BCE1EEED,SAT,True,True,True,96ADA1C8A5655BC7336D8C2B1A8C8A46,0.4674538750005013,6.86296612499973,7.337315042001137,60,20736,343416,
single,7,2026092207,1,10,8,DFA75E09A281F6C67D69889E1F17D1CB,96ADA1C8A5655BC7336D8C2B1A8C8A46,A0ECC8F7038B51E69E4BC057BCE1EEED,SAT,True,True,True,96ADA1C8A5655BC7336D8C2B1A8C8A46,1.2303357090004283,6.264443250000113,7.496552582999357,60,20736,343416,
single,7,2026092207,1,11,8,DFA75E09A281F6C67D69889E1F17D1CB,96ADA1C8A5655BC7336D8C2B1A8C8A46,A0ECC8F7038B51E69E4BC057BCE1EEED,SAT,True,True,True,96ADA1C8A5655BC7336D8C2B1A8C8A46,0.4701272500005871,5.347776291999253,5.819632124999771,60,20736,343416,
single,7,2026092207,1,12,8,DFA75E09A281F6C67D69889E1F17D1CB,96ADA1C8A5655BC7336D8C2B1A8C8A46,A0ECC8F7038B51E69E4BC057BCE1EEED,SAT,True,True,True,96ADA1C8A5655BC7336D8C2B1A8C8A46,0.4494251249998342,6.678890291999778,7.1301778750002995,60,20736,343416,
single,7,2026092207,1,13,8,DFA75E09A281F6C67D69889E1F17D1CB,96ADA1C8A5655BC7336D8C2B1A8C8A46,A0ECC8F7038B51E69E4BC057BCE1EEED,SAT,True,True,True,96ADA1C8A5655BC7336D8C2B1A8C8A46,0.457734249999703,6.080170624998573,6.539622166999834,60,20736,343416,
single,7,2026092207,1,14,8,DFA75E09A281F6C67D69889E1F17D1CB,96ADA1C8A5655BC7336D8C2B1A8C8A46,A0ECC8F7038B51E69E4BC057BCE1EEED,SAT,True,True,True,96ADA1C8A5655BC7336D8C2B1A8C8A46,0.44970120799916913,4.8945339170004445,5.345963458999904,60,20736,343416,
single,7,2026092207,1,15,8,DFA75E09A281F6C67D69889E1F17D1CB,96ADA1C8A5655BC7336D8C2B1A8C8A46,A0ECC8F7038B51E69E4BC057BCE1EEED,SAT,True,True,True,96ADA1C8A5655BC7336D8C2B1A8C8A46,0.46409845799826144,5.4539939160004,5.919823332998931,60,20736,343416,
single,8,2026092208,1,0,8,BA104FF645EA22FC92AFA622CB321F04,8755D8567C563DF69B34F3B042C3B03C,DD4E432925638ECFAFC4AFDFC01519F8,SAT,True,True,True,8755D8567C563DF69B34F3B042C3B03C,0.45030770899938943,4.861402499998803,5.313476000001174,60,20736,343416,
single,8,2026092208,1,1,8,BA104FF645EA22FC92AFA622CB321F04,8755D8567C563DF69B34F3B042C3B03C,DD4E432925638ECFAFC4AFDFC01519F8,SAT,True,True,True,8755D8567C563DF69B34F3B042C3B03C,0.4627235829993879,4.998002457999974,5.462502084001244,60,20736,343416,
single,8,2026092208,1,2,8,BA104FF645EA22FC92AFA622CB321F04,8755D8567C563DF69B34F3B042C3B03C,DD4E432925638ECFAFC4AFDFC01519F8,SAT,True,True,True,8755D8567C563DF69B34F3B042C3B03C,0.460853374999715,6.074832791000517,6.537438499999553,60,20736,343416,
single,8,2026092208,1,3,8,BA104FF645EA22FC92AFA622CB321F04,8755D8567C563DF69B34F3B042C3B03C,DD4E432925638ECFAFC4AFDFC01519F8,SAT,True,True,True,8755D8567C563DF69B34F3B042C3B03C,0.45120245900034206,6.242753499998798,6.6957062920009776,60,20736,343416,
single,8,2026092208,1,4,8,BA104FF645EA22FC92AFA622CB321F04,8755D8567C563DF69B34F3B042C3B03C,DD4E432925638ECFAFC4AFDFC01519F8,SAT,True,True,True,8755D8567C563DF69B34F3B042C3B03C,0.4522704999999405,5.173183499999141,5.6272422919992096,60,20736,343416,
single,8,2026092208,1,5,8,BA104FF645EA22FC92AFA622CB321F04,8755D8567C563DF69B34F3B042C3B03C,DD4E432925638ECFAFC4AFDFC01519F8,SAT,True,True,True,8755D8567C563DF69B34F3B042C3B03C,0.4566218750005646,5.941137458999947,6.399493875000189,60,20736,343416,
single,8,2026092208,1,6,8,BA104FF645EA22FC92AFA622CB321F04,8755D8567C563DF69B34F3B042C3B03C,DD4E432925638ECFAFC4AFDFC01519F8,SAT,True,True,True,8755D8567C563DF69B34F3B042C3B03C,0.4477792910001881,5.549382208999305,5.998878332999084,60,20736,343416,
single,8,2026092208,1,7,8,BA104FF645EA22FC92AFA622CB321F04,8755D8567C563DF69B34F3B042C3B03C,DD4E432925638ECFAFC4AFDFC01519F8,SAT,True,True,True,8755D8567C563DF69B34F3B042C3B03C,0.4487349159990117,5.065336957999534,5.515925707999486,60,20736,343416,
single,8,2026092208,1,8,8,BA104FF645EA22FC92AFA622CB321F04,8755D8567C563DF69B34F3B042C3B03C,DD4E432925638ECFAFC4AFDFC01519F8,SAT,True,True,True,8755D8567C563DF69B34F3B042C3B03C,0.46408983299988904,7.48372045799988,7.949656374999904,60,20736,343416,
single,8,2026092208,1,9,8,BA104FF645EA22FC92AFA622CB321F04,8755D8567C563DF69B34F3B042C3B03C,DD4E432925638ECFAFC4AFDFC01519F8,SAT,True,True,True,8755D8567C563DF69B34F3B042C3B03C,0.45681983400027093,5.613764584000819,6.072339708000072,60,20736,343416,
single,8,2026092208,1,10,8,BA104FF645EA22FC92AFA622CB321F04,8755D8567C563DF69B34F3B042C3B03C,DD4E432925638ECFAFC4AFDFC01519F8,SAT,True,True,True,8755D8567C563DF69B34F3B042C3B03C,0.45439204100148345,5.280106707999948,5.7362651669991465,60,20736,343416,
single,8,2026092208,1,11,8,BA104FF645EA22FC92AFA622CB321F04,8755D8567C563DF69B34F3B042C3B03C,DD4E432925638ECFAFC4AFDFC01519F8,SAT,True,True,True,8755D8567C563DF69B34F3B042C3B03C,0.4662183330001426,6.062389082999289,6.530324249999467,60,20736,343416,
single,8,2026092208,1,12,8,BA104FF645EA22FC92AFA622CB321F04,8755D8567C563DF69B34F3B042C3B03C,DD4E432925638ECFAFC4AFDFC01519F8,SAT,True,True,True,8755D8567C563DF69B34F3B042C3B03C,0.44859700000051816,5.644055292001212,6.094397958000627,60,20736,343416,
single,8,2026092208,1,13,8,BA104FF645EA22FC92AFA622CB321F04,8755D8567C563DF69B34F3B042C3B03C,DD4E432925638ECFAFC4AFDFC01519F8,SAT,True,True,True,8755D8567C563DF69B34F3B042C3B03C,0.4475791250006296,6.309137250000276,6.758510582998497,60,20736,343416,
single,8,2026092208,1,14,8,BA104FF645EA22FC92AFA622CB321F04,8755D8567C563DF69B34F3B042C3B03C,DD4E432925638ECFAFC4AFDFC01519F8,SAT,True,True,True,8755D8567C563DF69B34F3B042C3B03C,0.45258770899999945,6.329608542000642,6.784030792001431,60,20736,343416,
single,8,2026092208,1,15,8,BA104FF645EA22FC92AFA622CB321F04,8755D8567C563DF69B34F3B042C3B03C,DD4E432925638ECFAFC4AFDFC01519F8,SAT,True,True,True,8755D8567C563DF69B34F3B042C3B03C,0.4529228330011392,4.262647707999349,4.717287583000143,60,20736,343416,
single,9,2026092209,1,0,8,162B52EC76C0B937A953433E41589F7C,84C9E33FAEA6E6B8EAA2DEEB7002D360,87F53C0F45CDD68B7A6386A7FCA826B1,SAT,True,True,True,84C9E33FAEA6E6B8EAA2DEEB7002D360,0.45565587500095717,6.058047624999745,6.515677125000366,60,20736,343416,
single,9,2026092209,1,1,8,162B52EC76C0B937A953433E41589F7C,84C9E33FAEA6E6B8EAA2DEEB7002D360,87F53C0F45CDD68B7A6386A7FCA826B1,SAT,True,True,True,84C9E33FAEA6E6B8EAA2DEEB7002D360,0.45409674999973504,6.003140958000586,6.459004459000425,60,20736,343416,
single,9,2026092209,1,2,8,162B52EC76C0B937A953433E41589F7C,84C9E33FAEA6E6B8EAA2DEEB7002D360,87F53C0F45CDD68B7A6386A7FCA826B1,SAT,True,True,True,84C9E33FAEA6E6B8EAA2DEEB7002D360,0.45203245900120237,5.3531847080012085,5.807083916999545,60,20736,343416,
single,9,2026092209,1,3,8,162B52EC76C0B937A953433E41589F7C,84C9E33FAEA6E6B8EAA2DEEB7002D360,87F53C0F45CDD68B7A6386A7FCA826B1,SAT,True,True,True,84C9E33FAEA6E6B8EAA2DEEB7002D360,0.4832291670008999,4.945758249999926,5.430842207999376,60,20736,343416,
single,9,2026092209,1,4,8,162B52EC76C0B937A953433E41589F7C,84C9E33FAEA6E6B8EAA2DEEB7002D360,87F53C0F45CDD68B7A6386A7FCA826B1,SAT,True,True,True,84C9E33FAEA6E6B8EAA2DEEB7002D360,0.4793368330010708,6.4891021250005,6.970364790999156,60,20736,343416,
single,9,2026092209,1,5,8,162B52EC76C0B937A953433E41589F7C,84C9E33FAEA6E6B8EAA2DEEB7002D360,87F53C0F45CDD68B7A6386A7FCA826B1,SAT,True,True,True,84C9E33FAEA6E6B8EAA2DEEB7002D360,0.48904887499884353,5.5195092919984745,6.01043404200027,60,20736,343416,
single,9,2026092209,1,6,8,162B52EC76C0B937A953433E41589F7C,84C9E33FAEA6E6B8EAA2DEEB7002D360,87F53C0F45CDD68B7A6386A7FCA826B1,SAT,True,True,True,84C9E33FAEA6E6B8EAA2DEEB7002D360,0.4922666249985923,6.566896332999022,7.060959541999182,60,20736,343416,
single,9,2026092209,1,7,8,162B52EC76C0B937A953433E41589F7C,84C9E33FAEA6E6B8EAA2DEEB7002D360,87F53C0F45CDD68B7A6386A7FCA826B1,SAT,True,True,True,84C9E33FAEA6E6B8EAA2DEEB7002D360,0.4855999579995114,8.211627167000188,8.699052415999176,60,20736,343416,
single,9,2026092209,1,8,8,162B52EC76C0B937A953433E41589F7C,84C9E33FAEA6E6B8EAA2DEEB7002D360,87F53C0F45CDD68B7A6386A7FCA826B1,SAT,True,True,True,84C9E33FAEA6E6B8EAA2DEEB7002D360,0.49118349999844213,6.21506537499954,6.70805591700082,60,20736,343416,
single,9,2026092209,1,9,8,162B52EC76C0B937A953433E41589F7C,84C9E33FAEA6E6B8EAA2DEEB7002D360,87F53C0F45CDD68B7A6386A7FCA826B1,SAT,True,True,True,84C9E33FAEA6E6B8EAA2DEEB7002D360,0.45244958399962343,5.257479707999664,5.711690082998757,60,20736,343416,
single,9,2026092209,1,10,8,162B52EC76C0B937A953433E41589F7C,84C9E33FAEA6E6B8EAA2DEEB7002D360,87F53C0F45CDD68B7A6386A7FCA826B1,SAT,True,True,True,84C9E33FAEA6E6B8EAA2DEEB7002D360,0.45199849999880826,4.696294082999884,5.150121250000666,60,20736,343416,
single,9,2026092209,1,11,8,162B52EC76C0B937A953433E41589F7C,84C9E33FAEA6E6B8EAA2DEEB7002D360,87F53C0F45CDD68B7A6386A7FCA826B1,SAT,True,True,True,84C9E33FAEA6E6B8EAA2DEEB7002D360,0.46116395799981547,5.762158500001533,6.22506437499942,60,20736,343416,
single,9,2026092209,1,12,8,162B52EC76C0B937A953433E41589F7C,84C9E33FAEA6E6B8EAA2DEEB7002D360,87F53C0F45CDD68B7A6386A7FCA826B1,SAT,True,True,True,84C9E33FAEA6E6B8EAA2DEEB7002D360,0.46292887500021607,5.57034399999975,6.035255167000287,60,20736,343416,
single,9,2026092209,1,13,8,162B52EC76C0B937A953433E41589F7C,84C9E33FAEA6E6B8EAA2DEEB7002D360,87F53C0F45CDD68B7A6386A7FCA826B1,SAT,True,True,True,84C9E33FAEA6E6B8EAA2DEEB7002D360,0.4622775839998212,6.290596791999633,6.754713875001471,60,20736,343416,
single,9,2026092209,1,14,8,162B52EC76C0B937A953433E41589F7C,84C9E33FAEA6E6B8EAA2DEEB7002D360,87F53C0F45CDD68B7A6386A7FCA826B1,SAT,True,True,True,84C9E33FAEA6E6B8EAA2DEEB7002D360,0.45913583299989114,5.637603249999302,6.098462959000244,60,20736,343416,
single,9,2026092209,1,15,8,162B52EC76C0B937A953433E41589F7C,84C9E33FAEA6E6B8EAA2DEEB7002D360,87F53C0F45CDD68B7A6386A7FCA826B1,SAT,True,True,True,84C9E33FAEA6E6B8EAA2DEEB7002D360,0.46286191699982737,7.205197875000522,7.670154583000112,60,20736,343416,
single,10,2026092210,1,0,8,1FFC2BA816BF862C6741FAF0E6144AB6,49085DB1E0DF9F4B5737BEFA978E380F,0B849E36DA4B0A710D80B4915BE0EF7E,SAT,True,True,True,49085DB1E0DF9F4B5737BEFA978E380F,0.5406530000000203,5.865456083998652,6.407909917001234,60,20736,343416,
single,10,2026092210,1,1,8,1FFC2BA816BF862C6741FAF0E6144AB6,49085DB1E0DF9F4B5737BEFA978E380F,0B849E36DA4B0A710D80B4915BE0EF7E,SAT,True,True,True,49085DB1E0DF9F4B5737BEFA978E380F,0.4557704159997229,4.970216458999857,5.427838749999864,60,20736,343416,
single,10,2026092210,1,2,8,1FFC2BA816BF862C6741FAF0E6144AB6,49085DB1E0DF9F4B5737BEFA978E380F,0B849E36DA4B0A710D80B4915BE0EF7E,SAT,True,True,True,49085DB1E0DF9F4B5737BEFA978E380F,0.4616997499997524,5.185207665999769,5.648638166001547,60,20736,343416,
single,10,2026092210,1,3,8,1FFC2BA816BF862C6741FAF0E6144AB6,49085DB1E0DF9F4B5737BEFA978E380F,0B849E36DA4B0A710D80B4915BE0EF7E,SAT,True,True,True,49085DB1E0DF9F4B5737BEFA978E380F,0.4508705000007467,6.409077457999956,6.861712957999771,60,20736,343416,
single,10,2026092210,1,4,8,1FFC2BA816BF862C6741FAF0E6144AB6,49085DB1E0DF9F4B5737BEFA978E380F,0B849E36DA4B0A710D80B4915BE0EF7E,SAT,True,True,True,49085DB1E0DF9F4B5737BEFA978E380F,0.45219608300067193,6.649405249998381,7.103327374999935,60,20736,343416,
single,10,2026092210,1,5,8,1FFC2BA816BF862C6741FAF0E6144AB6,49085DB1E0DF9F4B5737BEFA978E380F,0B849E36DA4B0A710D80B4915BE0EF7E,SAT,True,True,True,49085DB1E0DF9F4B5737BEFA978E380F,0.45574020899948664,6.143595166000523,6.601069792000999,60,20736,343416,
single,10,2026092210,1,6,8,1FFC2BA816BF862C6741FAF0E6144AB6,49085DB1E0DF9F4B5737BEFA978E380F,0B849E36DA4B0A710D80B4915BE0EF7E,SAT,True,True,True,49085DB1E0DF9F4B5737BEFA978E380F,0.44959895800093364,6.020342249999885,6.4717012499986595,60,20736,343416,
single,10,2026092210,1,7,8,1FFC2BA816BF862C6741FAF0E6144AB6,49085DB1E0DF9F4B5737BEFA978E380F,0B849E36DA4B0A710D80B4915BE0EF7E,SAT,True,True,True,49085DB1E0DF9F4B5737BEFA978E380F,0.45242079200033913,6.213479291998738,6.667630583000573,60,20736,343416,
single,10,2026092210,1,8,8,1FFC2BA816BF862C6741FAF0E6144AB6,49085DB1E0DF9F4B5737BEFA978E380F,0B849E36DA4B0A710D80B4915BE0EF7E,SAT,True,True,True,49085DB1E0DF9F4B5737BEFA978E380F,0.4522129169999971,6.946941457999856,7.400883416999932,60,20736,343416,
single,10,2026092210,1,9,8,1FFC2BA816BF862C6741FAF0E6144AB6,49085DB1E0DF9F4B5737BEFA978E380F,0B849E36DA4B0A710D80B4915BE0EF7E,SAT,True,True,True,49085DB1E0DF9F4B5737BEFA978E380F,0.45159158400019805,6.353835750000144,6.807167875000232,60,20736,343416,
single,10,2026092210,1,10,8,1FFC2BA816BF862C6741FAF0E6144AB6,49085DB1E0DF9F4B5737BEFA978E380F,0B849E36DA4B0A710D80B4915BE0EF7E,SAT,True,True,True,49085DB1E0DF9F4B5737BEFA978E380F,0.45813441700011026,5.401992125000106,5.861879166001017,60,20736,343416,
single,10,2026092210,1,11,8,1FFC2BA816BF862C6741FAF0E6144AB6,49085DB1E0DF9F4B5737BEFA978E380F,0B849E36DA4B0A710D80B4915BE0EF7E,SAT,True,True,True,49085DB1E0DF9F4B5737BEFA978E380F,0.4516793750008219,3.6352332909991674,4.08867199999986,60,20736,343416,
single,10,2026092210,1,12,8,1FFC2BA816BF862C6741FAF0E6144AB6,49085DB1E0DF9F4B5737BEFA978E380F,0B849E36DA4B0A710D80B4915BE0EF7E,SAT,True,True,True,49085DB1E0DF9F4B5737BEFA978E380F,0.4888826250007696,8.76911891599957,9.259786708998945,60,20736,343416,
single,10,2026092210,1,13,8,1FFC2BA816BF862C6741FAF0E6144AB6,49085DB1E0DF9F4B5737BEFA978E380F,0B849E36DA4B0A710D80B4915BE0EF7E,SAT,True,True,True,49085DB1E0DF9F4B5737BEFA978E380F,0.4836789159999171,6.331447250000565,6.816857583000456,60,20736,343416,
single,10,2026092210,1,14,8,1FFC2BA816BF862C6741FAF0E6144AB6,49085DB1E0DF9F4B5737BEFA978E380F,0B849E36DA4B0A710D80B4915BE0EF7E,SAT,True,True,True,49085DB1E0DF9F4B5737BEFA978E380F,0.45056195800134446,5.521495334000065,5.9738179159994615,60,20736,343416,
single,10,2026092210,1,15,8,1FFC2BA816BF862C6741FAF0E6144AB6,49085DB1E0DF9F4B5737BEFA978E380F,0B849E36DA4B0A710D80B4915BE0EF7E,SAT,True,True,True,49085DB1E0DF9F4B5737BEFA978E380F,0.4508686659992236,5.834986375000881,6.287712707999162,60,20736,343416,
single,11,2026092211,1,0,8,97B3F6CE25288DF4E105BCE18F7A4CD7,41FD5655FB4CC092F4F7797CCEE5AA4D,EB7C677E5E42779568CE1DC24A67272B,SAT,True,True,True,41FD5655FB4CC092F4F7797CCEE5AA4D,0.4578417080010695,5.438013832999786,5.897592499999519,60,20736,343416,
single,11,2026092211,1,1,8,97B3F6CE25288DF4E105BCE18F7A4CD7,41FD5655FB4CC092F4F7797CCEE5AA4D,EB7C677E5E42779568CE1DC24A67272B,SAT,True,True,True,41FD5655FB4CC092F4F7797CCEE5AA4D,0.450827874999959,5.883751084000323,6.336302749999959,60,20736,343416,
single,11,2026092211,1,2,8,97B3F6CE25288DF4E105BCE18F7A4CD7,41FD5655FB4CC092F4F7797CCEE5AA4D,EB7C677E5E42779568CE1DC24A67272B,SAT,True,True,True,41FD5655FB4CC092F4F7797CCEE5AA4D,0.4502222499995696,7.387209958000312,7.839174707998609,60,20736,343416,
single,11,2026092211,1,3,8,97B3F6CE25288DF4E105BCE18F7A4CD7,41FD5655FB4CC092F4F7797CCEE5AA4D,EB7C677E5E42779568CE1DC24A67272B,SAT,True,True,True,41FD5655FB4CC092F4F7797CCEE5AA4D,0.4489847499989992,6.397239208999963,6.84796516699862,60,20736,343416,
single,11,2026092211,1,4,8,97B3F6CE25288DF4E105BCE18F7A4CD7,41FD5655FB4CC092F4F7797CCEE5AA4D,EB7C677E5E42779568CE1DC24A67272B,SAT,True,True,True,41FD5655FB4CC092F4F7797CCEE5AA4D,0.4546680839994224,5.9583637499999895,6.414745750000293,60,20736,343416,
single,11,2026092211,1,5,8,97B3F6CE25288DF4E105BCE18F7A4CD7,41FD5655FB4CC092F4F7797CCEE5AA4D,EB7C677E5E42779568CE1DC24A67272B,SAT,True,True,True,41FD5655FB4CC092F4F7797CCEE5AA4D,0.46342816700052936,5.59606758299924,6.061228291999214,60,20736,343416,
single,11,2026092211,1,6,8,97B3F6CE25288DF4E105BCE18F7A4CD7,41FD5655FB4CC092F4F7797CCEE5AA4D,EB7C677E5E42779568CE1DC24A67272B,SAT,True,True,True,41FD5655FB4CC092F4F7797CCEE5AA4D,0.44816445800097426,5.468118541999502,5.918002499998693,60,20736,343416,
single,11,2026092211,1,7,8,97B3F6CE25288DF4E105BCE18F7A4CD7,41FD5655FB4CC092F4F7797CCEE5AA4D,EB7C677E5E42779568CE1DC24A67272B,SAT,True,True,True,41FD5655FB4CC092F4F7797CCEE5AA4D,0.5173912500013103,5.532517625000764,6.05165520799892,60,20736,343416,
single,11,2026092211,1,8,8,97B3F6CE25288DF4E105BCE18F7A4CD7,41FD5655FB4CC092F4F7797CCEE5AA4D,EB7C677E5E42779568CE1DC24A67272B,SAT,True,True,True,41FD5655FB4CC092F4F7797CCEE5AA4D,0.45104233299935004,6.331572041999607,6.784349208001004,60,20736,343416,
single,11,2026092211,1,9,8,97B3F6CE25288DF4E105BCE18F7A4CD7,41FD5655FB4CC092F4F7797CCEE5AA4D,EB7C677E5E42779568CE1DC24A67272B,SAT,True,True,True,41FD5655FB4CC092F4F7797CCEE5AA4D,0.4489654999997583,4.495782292000513,4.946554415999344,60,20736,343416,
single,11,2026092211,1,10,8,97B3F6CE25288DF4E105BCE18F7A4CD7,41FD5655FB4CC092F4F7797CCEE5AA4D,EB7C677E5E42779568CE1DC24A67272B,SAT,True,True,True,41FD5655FB4CC092F4F7797CCEE5AA4D,0.4554740000003221,6.52616666600079,6.983394791999672,60,20736,343416,
single,11,2026092211,1,11,8,97B3F6CE25288DF4E105BCE18F7A4CD7,41FD5655FB4CC092F4F7797CCEE5AA4D,EB7C677E5E42779568CE1DC24A67272B,SAT,True,True,True,41FD5655FB4CC092F4F7797CCEE5AA4D,0.4857679579999967,4.849091042000509,5.336783459000799,60,20736,343416,
single,11,2026092211,1,12,8,97B3F6CE25288DF4E105BCE18F7A4CD7,41FD5655FB4CC092F4F7797CCEE5AA4D,EB7C677E5E42779568CE1DC24A67272B,SAT,True,True,True,41FD5655FB4CC092F4F7797CCEE5AA4D,0.5240830000002461,6.447135584001444,6.973058541001592,60,20736,343416,
single,11,2026092211,1,13,8,97B3F6CE25288DF4E105BCE18F7A4CD7,41FD5655FB4CC092F4F7797CCEE5AA4D,EB7C677E5E42779568CE1DC24A67272B,SAT,True,True,True,41FD5655FB4CC092F4F7797CCEE5AA4D,0.47036149999985355,6.709020667000004,7.181238917000883,60,20736,343416,
single,11,2026092211,1,14,8,97B3F6CE25288DF4E105BCE18F7A4CD7,41FD5655FB4CC092F4F7797CCEE5AA4D,EB7C677E5E42779568CE1DC24A67272B,SAT,True,True,True,41FD5655FB4CC092F4F7797CCEE5AA4D,0.46817400000145426,5.304576124999585,5.7745090419994085,60,20736,343416,
single,11,2026092211,1,15,8,97B3F6CE25288DF4E105BCE18F7A4CD7,41FD5655FB4CC092F4F7797CCEE5AA4D,EB7C677E5E42779568CE1DC24A67272B,SAT,True,True,True,41FD5655FB4CC092F4F7797CCEE5AA4D,0.4655214589984098,4.7958677079986956,5.263236000000688,60,20736,343416,
single,12,2026092212,1,0,8,45713336187D7AA6075ADEA54CB56677,B84BA08DF8AF8F2205D0EED6F89244DB,82B0E47E155AD89432C9ABFC7A0574F5,SAT,True,True,True,B84BA08DF8AF8F2205D0EED6F89244DB,0.48766333400089934,6.92041691599843,7.409842084000047,60,20736,343416,
single,12,2026092212,1,1,8,45713336187D7AA6075ADEA54CB56677,B84BA08DF8AF8F2205D0EED6F89244DB,82B0E47E155AD89432C9ABFC7A0574F5,SAT,True,True,True,B84BA08DF8AF8F2205D0EED6F89244DB,0.46821174999968207,6.787909665999905,7.257890250000855,60,20736,343416,
single,12,2026092212,1,2,8,45713336187D7AA6075ADEA54CB56677,B84BA08DF8AF8F2205D0EED6F89244DB,82B0E47E155AD89432C9ABFC7A0574F5,SAT,True,True,True,B84BA08DF8AF8F2205D0EED6F89244DB,0.4577413749993866,5.722380249999333,6.1818999169991,60,20736,343416,
single,12,2026092212,1,3,8,45713336187D7AA6075ADEA54CB56677,B84BA08DF8AF8F2205D0EED6F89244DB,82B0E47E155AD89432C9ABFC7A0574F5,SAT,True,True,True,B84BA08DF8AF8F2205D0EED6F89244DB,0.46192737499950454,6.744049458999143,7.207755667001038,60,20736,343416,
single,12,2026092212,1,4,8,45713336187D7AA6075ADEA54CB56677,B84BA08DF8AF8F2205D0EED6F89244DB,82B0E47E155AD89432C9ABFC7A0574F5,SAT,True,True,True,B84BA08DF8AF8F2205D0EED6F89244DB,0.4583150829985243,5.39621037500001,5.856303083000967,60,20736,343416,
single,12,2026092212,1,5,8,45713336187D7AA6075ADEA54CB56677,B84BA08DF8AF8F2205D0EED6F89244DB,82B0E47E155AD89432C9ABFC7A0574F5,SAT,True,True,True,B84BA08DF8AF8F2205D0EED6F89244DB,0.45717816700016556,4.805284000000029,5.264291458999651,60,20736,343416,
single,12,2026092212,1,6,8,45713336187D7AA6075ADEA54CB56677,B84BA08DF8AF8F2205D0EED6F89244DB,82B0E47E155AD89432C9ABFC7A0574F5,SAT,True,True,True,B84BA08DF8AF8F2205D0EED6F89244DB,0.4693980409992946,3.9342519999991055,4.405421625000599,60,20736,343416,
single,12,2026092212,1,7,8,45713336187D7AA6075ADEA54CB56677,B84BA08DF8AF8F2205D0EED6F89244DB,82B0E47E155AD89432C9ABFC7A0574F5,SAT,True,True,True,B84BA08DF8AF8F2205D0EED6F89244DB,0.4677277499995398,5.051820750000843,5.521323375000065,60,20736,343416,
single,12,2026092212,1,8,8,45713336187D7AA6075ADEA54CB56677,B84BA08DF8AF8F2205D0EED6F89244DB,82B0E47E155AD89432C9ABFC7A0574F5,SAT,True,True,True,B84BA08DF8AF8F2205D0EED6F89244DB,0.45897812499970314,5.592283541000143,6.053074749999723,60,20736,343416,
single,12,2026092212,1,9,8,45713336187D7AA6075ADEA54CB56677,B84BA08DF8AF8F2205D0EED6F89244DB,82B0E47E155AD89432C9ABFC7A0574F5,SAT,True,True,True,B84BA08DF8AF8F2205D0EED6F89244DB,0.4636629169999651,6.0772249170004216,6.542697291999502,60,20736,343416,
single,12,2026092212,1,10,8,45713336187D7AA6075ADEA54CB56677,B84BA08DF8AF8F2205D0EED6F89244DB,82B0E47E155AD89432C9ABFC7A0574F5,SAT,True,True,True,B84BA08DF8AF8F2205D0EED6F89244DB,0.4685823330000858,6.696852582999782,7.167206416999761,60,20736,343416,
single,12,2026092212,1,11,8,45713336187D7AA6075ADEA54CB56677,B84BA08DF8AF8F2205D0EED6F89244DB,82B0E47E155AD89432C9ABFC7A0574F5,SAT,True,True,True,B84BA08DF8AF8F2205D0EED6F89244DB,0.46391099999891594,3.9948071250000794,4.4605951249996,60,20736,343416,
single,12,2026092212,1,12,8,45713336187D7AA6075ADEA54CB56677,B84BA08DF8AF8F2205D0EED6F89244DB,82B0E47E155AD89432C9ABFC7A0574F5,SAT,True,True,True,B84BA08DF8AF8F2205D0EED6F89244DB,0.4770939999998518,5.578743042000497,6.057673582999996,60,20736,343416,
single,12,2026092212,1,13,8,45713336187D7AA6075ADEA54CB56677,B84BA08DF8AF8F2205D0EED6F89244DB,82B0E47E155AD89432C9ABFC7A0574F5,SAT,True,True,True,B84BA08DF8AF8F2205D0EED6F89244DB,0.5159894169992185,7.167829457999687,7.685540790998857,60,20736,343416,
single,12,2026092212,1,14,8,45713336187D7AA6075ADEA54CB56677,B84BA08DF8AF8F2205D0EED6F89244DB,82B0E47E155AD89432C9ABFC7A0574F5,SAT,True,True,True,B84BA08DF8AF8F2205D0EED6F89244DB,0.45270254200113413,5.280052500000238,5.73452854199968,60,20736,343416,
single,12,2026092212,1,15,8,45713336187D7AA6075ADEA54CB56677,B84BA08DF8AF8F2205D0EED6F89244DB,82B0E47E155AD89432C9ABFC7A0574F5,SAT,True,True,True,B84BA08DF8AF8F2205D0EED6F89244DB,0.4725393750013609,3.5264150830007566,4.000680000001012,60,20736,343416,
single,13,2026092213,1,0,8,DAB997FFD99C41AEE61C881303506046,D24BEE399562135437C6D555A057E927,28C09563079C3B9DFFDABDA641457CBE,SAT,True,True,True,D24BEE399562135437C6D555A057E927,0.4636432090010203,6.6984574159996555,7.163825583000289,60,20736,343416,
single,13,2026092213,1,1,8,DAB997FFD99C41AEE61C881303506046,D24BEE399562135437C6D555A057E927,28C09563079C3B9DFFDABDA641457CBE,SAT,True,True,True,D24BEE399562135437C6D555A057E927,0.45165895799982536,6.064864625001064,6.518460375000359,60,20736,343416,
single,13,2026092213,1,2,8,DAB997FFD99C41AEE61C881303506046,D24BEE399562135437C6D555A057E927,28C09563079C3B9DFFDABDA641457CBE,SAT,True,True,True,D24BEE399562135437C6D555A057E927,0.4588562089993502,3.892821207999077,4.353620917001535,60,20736,343416,
single,13,2026092213,1,3,8,DAB997FFD99C41AEE61C881303506046,D24BEE399562135437C6D555A057E927,28C09563079C3B9DFFDABDA641457CBE,SAT,True,True,True,D24BEE399562135437C6D555A057E927,0.5607079590008652,5.6053515000003244,6.167778125000041,60,20736,343416,
single,13,2026092213,1,4,8,DAB997FFD99C41AEE61C881303506046,D24BEE399562135437C6D555A057E927,28C09563079C3B9DFFDABDA641457CBE,SAT,True,True,True,D24BEE399562135437C6D555A057E927,0.44952350000130537,5.388226791999841,5.839474667000104,60,20736,343416,
single,13,2026092213,1,5,8,DAB997FFD99C41AEE61C881303506046,D24BEE399562135437C6D555A057E927,28C09563079C3B9DFFDABDA641457CBE,SAT,True,True,True,D24BEE399562135437C6D555A057E927,0.5052128339993942,4.666244583000662,5.173188542001299,60,20736,343416,
single,13,2026092213,1,6,8,DAB997FFD99C41AEE61C881303506046,D24BEE399562135437C6D555A057E927,28C09563079C3B9DFFDABDA641457CBE,SAT,True,True,True,D24BEE399562135437C6D555A057E927,0.46566729199912515,6.185006792000422,6.652385833000153,60,20736,343416,
single,13,2026092213,1,7,8,DAB997FFD99C41AEE61C881303506046,D24BEE399562135437C6D555A057E927,28C09563079C3B9DFFDABDA641457CBE,SAT,True,True,True,D24BEE399562135437C6D555A057E927,0.4555049160007911,5.778139707999799,6.2353651670000545,60,20736,343416,
single,13,2026092213,1,8,8,DAB997FFD99C41AEE61C881303506046,D24BEE399562135437C6D555A057E927,28C09563079C3B9DFFDABDA641457CBE,SAT,True,True,True,D24BEE399562135437C6D555A057E927,0.4518035000000964,4.546128500000123,4.9997232090008765,60,20736,343416,
single,13,2026092213,1,9,8,DAB997FFD99C41AEE61C881303506046,D24BEE399562135437C6D555A057E927,28C09563079C3B9DFFDABDA641457CBE,SAT,True,True,True,D24BEE399562135437C6D555A057E927,0.46432595800069976,5.970837958000629,6.436945792000188,60,20736,343416,
single,13,2026092213,1,10,8,DAB997FFD99C41AEE61C881303506046,D24BEE399562135437C6D555A057E927,28C09563079C3B9DFFDABDA641457CBE,SAT,True,True,True,D24BEE399562135437C6D555A057E927,0.46292641699983506,5.599642667000808,6.064299749999918,60,20736,343416,
single,13,2026092213,1,11,8,DAB997FFD99C41AEE61C881303506046,D24BEE399562135437C6D555A057E927,28C09563079C3B9DFFDABDA641457CBE,SAT,True,True,True,D24BEE399562135437C6D555A057E927,0.45346075000088604,5.428919333000522,5.884100125000259,60,20736,343416,
single,13,2026092213,1,12,8,DAB997FFD99C41AEE61C881303506046,D24BEE399562135437C6D555A057E927,28C09563079C3B9DFFDABDA641457CBE,SAT,True,True,True,D24BEE399562135437C6D555A057E927,0.44815237500006333,5.660304249999172,6.110285292001208,60,20736,343416,
single,13,2026092213,1,13,8,DAB997FFD99C41AEE61C881303506046,D24BEE399562135437C6D555A057E927,28C09563079C3B9DFFDABDA641457CBE,SAT,True,True,True,D24BEE399562135437C6D555A057E927,0.4558334579996881,5.9526103749994945,6.410223916000177,60,20736,343416,
single,13,2026092213,1,14,8,DAB997FFD99C41AEE61C881303506046,D24BEE399562135437C6D555A057E927,28C09563079C3B9DFFDABDA641457CBE,SAT,True,True,True,D24BEE399562135437C6D555A057E927,0.48950150000018766,6.461389124999187,6.952618708000955,60,20736,343416,
single,13,2026092213,1,15,8,DAB997FFD99C41AEE61C881303506046,D24BEE399562135437C6D555A057E927,28C09563079C3B9DFFDABDA641457CBE,SAT,True,True,True,D24BEE399562135437C6D555A057E927,0.49365612500150746,5.966513166000368,6.461947583999063,60,20736,343416,
single,14,2026092214,1,0,8,9327D65D367966B05D28DE133A959170,D1155224D3BC4B45A0BC4DCFC099F2C6,9AD2FF28283B4A971CFF4D7787777BD9,SAT,True,True,True,D1155224D3BC4B45A0BC4DCFC099F2C6,0.48411516700070933,5.277040250000937,5.762885832999018,60,20736,343416,
single,14,2026092214,1,1,8,9327D65D367966B05D28DE133A959170,D1155224D3BC4B45A0BC4DCFC099F2C6,9AD2FF28283B4A971CFF4D7787777BD9,SAT,True,True,True,D1155224D3BC4B45A0BC4DCFC099F2C6,0.47904579200076114,6.101236082999094,6.582072750001316,60,20736,343416,
single,14,2026092214,1,2,8,9327D65D367966B05D28DE133A959170,D1155224D3BC4B45A0BC4DCFC099F2C6,9AD2FF28283B4A971CFF4D7787777BD9,SAT,True,True,True,D1155224D3BC4B45A0BC4DCFC099F2C6,0.4849626659997739,6.64228195800024,7.129100833000848,60,20736,343416,
single,14,2026092214,1,3,8,9327D65D367966B05D28DE133A959170,D1155224D3BC4B45A0BC4DCFC099F2C6,9AD2FF28283B4A971CFF4D7787777BD9,SAT,True,True,True,D1155224D3BC4B45A0BC4DCFC099F2C6,0.4807309579991852,6.717420999999376,7.199929958998837,60,20736,343416,
single,14,2026092214,1,4,8,9327D65D367966B05D28DE133A959170,D1155224D3BC4B45A0BC4DCFC099F2C6,9AD2FF28283B4A971CFF4D7787777BD9,SAT,True,True,True,D1155224D3BC4B45A0BC4DCFC099F2C6,0.4914746250015014,4.769813790999251,5.2630576669998845,60,20736,343416,
single,14,2026092214,1,5,8,9327D65D367966B05D28DE133A959170,D1155224D3BC4B45A0BC4DCFC099F2C6,9AD2FF28283B4A971CFF4D7787777BD9,SAT,True,True,True,D1155224D3BC4B45A0BC4DCFC099F2C6,0.46285749999879044,5.350450457999614,5.815061084000263,60,20736,343416,
single,14,2026092214,1,6,8,9327D65D367966B05D28DE133A959170,D1155224D3BC4B45A0BC4DCFC099F2C6,9AD2FF28283B4A971CFF4D7787777BD9,SAT,True,True,True,D1155224D3BC4B45A0BC4DCFC099F2C6,0.4526986250002665,5.389915874999133,5.844344000001001,60,20736,343416,
single,14,2026092214,1,7,8,9327D65D367966B05D28DE133A959170,D1155224D3BC4B45A0BC4DCFC099F2C6,9AD2FF28283B4A971CFF4D7787777BD9,SAT,True,True,True,D1155224D3BC4B45A0BC4DCFC099F2C6,0.45055691599918646,5.611797958999887,6.064090624999153,60,20736,343416,
single,14,2026092214,1,8,8,9327D65D367966B05D28DE133A959170,D1155224D3BC4B45A0BC4DCFC099F2C6,9AD2FF28283B4A971CFF4D7787777BD9,SAT,True,True,True,D1155224D3BC4B45A0BC4DCFC099F2C6,0.454981000000771,6.427466874998572,6.884176624998872,60,20736,343416,
single,14,2026092214,1,9,8,9327D65D367966B05D28DE133A959170,D1155224D3BC4B45A0BC4DCFC099F2C6,9AD2FF28283B4A971CFF4D7787777BD9,SAT,True,True,True,D1155224D3BC4B45A0BC4DCFC099F2C6,0.45485466600075597,6.6344877909996285,7.091106791000129,60,20736,343416,
single,14,2026092214,1,10,8,9327D65D367966B05D28DE133A959170,D1155224D3BC4B45A0BC4DCFC099F2C6,9AD2FF28283B4A971CFF4D7787777BD9,SAT,True,True,True,D1155224D3BC4B45A0BC4DCFC099F2C6,0.5208425420005369,5.881067832999179,6.403636084000027,60,20736,343416,
single,14,2026092214,1,11,8,9327D65D367966B05D28DE133A959170,D1155224D3BC4B45A0BC4DCFC099F2C6,9AD2FF28283B4A971CFF4D7787777BD9,SAT,True,True,True,D1155224D3BC4B45A0BC4DCFC099F2C6,0.4519499170000927,5.950278583999534,6.403957417000129,60,20736,343416,
single,14,2026092214,1,12,8,9327D65D367966B05D28DE133A959170,D1155224D3BC4B45A0BC4DCFC099F2C6,9AD2FF28283B4A971CFF4D7787777BD9,SAT,True,True,True,D1155224D3BC4B45A0BC4DCFC099F2C6,0.5240555410000525,5.171038750000662,5.696877959000631,60,20736,343416,
single,14,2026092214,1,13,8,9327D65D367966B05D28DE133A959170,D1155224D3BC4B45A0BC4DCFC099F2C6,9AD2FF28283B4A971CFF4D7787777BD9,SAT,True,True,True,D1155224D3BC4B45A0BC4DCFC099F2C6,0.46702929200000654,5.321011209000062,5.7897788749996835,60,20736,343416,
single,14,2026092214,1,14,8,9327D65D367966B05D28DE133A959170,D1155224D3BC4B45A0BC4DCFC099F2C6,9AD2FF28283B4A971CFF4D7787777BD9,SAT,True,True,True,D1155224D3BC4B45A0BC4DCFC099F2C6,0.4470085420016403,5.633446541000012,6.082465542000136,60,20736,343416,
single,14,2026092214,1,15,8,9327D65D367966B05D28DE133A959170,D1155224D3BC4B45A0BC4DCFC099F2C6,9AD2FF28283B4A971CFF4D7787777BD9,SAT,True,True,True,D1155224D3BC4B45A0BC4DCFC099F2C6,0.46303954200084263,6.894555917000616,7.359325000001263,60,20736,343416,
single,15,2026092215,1,0,8,ECE7ADD4CDCC5FB190D07A00BFF2C429,6C9BC729003B5A4291EFFD8C077896F0,333EF99BD6E44367E78A93FB9536C029,SAT,True,True,True,6C9BC729003B5A4291EFFD8C077896F0,0.450559124999927,5.495629249999183,5.948015374999159,60,20736,343416,
single,15,2026092215,1,1,8,ECE7ADD4CDCC5FB190D07A00BFF2C429,6C9BC729003B5A4291EFFD8C077896F0,333EF99BD6E44367E78A93FB9536C029,SAT,True,True,True,6C9BC729003B5A4291EFFD8C077896F0,0.46363429200027895,5.86553929099864,6.330901791001452,60,20736,343416,
single,15,2026092215,1,2,8,ECE7ADD4CDCC5FB190D07A00BFF2C429,6C9BC729003B5A4291EFFD8C077896F0,333EF99BD6E44367E78A93FB9536C029,SAT,True,True,True,6C9BC729003B5A4291EFFD8C077896F0,0.4714809590004734,5.032205040999543,5.505462458999318,60,20736,343416,
single,15,2026092215,1,3,8,ECE7ADD4CDCC5FB190D07A00BFF2C429,6C9BC729003B5A4291EFFD8C077896F0,333EF99BD6E44367E78A93FB9536C029,SAT,True,True,True,6C9BC729003B5A4291EFFD8C077896F0,0.45091533300001174,6.858153292001589,7.310792874999606,60,20736,343416,
single,15,2026092215,1,4,8,ECE7ADD4CDCC5FB190D07A00BFF2C429,6C9BC729003B5A4291EFFD8C077896F0,333EF99BD6E44367E78A93FB9536C029,SAT,True,True,True,6C9BC729003B5A4291EFFD8C077896F0,0.45477854199998546,4.083336874999077,4.5398383749998175,60,20736,343416,
single,15,2026092215,1,5,8,ECE7ADD4CDCC5FB190D07A00BFF2C429,6C9BC729003B5A4291EFFD8C077896F0,333EF99BD6E44367E78A93FB9536C029,SAT,True,True,True,6C9BC729003B5A4291EFFD8C077896F0,0.4492523330009135,5.8128439169995545,6.263819333000356,60,20736,343416,
single,15,2026092215,1,6,8,ECE7ADD4CDCC5FB190D07A00BFF2C429,6C9BC729003B5A4291EFFD8C077896F0,333EF99BD6E44367E78A93FB9536C029,SAT,True,True,True,6C9BC729003B5A4291EFFD8C077896F0,0.46635554199929175,3.972861792000913,4.440982583999357,60,20736,343416,
single,15,2026092215,1,7,8,ECE7ADD4CDCC5FB190D07A00BFF2C429,6C9BC729003B5A4291EFFD8C077896F0,333EF99BD6E44367E78A93FB9536C029,SAT,True,True,True,6C9BC729003B5A4291EFFD8C077896F0,0.46852195899919025,6.457012749999194,6.927333958999952,60,20736,343416,
single,15,2026092215,1,8,8,ECE7ADD4CDCC5FB190D07A00BFF2C429,6C9BC729003B5A4291EFFD8C077896F0,333EF99BD6E44367E78A93FB9536C029,SAT,True,True,True,6C9BC729003B5A4291EFFD8C077896F0,0.45577808399866626,5.614221083000302,6.071755249999114,60,20736,343416,
single,15,2026092215,1,9,8,ECE7ADD4CDCC5FB190D07A00BFF2C429,6C9BC729003B5A4291EFFD8C077896F0,333EF99BD6E44367E78A93FB9536C029,SAT,True,True,True,6C9BC729003B5A4291EFFD8C077896F0,0.45476441599930695,5.602284791999409,6.058768000000782,60,20736,343416,
single,15,2026092215,1,10,8,ECE7ADD4CDCC5FB190D07A00BFF2C429,6C9BC729003B5A4291EFFD8C077896F0,333EF99BD6E44367E78A93FB9536C029,SAT,True,True,True,6C9BC729003B5A4291EFFD8C077896F0,0.45251166699927126,6.185596082999837,6.639919374998499,60,20736,343416,
single,15,2026092215,1,11,8,ECE7ADD4CDCC5FB190D07A00BFF2C429,6C9BC729003B5A4291EFFD8C077896F0,333EF99BD6E44367E78A93FB9536C029,SAT,True,True,True,6C9BC729003B5A4291EFFD8C077896F0,0.4558174590001727,6.1923662919998606,6.6499455840003066,60,20736,343416,
single,15,2026092215,1,12,8,ECE7ADD4CDCC5FB190D07A00BFF2C429,6C9BC729003B5A4291EFFD8C077896F0,333EF99BD6E44367E78A93FB9536C029,SAT,True,True,True,6C9BC729003B5A4291EFFD8C077896F0,0.45099087500057067,6.164669208001214,6.617377041000509,60,20736,343416,
single,15,2026092215,1,13,8,ECE7ADD4CDCC5FB190D07A00BFF2C429,6C9BC729003B5A4291EFFD8C077896F0,333EF99BD6E44367E78A93FB9536C029,SAT,True,True,True,6C9BC729003B5A4291EFFD8C077896F0,0.4494046250001702,6.22735266699965,6.678547459001493,60,20736,343416,
single,15,2026092215,1,14,8,ECE7ADD4CDCC5FB190D07A00BFF2C429,6C9BC729003B5A4291EFFD8C077896F0,333EF99BD6E44367E78A93FB9536C029,SAT,True,True,True,6C9BC729003B5A4291EFFD8C077896F0,0.4545932909986732,4.343526707998535,4.799847582999064,60,20736,343416,
single,15,2026092215,1,15,8,ECE7ADD4CDCC5FB190D07A00BFF2C429,6C9BC729003B5A4291EFFD8C077896F0,333EF99BD6E44367E78A93FB9536C029,SAT,True,True,True,6C9BC729003B5A4291EFFD8C077896F0,0.4583326660012972,5.306904333001512,5.7670059590000164,60,20736,343416,
single,16,2026092216,1,0,8,F1828A827EF6FE8292DEF2D243086E34,4910F31471305085C25410B3164B43FD,38459959A4C504153026B8A3914050E0,SAT,True,True,True,4910F31471305085C25410B3164B43FD,0.45442875000117056,5.965764790998946,6.4219278340005985,60,20736,343416,
single,16,2026092216,1,1,8,F1828A827EF6FE8292DEF2D243086E34,4910F31471305085C25410B3164B43FD,38459959A4C504153026B8A3914050E0,SAT,True,True,True,4910F31471305085C25410B3164B43FD,0.4514565829995263,5.528389708000759,5.981574540999645,60,20736,343416,
single,16,2026092216,1,2,8,F1828A827EF6FE8292DEF2D243086E34,4910F31471305085C25410B3164B43FD,38459959A4C504153026B8A3914050E0,SAT,True,True,True,4910F31471305085C25410B3164B43FD,0.45493591600097716,5.243980917000954,5.700693707998653,60,20736,343416,
single,16,2026092216,1,3,8,F1828A827EF6FE8292DEF2D243086E34,4910F31471305085C25410B3164B43FD,38459959A4C504153026B8A3914050E0,SAT,True,True,True,4910F31471305085C25410B3164B43FD,0.45094683400020585,6.0444257500003005,6.497104124999169,60,20736,343416,
single,16,2026092216,1,4,8,F1828A827EF6FE8292DEF2D243086E34,4910F31471305085C25410B3164B43FD,38459959A4C504153026B8A3914050E0,SAT,True,True,True,4910F31471305085C25410B3164B43FD,0.45043400000031397,5.427164124999763,5.879317584000091,60,20736,343416,
single,16,2026092216,1,5,8,F1828A827EF6FE8292DEF2D243086E34,4910F31471305085C25410B3164B43FD,38459959A4C504153026B8A3914050E0,SAT,True,True,True,4910F31471305085C25410B3164B43FD,0.5105667080006242,5.440633250000246,5.95292150000023,60,20736,343416,
single,16,2026092216,1,6,8,F1828A827EF6FE8292DEF2D243086E34,4910F31471305085C25410B3164B43FD,38459959A4C504153026B8A3914050E0,SAT,True,True,True,4910F31471305085C25410B3164B43FD,0.45195287500064296,4.598929625000892,5.052607540999816,60,20736,343416,
single,16,2026092216,1,7,8,F1828A827EF6FE8292DEF2D243086E34,4910F31471305085C25410B3164B43FD,38459959A4C504153026B8A3914050E0,SAT,True,True,True,4910F31471305085C25410B3164B43FD,0.46381579199987755,5.6161647499993705,6.081757625001046,60,20736,343416,
single,16,2026092216,1,8,8,F1828A827EF6FE8292DEF2D243086E34,4910F31471305085C25410B3164B43FD,38459959A4C504153026B8A3914050E0,SAT,True,True,True,4910F31471305085C25410B3164B43FD,0.4564930840006127,5.023626000000149,5.481895208000424,60,20736,343416,
single,16,2026092216,1,9,8,F1828A827EF6FE8292DEF2D243086E34,4910F31471305085C25410B3164B43FD,38459959A4C504153026B8A3914050E0,SAT,True,True,True,4910F31471305085C25410B3164B43FD,0.46885979100079567,4.298669625000912,4.769303499999296,60,20736,343416,
single,16,2026092216,1,10,8,F1828A827EF6FE8292DEF2D243086E34,4910F31471305085C25410B3164B43FD,38459959A4C504153026B8A3914050E0,SAT,True,True,True,4910F31471305085C25410B3164B43FD,0.46349724999890896,6.377244875000542,6.843024334000802,60,20736,343416,
single,16,2026092216,1,11,8,F1828A827EF6FE8292DEF2D243086E34,4910F31471305085C25410B3164B43FD,38459959A4C504153026B8A3914050E0,SAT,True,True,True,4910F31471305085C25410B3164B43FD,0.4956062090004707,5.967094708999866,6.464501250000467,60,20736,343416,
single,16,2026092216,1,12,8,F1828A827EF6FE8292DEF2D243086E34,4910F31471305085C25410B3164B43FD,38459959A4C504153026B8A3914050E0,SAT,True,True,True,4910F31471305085C25410B3164B43FD,0.5366330830001971,7.527101207999294,8.065495374999955,60,20736,343416,
single,16,2026092216,1,13,8,F1828A827EF6FE8292DEF2D243086E34,4910F31471305085C25410B3164B43FD,38459959A4C504153026B8A3914050E0,SAT,True,True,True,4910F31471305085C25410B3164B43FD,0.5522928749996936,6.777305208999678,7.3315307080010825,60,20736,343416,
single,16,2026092216,1,14,8,F1828A827EF6FE8292DEF2D243086E34,4910F31471305085C25410B3164B43FD,38459959A4C504153026B8A3914050E0,SAT,True,True,True,4910F31471305085C25410B3164B43FD,0.5379838330009079,5.573124000000462,6.112846124999123,60,20736,343416,
single,16,2026092216,1,15,8,F1828A827EF6FE8292DEF2D243086E34,4910F31471305085C25410B3164B43FD,38459959A4C504153026B8A3914050E0,SAT,True,True,True,4910F31471305085C25410B3164B43FD,0.4828412919996481,6.60108816599859,7.085683625000456,60,20736,343416,
single,17,2026092217,1,0,8,2835FB88E8F6EB945521845FD66F6BC5,2CE582462710533EC4B29B8CE22C430E,838C84C034E86E062E1C52637DABCD67,SAT,True,True,True,2CE582462710533EC4B29B8CE22C430E,0.4719438750016707,4.578405333000774,5.052115458000117,60,20736,343416,
single,17,2026092217,1,1,8,2835FB88E8F6EB945521845FD66F6BC5,2CE582462710533EC4B29B8CE22C430E,838C84C034E86E062E1C52637DABCD67,SAT,True,True,True,2CE582462710533EC4B29B8CE22C430E,0.46463041599963617,5.35508929199932,5.821438459001001,60,20736,343416,
single,17,2026092217,1,2,8,2835FB88E8F6EB945521845FD66F6BC5,2CE582462710533EC4B29B8CE22C430E,838C84C034E86E062E1C52637DABCD67,SAT,True,True,True,2CE582462710533EC4B29B8CE22C430E,0.4525045419995877,5.070489625000846,5.524760290998529,60,20736,343416,
single,17,2026092217,1,3,8,2835FB88E8F6EB945521845FD66F6BC5,2CE582462710533EC4B29B8CE22C430E,838C84C034E86E062E1C52637DABCD67,SAT,True,True,True,2CE582462710533EC4B29B8CE22C430E,0.4897981659996731,5.792889333999483,6.284406292001222,60,20736,343416,
single,17,2026092217,1,4,8,2835FB88E8F6EB945521845FD66F6BC5,2CE582462710533EC4B29B8CE22C430E,838C84C034E86E062E1C52637DABCD67,SAT,True,True,True,2CE582462710533EC4B29B8CE22C430E,0.46376504200088675,6.930607999998756,7.396096000000398,60,20736,343416,
single,17,2026092217,1,5,8,2835FB88E8F6EB945521845FD66F6BC5,2CE582462710533EC4B29B8CE22C430E,838C84C034E86E062E1C52637DABCD67,SAT,True,True,True,2CE582462710533EC4B29B8CE22C430E,0.4555631670009461,5.1275893339989125,5.584911333000491,60,20736,343416,
single,17,2026092217,1,6,8,2835FB88E8F6EB945521845FD66F6BC5,2CE582462710533EC4B29B8CE22C430E,838C84C034E86E062E1C52637DABCD67,SAT,True,True,True,2CE582462710533EC4B29B8CE22C430E,0.5053239589997247,6.603371084000173,7.110452875000192,60,20736,343416,
single,17,2026092217,1,7,8,2835FB88E8F6EB945521845FD66F6BC5,2CE582462710533EC4B29B8CE22C430E,838C84C034E86E062E1C52637DABCD67,SAT,True,True,True,2CE582462710533EC4B29B8CE22C430E,0.45806333299879043,5.3280443750009,5.78787412499878,60,20736,343416,
single,17,2026092217,1,8,8,2835FB88E8F6EB945521845FD66F6BC5,2CE582462710533EC4B29B8CE22C430E,838C84C034E86E062E1C52637DABCD67,SAT,True,True,True,2CE582462710533EC4B29B8CE22C430E,0.45702587499908987,6.8365065830003005,7.295274750000317,60,20736,343416,
single,17,2026092217,1,9,8,2835FB88E8F6EB945521845FD66F6BC5,2CE582462710533EC4B29B8CE22C430E,838C84C034E86E062E1C52637DABCD67,SAT,True,True,True,2CE582462710533EC4B29B8CE22C430E,0.48746329200002947,6.326074999999037,6.815308457998981,60,20736,343416,
single,17,2026092217,1,10,8,2835FB88E8F6EB945521845FD66F6BC5,2CE582462710533EC4B29B8CE22C430E,838C84C034E86E062E1C52637DABCD67,SAT,True,True,True,2CE582462710533EC4B29B8CE22C430E,0.4523384590011119,5.948984999999084,6.403051332999894,60,20736,343416,
single,17,2026092217,1,11,8,2835FB88E8F6EB945521845FD66F6BC5,2CE582462710533EC4B29B8CE22C430E,838C84C034E86E062E1C52637DABCD67,SAT,True,True,True,2CE582462710533EC4B29B8CE22C430E,0.4504620409989002,5.645374250001623,6.097553667001193,60,20736,343416,
single,17,2026092217,1,12,8,2835FB88E8F6EB945521845FD66F6BC5,2CE582462710533EC4B29B8CE22C430E,838C84C034E86E062E1C52637DABCD67,SAT,True,True,True,2CE582462710533EC4B29B8CE22C430E,0.4512155829997937,6.102156165999986,6.555085291998694,60,20736,343416,
single,17,2026092217,1,13,8,2835FB88E8F6EB945521845FD66F6BC5,2CE582462710533EC4B29B8CE22C430E,838C84C034E86E062E1C52637DABCD67,SAT,True,True,True,2CE582462710533EC4B29B8CE22C430E,0.453611083999931,6.023639500001082,6.479061124999134,60,20736,343416,
single,17,2026092217,1,14,8,2835FB88E8F6EB945521845FD66F6BC5,2CE582462710533EC4B29B8CE22C430E,838C84C034E86E062E1C52637DABCD67,SAT,True,True,True,2CE582462710533EC4B29B8CE22C430E,0.45043408300080046,5.876019916999212,6.328172749999794,60,20736,343416,
single,17,2026092217,1,15,8,2835FB88E8F6EB945521845FD66F6BC5,2CE582462710533EC4B29B8CE22C430E,838C84C034E86E062E1C52637DABCD67,SAT,True,True,True,2CE582462710533EC4B29B8CE22C430E,0.45412724999914644,5.6667823329989915,6.122687166000105,60,20736,343416,
single,18,2026092218,1,0,8,34BF12C972B1D02EE2BC8590AEA7D4C0,AFFF6FA13CB7D870C4FCDB0A18C2C4E9,975FC69B181F7D532607A0C4EE3BC582,SAT,True,True,True,AFFF6FA13CB7D870C4FCDB0A18C2C4E9,0.45414537500073493,5.166717834001247,5.622637417000078,60,20736,343416,
single,18,2026092218,1,1,8,34BF12C972B1D02EE2BC8590AEA7D4C0,AFFF6FA13CB7D870C4FCDB0A18C2C4E9,975FC69B181F7D532607A0C4EE3BC582,SAT,True,True,True,AFFF6FA13CB7D870C4FCDB0A18C2C4E9,0.4622186659998988,5.799121541000204,6.263078250000035,60,20736,343416,
single,18,2026092218,1,2,8,34BF12C972B1D02EE2BC8590AEA7D4C0,AFFF6FA13CB7D870C4FCDB0A18C2C4E9,975FC69B181F7D532607A0C4EE3BC582,SAT,True,True,True,AFFF6FA13CB7D870C4FCDB0A18C2C4E9,0.45114237500092713,5.880140500001289,6.333010166999884,60,20736,343416,
single,18,2026092218,1,3,8,34BF12C972B1D02EE2BC8590AEA7D4C0,AFFF6FA13CB7D870C4FCDB0A18C2C4E9,975FC69B181F7D532607A0C4EE3BC582,SAT,True,True,True,AFFF6FA13CB7D870C4FCDB0A18C2C4E9,0.45127708300060476,4.711294374999852,5.1643470829985745,60,20736,343416,
single,18,2026092218,1,4,8,34BF12C972B1D02EE2BC8590AEA7D4C0,AFFF6FA13CB7D870C4FCDB0A18C2C4E9,975FC69B181F7D532607A0C4EE3BC582,SAT,True,True,True,AFFF6FA13CB7D870C4FCDB0A18C2C4E9,0.4633288330005598,4.498541875000228,4.963655416999245,60,20736,343416,
single,18,2026092218,1,5,8,34BF12C972B1D02EE2BC8590AEA7D4C0,AFFF6FA13CB7D870C4FCDB0A18C2C4E9,975FC69B181F7D532607A0C4EE3BC582,SAT,True,True,True,AFFF6FA13CB7D870C4FCDB0A18C2C4E9,0.46190829199986183,6.822471292000046,7.286139584000921,60,20736,343416,
single,18,2026092218,1,6,8,34BF12C972B1D02EE2BC8590AEA7D4C0,AFFF6FA13CB7D870C4FCDB0A18C2C4E9,975FC69B181F7D532607A0C4EE3BC582,SAT,True,True,True,AFFF6FA13CB7D870C4FCDB0A18C2C4E9,0.45102841700099816,6.159202749999167,6.611961417000202,60,20736,343416,
single,18,2026092218,1,7,8,34BF12C972B1D02EE2BC8590AEA7D4C0,AFFF6FA13CB7D870C4FCDB0A18C2C4E9,975FC69B181F7D532607A0C4EE3BC582,SAT,True,True,True,AFFF6FA13CB7D870C4FCDB0A18C2C4E9,0.45341562499925203,4.214432333001241,4.669613415999265,60,20736,343416,
single,18,2026092218,1,8,8,34BF12C972B1D02EE2BC8590AEA7D4C0,AFFF6FA13CB7D870C4FCDB0A18C2C4E9,975FC69B181F7D532607A0C4EE3BC582,SAT,True,True,True,AFFF6FA13CB7D870C4FCDB0A18C2C4E9,0.46629891699922155,5.793090250001114,6.261130500000945,60,20736,343416,
single,18,2026092218,1,9,8,34BF12C972B1D02EE2BC8590AEA7D4C0,AFFF6FA13CB7D870C4FCDB0A18C2C4E9,975FC69B181F7D532607A0C4EE3BC582,SAT,True,True,True,AFFF6FA13CB7D870C4FCDB0A18C2C4E9,0.45058666599834396,5.422595000000001,5.874957957999868,60,20736,343416,
single,18,2026092218,1,10,8,34BF12C972B1D02EE2BC8590AEA7D4C0,AFFF6FA13CB7D870C4FCDB0A18C2C4E9,975FC69B181F7D532607A0C4EE3BC582,SAT,True,True,True,AFFF6FA13CB7D870C4FCDB0A18C2C4E9,0.45797325000057754,5.411798625000301,5.8715114160004305,60,20736,343416,
single,18,2026092218,1,11,8,34BF12C972B1D02EE2BC8590AEA7D4C0,AFFF6FA13CB7D870C4FCDB0A18C2C4E9,975FC69B181F7D532607A0C4EE3BC582,SAT,True,True,True,AFFF6FA13CB7D870C4FCDB0A18C2C4E9,0.45300475000112783,6.771393958000772,7.226122542000667,60,20736,343416,
single,18,2026092218,1,12,8,34BF12C972B1D02EE2BC8590AEA7D4C0,AFFF6FA13CB7D870C4FCDB0A18C2C4E9,975FC69B181F7D532607A0C4EE3BC582,SAT,True,True,True,AFFF6FA13CB7D870C4FCDB0A18C2C4E9,0.4498498329994618,5.4177320420003525,5.869324042001608,60,20736,343416,
single,18,2026092218,1,13,8,34BF12C972B1D02EE2BC8590AEA7D4C0,AFFF6FA13CB7D870C4FCDB0A18C2C4E9,975FC69B181F7D532607A0C4EE3BC582,SAT,True,True,True,AFFF6FA13CB7D870C4FCDB0A18C2C4E9,0.45435716700012563,6.136728792000213,6.592813665998619,60,20736,343416,
single,18,2026092218,1,14,8,34BF12C972B1D02EE2BC8590AEA7D4C0,AFFF6FA13CB7D870C4FCDB0A18C2C4E9,975FC69B181F7D532607A0C4EE3BC582,SAT,True,True,True,AFFF6FA13CB7D870C4FCDB0A18C2C4E9,0.4517004169993015,5.10602120799922,5.559497249998458,60,20736,343416,
single,18,2026092218,1,15,8,34BF12C972B1D02EE2BC8590AEA7D4C0,AFFF6FA13CB7D870C4FCDB0A18C2C4E9,975FC69B181F7D532607A0C4EE3BC582,SAT,True,True,True,AFFF6FA13CB7D870C4FCDB0A18C2C4E9,0.4566307079985563,6.218500041999505,6.676902457998949,60,20736,343416,
single,19,2026092219,1,0,8,D9A7D73EC4A34530F1AAD872B20EE77A,DF3B7304FA7DAD9ED17CFB10FEDDC168,A5D8BA669769DFCA3ADBF29C8374FC1C,SAT,True,True,True,DF3B7304FA7DAD9ED17CFB10FEDDC168,0.4508118329995341,6.014516208999339,6.4671085410009255,60,20736,343416,
single,19,2026092219,1,1,8,D9A7D73EC4A34530F1AAD872B20EE77A,DF3B7304FA7DAD9ED17CFB10FEDDC168,A5D8BA669769DFCA3ADBF29C8374FC1C,SAT,True,True,True,DF3B7304FA7DAD9ED17CFB10FEDDC168,0.45007504200111725,5.521744291998402,5.9735976249994565,60,20736,343416,
single,19,2026092219,1,2,8,D9A7D73EC4A34530F1AAD872B20EE77A,DF3B7304FA7DAD9ED17CFB10FEDDC168,A5D8BA669769DFCA3ADBF29C8374FC1C,SAT,True,True,True,DF3B7304FA7DAD9ED17CFB10FEDDC168,0.45206654100002197,5.290420583000014,5.744274750000841,60,20736,343416,
single,19,2026092219,1,3,8,D9A7D73EC4A34530F1AAD872B20EE77A,DF3B7304FA7DAD9ED17CFB10FEDDC168,A5D8BA669769DFCA3ADBF29C8374FC1C,SAT,True,True,True,DF3B7304FA7DAD9ED17CFB10FEDDC168,0.45781241599979694,6.001968708998902,6.461503750000702,60,20736,343416,
single,19,2026092219,1,4,8,D9A7D73EC4A34530F1AAD872B20EE77A,DF3B7304FA7DAD9ED17CFB10FEDDC168,A5D8BA669769DFCA3ADBF29C8374FC1C,SAT,True,True,True,DF3B7304FA7DAD9ED17CFB10FEDDC168,0.4531542080003419,6.146134250000614,6.6010625419985445,60,20736,343416,
single,19,2026092219,1,5,8,D9A7D73EC4A34530F1AAD872B20EE77A,DF3B7304FA7DAD9ED17CFB10FEDDC168,A5D8BA669769DFCA3ADBF29C8374FC1C,SAT,True,True,True,DF3B7304FA7DAD9ED17CFB10FEDDC168,0.4516183750001801,4.856265207999968,5.309775625000839,60,20736,343416,
single,19,2026092219,1,6,8,D9A7D73EC4A34530F1AAD872B20EE77A,DF3B7304FA7DAD9ED17CFB10FEDDC168,A5D8BA669769DFCA3ADBF29C8374FC1C,SAT,True,True,True,DF3B7304FA7DAD9ED17CFB10FEDDC168,0.49082329100019706,6.5493042079997394,7.041870249999192,60,20736,343416,
single,19,2026092219,1,7,8,D9A7D73EC4A34530F1AAD872B20EE77A,DF3B7304FA7DAD9ED17CFB10FEDDC168,A5D8BA669769DFCA3ADBF29C8374FC1C,SAT,True,True,True,DF3B7304FA7DAD9ED17CFB10FEDDC168,0.4473247919995629,4.703123957999196,5.152419375001045,60,20736,343416,
single,19,2026092219,1,8,8,D9A7D73EC4A34530F1AAD872B20EE77A,DF3B7304FA7DAD9ED17CFB10FEDDC168,A5D8BA669769DFCA3ADBF29C8374FC1C,SAT,True,True,True,DF3B7304FA7DAD9ED17CFB10FEDDC168,0.4563403329993889,3.914061292000042,4.372428708998996,60,20736,343416,
single,19,2026092219,1,9,8,D9A7D73EC4A34530F1AAD872B20EE77A,DF3B7304FA7DAD9ED17CFB10FEDDC168,A5D8BA669769DFCA3ADBF29C8374FC1C,SAT,True,True,True,DF3B7304FA7DAD9ED17CFB10FEDDC168,0.4724428329991497,5.949490999999398,6.423712458999944,60,20736,343416,
single,19,2026092219,1,10,8,D9A7D73EC4A34530F1AAD872B20EE77A,DF3B7304FA7DAD9ED17CFB10FEDDC168,A5D8BA669769DFCA3ADBF29C8374FC1C,SAT,True,True,True,DF3B7304FA7DAD9ED17CFB10FEDDC168,0.4883706250002433,5.6974207919993205,6.187548207999498,60,20736,343416,
single,19,2026092219,1,11,8,D9A7D73EC4A34530F1AAD872B20EE77A,DF3B7304FA7DAD9ED17CFB10FEDDC168,A5D8BA669769DFCA3ADBF29C8374FC1C,SAT,True,True,True,DF3B7304FA7DAD9ED17CFB10FEDDC168,0.48117370799991477,4.109601541000302,4.592504874999577,60,20736,343416,
single,19,2026092219,1,12,8,D9A7D73EC4A34530F1AAD872B20EE77A,DF3B7304FA7DAD9ED17CFB10FEDDC168,A5D8BA669769DFCA3ADBF29C8374FC1C,SAT,True,True,True,DF3B7304FA7DAD9ED17CFB10FEDDC168,0.46566354099923046,5.254845041999943,5.72228458400059,60,20736,343416,
single,19,2026092219,1,13,8,D9A7D73EC4A34530F1AAD872B20EE77A,DF3B7304FA7DAD9ED17CFB10FEDDC168,A5D8BA669769DFCA3ADBF29C8374FC1C,SAT,True,True,True,DF3B7304FA7DAD9ED17CFB10FEDDC168,0.4649753329995292,4.4946203749987035,4.961380875000032,60,20736,343416,
single,19,2026092219,1,14,8,D9A7D73EC4A34530F1AAD872B20EE77A,DF3B7304FA7DAD9ED17CFB10FEDDC168,A5D8BA669769DFCA3ADBF29C8374FC1C,SAT,True,True,True,DF3B7304FA7DAD9ED17CFB10FEDDC168,0.4632521250005084,5.394730582998818,5.859709083999405,60,20736,343416,
single,19,2026092219,1,15,8,D9A7D73EC4A34530F1AAD872B20EE77A,DF3B7304FA7DAD9ED17CFB10FEDDC168,A5D8BA669769DFCA3ADBF29C8374FC1C,SAT,True,True,True,DF3B7304FA7DAD9ED17CFB10FEDDC168,0.45379345800029114,4.930556166000315,5.3861423329999525,60,20736,343416,
single,20,2026092220,1,0,8,4FB6B895DEAFAE1B7115DAC4D34B4DA7,BF2B0836061E87069EEDAC124681D6D3,26AF9B6A40E724CB714CADC6F642E834,SAT,True,True,True,BF2B0836061E87069EEDAC124681D6D3,0.47076033399935113,4.835947874998965,5.308480166000663,60,20736,343416,
single,20,2026092220,1,1,8,4FB6B895DEAFAE1B7115DAC4D34B4DA7,BF2B0836061E87069EEDAC124681D6D3,26AF9B6A40E724CB714CADC6F642E834,SAT,True,True,True,BF2B0836061E87069EEDAC124681D6D3,0.46794470900022134,5.988510749999477,6.458346375000474,60,20736,343416,
single,20,2026092220,1,2,8,4FB6B895DEAFAE1B7115DAC4D34B4DA7,BF2B0836061E87069EEDAC124681D6D3,26AF9B6A40E724CB714CADC6F642E834,SAT,True,True,True,BF2B0836061E87069EEDAC124681D6D3,0.4697665420007979,6.63600170799873,7.107537333000437,60,20736,343416,
single,20,2026092220,1,3,8,4FB6B895DEAFAE1B7115DAC4D34B4DA7,BF2B0836061E87069EEDAC124681D6D3,26AF9B6A40E724CB714CADC6F642E834,SAT,True,True,True,BF2B0836061E87069EEDAC124681D6D3,0.45927725000001374,5.723105499999292,6.184146125000552,60,20736,343416,
single,20,2026092220,1,4,8,4FB6B895DEAFAE1B7115DAC4D34B4DA7,BF2B0836061E87069EEDAC124681D6D3,26AF9B6A40E724CB714CADC6F642E834,SAT,True,True,True,BF2B0836061E87069EEDAC124681D6D3,0.4549732920004317,6.071111790999566,6.527844291000292,60,20736,343416,
single,20,2026092220,1,5,8,4FB6B895DEAFAE1B7115DAC4D34B4DA7,BF2B0836061E87069EEDAC124681D6D3,26AF9B6A40E724CB714CADC6F642E834,SAT,True,True,True,BF2B0836061E87069EEDAC124681D6D3,0.44724341700020886,6.1287189579998085,6.577789500001018,60,20736,343416,
single,20,2026092220,1,6,8,4FB6B895DEAFAE1B7115DAC4D34B4DA7,BF2B0836061E87069EEDAC124681D6D3,26AF9B6A40E724CB714CADC6F642E834,SAT,True,True,True,BF2B0836061E87069EEDAC124681D6D3,0.5140799170003447,6.47139737499856,6.987291916999311,60,20736,343416,
single,20,2026092220,1,7,8,4FB6B895DEAFAE1B7115DAC4D34B4DA7,BF2B0836061E87069EEDAC124681D6D3,26AF9B6A40E724CB714CADC6F642E834,SAT,True,True,True,BF2B0836061E87069EEDAC124681D6D3,0.4833394170000247,7.278663958000834,7.763722499999858,60,20736,343416,
single,20,2026092220,1,8,8,4FB6B895DEAFAE1B7115DAC4D34B4DA7,BF2B0836061E87069EEDAC124681D6D3,26AF9B6A40E724CB714CADC6F642E834,SAT,True,True,True,BF2B0836061E87069EEDAC124681D6D3,0.4569961670003977,6.040918333999798,6.499673874999644,60,20736,343416,
single,20,2026092220,1,9,8,4FB6B895DEAFAE1B7115DAC4D34B4DA7,BF2B0836061E87069EEDAC124681D6D3,26AF9B6A40E724CB714CADC6F642E834,SAT,True,True,True,BF2B0836061E87069EEDAC124681D6D3,0.45204912499866623,7.3171195830000215,7.770914041000651,60,20736,343416,
single,20,2026092220,1,10,8,4FB6B895DEAFAE1B7115DAC4D34B4DA7,BF2B0836061E87069EEDAC124681D6D3,26AF9B6A40E724CB714CADC6F642E834,SAT,True,True,True,BF2B0836061E87069EEDAC124681D6D3,0.5263532919998397,5.255390209000325,5.783526332999827,60,20736,343416,
single,20,2026092220,1,11,8,4FB6B895DEAFAE1B7115DAC4D34B4DA7,BF2B0836061E87069EEDAC124681D6D3,26AF9B6A40E724CB714CADC6F642E834,SAT,True,True,True,BF2B0836061E87069EEDAC124681D6D3,0.5470927499991376,6.844327167000301,7.393212082999526,60,20736,343416,
single,20,2026092220,1,12,8,4FB6B895DEAFAE1B7115DAC4D34B4DA7,BF2B0836061E87069EEDAC124681D6D3,26AF9B6A40E724CB714CADC6F642E834,SAT,True,True,True,BF2B0836061E87069EEDAC124681D6D3,0.4663879169984284,5.680782666000596,6.148899750000055,60,20736,343416,
single,20,2026092220,1,13,8,4FB6B895DEAFAE1B7115DAC4D34B4DA7,BF2B0836061E87069EEDAC124681D6D3,26AF9B6A40E724CB714CADC6F642E834,SAT,True,True,True,BF2B0836061E87069EEDAC124681D6D3,0.4519362920000276,5.52972279200003,5.983424959000331,60,20736,343416,
single,20,2026092220,1,14,8,4FB6B895DEAFAE1B7115DAC4D34B4DA7,BF2B0836061E87069EEDAC124681D6D3,26AF9B6A40E724CB714CADC6F642E834,SAT,True,True,True,BF2B0836061E87069EEDAC124681D6D3,0.47712116700131446,5.478329166999174,5.957182042000568,60,20736,343416,
single,20,2026092220,1,15,8,4FB6B895DEAFAE1B7115DAC4D34B4DA7,BF2B0836061E87069EEDAC124681D6D3,26AF9B6A40E724CB714CADC6F642E834,SAT,True,True,True,BF2B0836061E87069EEDAC124681D6D3,0.4541134589999274,5.478742749999583,5.9345894170000975,60,20736,343416,
single,21,2026092221,1,0,8,ADCF5080E7DBE4FF14A141869C1780BA,93CA815C3174A3304553579B0E6C5AD0,A487F91DEB0F245D00A21257905658C4,SAT,True,True,True,93CA815C3174A3304553579B0E6C5AD0,0.450017499999376,5.088662791999013,5.54046633300095,60,20736,343416,
single,21,2026092221,1,1,8,ADCF5080E7DBE4FF14A141869C1780BA,93CA815C3174A3304553579B0E6C5AD0,A487F91DEB0F245D00A21257905658C4,SAT,True,True,True,93CA815C3174A3304553579B0E6C5AD0,0.4581460000008519,5.616320082999664,6.076191000000108,60,20736,343416,
single,21,2026092221,1,2,8,ADCF5080E7DBE4FF14A141869C1780BA,93CA815C3174A3304553579B0E6C5AD0,A487F91DEB0F245D00A21257905658C4,SAT,True,True,True,93CA815C3174A3304553579B0E6C5AD0,0.4507885830007581,5.161774915999558,5.614294582999719,60,20736,343416,
single,21,2026092221,1,3,8,ADCF5080E7DBE4FF14A141869C1780BA,93CA815C3174A3304553579B0E6C5AD0,A487F91DEB0F245D00A21257905658C4,SAT,True,True,True,93CA815C3174A3304553579B0E6C5AD0,0.4514034999992873,5.948659709001731,6.401901082999757,60,20736,343416,
single,21,2026092221,1,4,8,ADCF5080E7DBE4FF14A141869C1780BA,93CA815C3174A3304553579B0E6C5AD0,A487F91DEB0F245D00A21257905658C4,SAT,True,True,True,93CA815C3174A3304553579B0E6C5AD0,0.4496589579994179,4.913711582999895,5.365102167001169,60,20736,343416,
single,21,2026092221,1,5,8,ADCF5080E7DBE4FF14A141869C1780BA,93CA815C3174A3304553579B0E6C5AD0,A487F91DEB0F245D00A21257905658C4,SAT,True,True,True,93CA815C3174A3304553579B0E6C5AD0,0.4523273340000742,5.482513708000624,5.936632999999347,60,20736,343416,
single,21,2026092221,1,6,8,ADCF5080E7DBE4FF14A141869C1780BA,93CA815C3174A3304553579B0E6C5AD0,A487F91DEB0F245D00A21257905658C4,SAT,True,True,True,93CA815C3174A3304553579B0E6C5AD0,0.45186304100025154,5.856444832999841,6.310047625000152,60,20736,343416,
single,21,2026092221,1,7,8,ADCF5080E7DBE4FF14A141869C1780BA,93CA815C3174A3304553579B0E6C5AD0,A487F91DEB0F245D00A21257905658C4,SAT,True,True,True,93CA815C3174A3304553579B0E6C5AD0,0.4552388339998288,4.623872292000669,5.08088833399961,60,20736,343416,
single,21,2026092221,1,8,8,ADCF5080E7DBE4FF14A141869C1780BA,93CA815C3174A3304553579B0E6C5AD0,A487F91DEB0F245D00A21257905658C4,SAT,True,True,True,93CA815C3174A3304553579B0E6C5AD0,0.4632054590001644,5.290635249999468,5.755558917000599,60,20736,343416,
single,21,2026092221,1,9,8,ADCF5080E7DBE4FF14A141869C1780BA,93CA815C3174A3304553579B0E6C5AD0,A487F91DEB0F245D00A21257905658C4,SAT,True,True,True,93CA815C3174A3304553579B0E6C5AD0,0.4512939579999511,4.021859000000404,4.474901833998956,60,20736,343416,
single,21,2026092221,1,10,8,ADCF5080E7DBE4FF14A141869C1780BA,93CA815C3174A3304553579B0E6C5AD0,A487F91DEB0F245D00A21257905658C4,SAT,True,True,True,93CA815C3174A3304553579B0E6C5AD0,0.45736020900039875,5.379742582999825,5.838826916999096,60,20736,343416,
single,21,2026092221,1,11,8,ADCF5080E7DBE4FF14A141869C1780BA,93CA815C3174A3304553579B0E6C5AD0,A487F91DEB0F245D00A21257905658C4,SAT,True,True,True,93CA815C3174A3304553579B0E6C5AD0,0.4516414999998233,3.7154624169997987,4.168858707998879,60,20736,343416,
single,21,2026092221,1,12,8,ADCF5080E7DBE4FF14A141869C1780BA,93CA815C3174A3304553579B0E6C5AD0,A487F91DEB0F245D00A21257905658C4,SAT,True,True,True,93CA815C3174A3304553579B0E6C5AD0,0.45702929200160725,5.794410459000574,6.253179167000781,60,20736,343416,
single,21,2026092221,1,13,8,ADCF5080E7DBE4FF14A141869C1780BA,93CA815C3174A3304553579B0E6C5AD0,A487F91DEB0F245D00A21257905658C4,SAT,True,True,True,93CA815C3174A3304553579B0E6C5AD0,0.4511879999990924,5.729509834000055,6.18242433299929,60,20736,343416,
single,21,2026092221,1,14,8,ADCF5080E7DBE4FF14A141869C1780BA,93CA815C3174A3304553579B0E6C5AD0,A487F91DEB0F245D00A21257905658C4,SAT,True,True,True,93CA815C3174A3304553579B0E6C5AD0,0.4546004170006199,5.473518000000695,5.9298942090008495,60,20736,343416,
single,21,2026092221,1,15,8,ADCF5080E7DBE4FF14A141869C1780BA,93CA815C3174A3304553579B0E6C5AD0,A487F91DEB0F245D00A21257905658C4,SAT,True,True,True,93CA815C3174A3304553579B0E6C5AD0,0.4581633339985274,5.752247292000902,6.2121280419996765,60,20736,343416,
single,22,2026092222,1,0,8,A39123AA521D8F4A8725DD7A210BE982,C434CA0370612C68B1A6CF3D07E6E6EE,BA86A27505ACACC92C7F57947AEF364D,SAT,True,True,True,C434CA0370612C68B1A6CF3D07E6E6EE,0.45493154200084973,6.180364542000461,6.637012458999379,60,20736,343416,
single,22,2026092222,1,1,8,A39123AA521D8F4A8725DD7A210BE982,C434CA0370612C68B1A6CF3D07E6E6EE,BA86A27505ACACC92C7F57947AEF364D,SAT,True,True,True,C434CA0370612C68B1A6CF3D07E6E6EE,0.4574720000000525,6.373994999999923,6.833238916000482,60,20736,343416,
single,22,2026092222,1,2,8,A39123AA521D8F4A8725DD7A210BE982,C434CA0370612C68B1A6CF3D07E6E6EE,BA86A27505ACACC92C7F57947AEF364D,SAT,True,True,True,C434CA0370612C68B1A6CF3D07E6E6EE,0.4587805000010121,5.625934667001275,6.086439250000694,60,20736,343416,
single,22,2026092222,1,3,8,A39123AA521D8F4A8725DD7A210BE982,C434CA0370612C68B1A6CF3D07E6E6EE,BA86A27505ACACC92C7F57947AEF364D,SAT,True,True,True,C434CA0370612C68B1A6CF3D07E6E6EE,0.45438479199947324,4.769862541999828,5.226011750000907,60,20736,343416,
single,22,2026092222,1,4,8,A39123AA521D8F4A8725DD7A210BE982,C434CA0370612C68B1A6CF3D07E6E6EE,BA86A27505ACACC92C7F57947AEF364D,SAT,True,True,True,C434CA0370612C68B1A6CF3D07E6E6EE,0.45846766699833097,6.07549199999994,6.535695291999218,60,20736,343416,
single,22,2026092222,1,5,8,A39123AA521D8F4A8725DD7A210BE982,C434CA0370612C68B1A6CF3D07E6E6EE,BA86A27505ACACC92C7F57947AEF364D,SAT,True,True,True,C434CA0370612C68B1A6CF3D07E6E6EE,0.4487322500008304,6.141052625000157,6.591519125000559,60,20736,343416,
single,22,2026092222,1,6,8,A39123AA521D8F4A8725DD7A210BE982,C434CA0370612C68B1A6CF3D07E6E6EE,BA86A27505ACACC92C7F57947AEF364D,SAT,True,True,True,C434CA0370612C68B1A6CF3D07E6E6EE,0.4512634579987207,6.279319540999495,6.732311750000008,60,20736,343416,
single,22,2026092222,1,7,8,A39123AA521D8F4A8725DD7A210BE982,C434CA0370612C68B1A6CF3D07E6E6EE,BA86A27505ACACC92C7F57947AEF364D,SAT,True,True,True,C434CA0370612C68B1A6CF3D07E6E6EE,0.4491645829984918,5.856259207999756,6.307144790998791,60,20736,343416,
single,22,2026092222,1,8,8,A39123AA521D8F4A8725DD7A210BE982,C434CA0370612C68B1A6CF3D07E6E6EE,BA86A27505ACACC92C7F57947AEF364D,SAT,True,True,True,C434CA0370612C68B1A6CF3D07E6E6EE,0.44767904200125486,5.203386082999714,5.652810957999463,60,20736,343416,
single,22,2026092222,1,9,8,A39123AA521D8F4A8725DD7A210BE982,C434CA0370612C68B1A6CF3D07E6E6EE,BA86A27505ACACC92C7F57947AEF364D,SAT,True,True,True,C434CA0370612C68B1A6CF3D07E6E6EE,0.447533166001449,5.088418167000782,5.537707790999775,60,20736,343416,
single,22,2026092222,1,10,8,A39123AA521D8F4A8725DD7A210BE982,C434CA0370612C68B1A6CF3D07E6E6EE,BA86A27505ACACC92C7F57947AEF364D,SAT,True,True,True,C434CA0370612C68B1A6CF3D07E6E6EE,0.4605156249999709,5.463540208000268,5.925766500000464,60,20736,343416,
single,22,2026092222,1,11,8,A39123AA521D8F4A8725DD7A210BE982,C434CA0370612C68B1A6CF3D07E6E6EE,BA86A27505ACACC92C7F57947AEF364D,SAT,True,True,True,C434CA0370612C68B1A6CF3D07E6E6EE,0.44952924999961397,4.524432791000436,4.975724374999118,60,20736,343416,
single,22,2026092222,1,12,8,A39123AA521D8F4A8725DD7A210BE982,C434CA0370612C68B1A6CF3D07E6E6EE,BA86A27505ACACC92C7F57947AEF364D,SAT,True,True,True,C434CA0370612C68B1A6CF3D07E6E6EE,0.4577467919989431,5.630877667001187,6.090335584000059,60,20736,343416,
single,22,2026092222,1,13,8,A39123AA521D8F4A8725DD7A210BE982,C434CA0370612C68B1A6CF3D07E6E6EE,BA86A27505ACACC92C7F57947AEF364D,SAT,True,True,True,C434CA0370612C68B1A6CF3D07E6E6EE,0.44912475000091945,6.601934416001313,7.052793167000345,60,20736,343416,
single,22,2026092222,1,14,8,A39123AA521D8F4A8725DD7A210BE982,C434CA0370612C68B1A6CF3D07E6E6EE,BA86A27505ACACC92C7F57947AEF364D,SAT,True,True,True,C434CA0370612C68B1A6CF3D07E6E6EE,0.44794891700075823,5.1328231249990495,5.582572082999832,60,20736,343416,
single,22,2026092222,1,15,8,A39123AA521D8F4A8725DD7A210BE982,C434CA0370612C68B1A6CF3D07E6E6EE,BA86A27505ACACC92C7F57947AEF364D,SAT,True,True,True,C434CA0370612C68B1A6CF3D07E6E6EE,0.5948549169988837,5.733503792000192,6.330241790999935,60,20736,343416,
single,23,2026092223,1,0,8,BDAC3BE2A98152341E2583A16D288453,DD3568961BAFC6C670BFB7369CA2E8C7,D77547DE474B6C3F06626EF79E27D94F,SAT,True,True,True,DD3568961BAFC6C670BFB7369CA2E8C7,0.5780355420010892,3.903317457999947,4.483079749999888,60,20736,343416,
single,23,2026092223,1,1,8,BDAC3BE2A98152341E2583A16D288453,DD3568961BAFC6C670BFB7369CA2E8C7,D77547DE474B6C3F06626EF79E27D94F,SAT,True,True,True,DD3568961BAFC6C670BFB7369CA2E8C7,0.45751233299961314,7.035233125001469,7.494477415999427,60,20736,343416,
single,23,2026092223,1,2,8,BDAC3BE2A98152341E2583A16D288453,DD3568961BAFC6C670BFB7369CA2E8C7,D77547DE474B6C3F06626EF79E27D94F,SAT,True,True,True,DD3568961BAFC6C670BFB7369CA2E8C7,0.45188804099962,5.495396959000573,5.949049584000022,60,20736,343416,
single,23,2026092223,1,3,8,BDAC3BE2A98152341E2583A16D288453,DD3568961BAFC6C670BFB7369CA2E8C7,D77547DE474B6C3F06626EF79E27D94F,SAT,True,True,True,DD3568961BAFC6C670BFB7369CA2E8C7,0.44964025000081165,6.250357666000127,6.701761166999859,60,20736,343416,
single,23,2026092223,1,4,8,BDAC3BE2A98152341E2583A16D288453,DD3568961BAFC6C670BFB7369CA2E8C7,D77547DE474B6C3F06626EF79E27D94F,SAT,True,True,True,DD3568961BAFC6C670BFB7369CA2E8C7,0.4547948750005162,4.753570166998543,5.210133833001237,60,20736,343416,
single,23,2026092223,1,5,8,BDAC3BE2A98152341E2583A16D288453,DD3568961BAFC6C670BFB7369CA2E8C7,D77547DE474B6C3F06626EF79E27D94F,SAT,True,True,True,DD3568961BAFC6C670BFB7369CA2E8C7,0.4552973750014644,4.615446542000427,5.072480041000745,60,20736,343416,
single,23,2026092223,1,6,8,BDAC3BE2A98152341E2583A16D288453,DD3568961BAFC6C670BFB7369CA2E8C7,D77547DE474B6C3F06626EF79E27D94F,SAT,True,True,True,DD3568961BAFC6C670BFB7369CA2E8C7,0.478358082998966,5.428413666999404,5.90858979100085,60,20736,343416,
single,23,2026092223,1,7,8,BDAC3BE2A98152341E2583A16D288453,DD3568961BAFC6C670BFB7369CA2E8C7,D77547DE474B6C3F06626EF79E27D94F,SAT,True,True,True,DD3568961BAFC6C670BFB7369CA2E8C7,0.45351612500053307,5.983337916000892,6.438567832999979,60,20736,343416,
single,23,2026092223,1,8,8,BDAC3BE2A98152341E2583A16D288453,DD3568961BAFC6C670BFB7369CA2E8C7,D77547DE474B6C3F06626EF79E27D94F,SAT,True,True,True,DD3568961BAFC6C670BFB7369CA2E8C7,0.46472316600011254,4.510905666998951,4.977407958000185,60,20736,343416,
single,23,2026092223,1,9,8,BDAC3BE2A98152341E2583A16D288453,DD3568961BAFC6C670BFB7369CA2E8C7,D77547DE474B6C3F06626EF79E27D94F,SAT,True,True,True,DD3568961BAFC6C670BFB7369CA2E8C7,0.4598000410005625,5.691384332998496,6.152908833000765,60,20736,343416,
single,23,2026092223,1,10,8,BDAC3BE2A98152341E2583A16D288453,DD3568961BAFC6C670BFB7369CA2E8C7,D77547DE474B6C3F06626EF79E27D94F,SAT,True,True,True,DD3568961BAFC6C670BFB7369CA2E8C7,0.4478903330000321,6.568562958998882,7.018171583000367,60,20736,343416,
single,23,2026092223,1,11,8,BDAC3BE2A98152341E2583A16D288453,DD3568961BAFC6C670BFB7369CA2E8C7,D77547DE474B6C3F06626EF79E27D94F,SAT,True,True,True,DD3568961BAFC6C670BFB7369CA2E8C7,0.44712075000097684,6.403705167000226,6.852559290999125,60,20736,343416,
single,23,2026092223,1,12,8,BDAC3BE2A98152341E2583A16D288453,DD3568961BAFC6C670BFB7369CA2E8C7,D77547DE474B6C3F06626EF79E27D94F,SAT,True,True,True,DD3568961BAFC6C670BFB7369CA2E8C7,0.4492582919992856,5.609897042000739,6.060886082999787,60,20736,343416,
single,23,2026092223,1,13,8,BDAC3BE2A98152341E2583A16D288453,DD3568961BAFC6C670BFB7369CA2E8C7,D77547DE474B6C3F06626EF79E27D94F,SAT,True,True,True,DD3568961BAFC6C670BFB7369CA2E8C7,0.4531622909998987,6.850053291000222,7.304930333999437,60,20736,343416,
single,23,2026092223,1,14,8,BDAC3BE2A98152341E2583A16D288453,DD3568961BAFC6C670BFB7369CA2E8C7,D77547DE474B6C3F06626EF79E27D94F,SAT,True,True,True,DD3568961BAFC6C670BFB7369CA2E8C7,0.45554837500094436,4.573565750000853,5.030891791000613,60,20736,343416,
single,23,2026092223,1,15,8,BDAC3BE2A98152341E2583A16D288453,DD3568961BAFC6C670BFB7369CA2E8C7,D77547DE474B6C3F06626EF79E27D94F,SAT,True,True,True,DD3568961BAFC6C670BFB7369CA2E8C7,0.4624484579999262,4.606466042001557,5.070680709000953,60,20736,343416,
single,24,2026092224,1,0,8,CCD61EA1D694CF4F4319A3CFE9136F03,569B4AF23DF1B76AE6409D5DD5907978,193B2BD922F09F62C4C69330D1E73D34,SAT,True,True,True,569B4AF23DF1B76AE6409D5DD5907978,0.4637793749989214,4.169693709000057,4.635193583999353,60,20736,343416,
single,24,2026092224,1,1,8,CCD61EA1D694CF4F4319A3CFE9136F03,569B4AF23DF1B76AE6409D5DD5907978,193B2BD922F09F62C4C69330D1E73D34,SAT,True,True,True,569B4AF23DF1B76AE6409D5DD5907978,0.46120499999960884,6.75833962499928,7.221266291000575,60,20736,343416,
single,24,2026092224,1,2,8,CCD61EA1D694CF4F4319A3CFE9136F03,569B4AF23DF1B76AE6409D5DD5907978,193B2BD922F09F62C4C69330D1E73D34,SAT,True,True,True,569B4AF23DF1B76AE6409D5DD5907978,0.45240895800088765,5.451858374999574,5.906004750000648,60,20736,343416,
single,24,2026092224,1,3,8,CCD61EA1D694CF4F4319A3CFE9136F03,569B4AF23DF1B76AE6409D5DD5907978,193B2BD922F09F62C4C69330D1E73D34,SAT,True,True,True,569B4AF23DF1B76AE6409D5DD5907978,0.44903270800023165,3.843809624999267,4.29456054199909,60,20736,343416,
single,24,2026092224,1,4,8,CCD61EA1D694CF4F4319A3CFE9136F03,569B4AF23DF1B76AE6409D5DD5907978,193B2BD922F09F62C4C69330D1E73D34,SAT,True,True,True,569B4AF23DF1B76AE6409D5DD5907978,0.5022852500005683,6.261290250000457,6.765320667000196,60,20736,343416,
single,24,2026092224,1,5,8,CCD61EA1D694CF4F4319A3CFE9136F03,569B4AF23DF1B76AE6409D5DD5907978,193B2BD922F09F62C4C69330D1E73D34,SAT,True,True,True,569B4AF23DF1B76AE6409D5DD5907978,0.4496949170006701,6.585552332999214,7.036992040999394,60,20736,343416,
single,24,2026092224,1,6,8,CCD61EA1D694CF4F4319A3CFE9136F03,569B4AF23DF1B76AE6409D5DD5907978,193B2BD922F09F62C4C69330D1E73D34,SAT,True,True,True,569B4AF23DF1B76AE6409D5DD5907978,0.45183575000010023,5.708999666998352,6.162553874999503,60,20736,343416,
single,24,2026092224,1,7,8,CCD61EA1D694CF4F4319A3CFE9136F03,569B4AF23DF1B76AE6409D5DD5907978,193B2BD922F09F62C4C69330D1E73D34,SAT,True,True,True,569B4AF23DF1B76AE6409D5DD5907978,0.4514414579989534,5.842128124999363,6.29529391700089,60,20736,343416,
single,24,2026092224,1,8,8,CCD61EA1D694CF4F4319A3CFE9136F03,569B4AF23DF1B76AE6409D5DD5907978,193B2BD922F09F62C4C69330D1E73D34,SAT,True,True,True,569B4AF23DF1B76AE6409D5DD5907978,0.45971512500000244,6.239056374999564,6.70051604100081,60,20736,343416,
single,24,2026092224,1,9,8,CCD61EA1D694CF4F4319A3CFE9136F03,569B4AF23DF1B76AE6409D5DD5907978,193B2BD922F09F62C4C69330D1E73D34,SAT,True,True,True,569B4AF23DF1B76AE6409D5DD5907978,0.4707998750000115,6.293885834000321,6.766420874999312,60,20736,343416,
single,24,2026092224,1,10,8,CCD61EA1D694CF4F4319A3CFE9136F03,569B4AF23DF1B76AE6409D5DD5907978,193B2BD922F09F62C4C69330D1E73D34,SAT,True,True,True,569B4AF23DF1B76AE6409D5DD5907978,0.46319812500041735,6.39494950000153,6.859944249999899,60,20736,343416,
single,24,2026092224,1,11,8,CCD61EA1D694CF4F4319A3CFE9136F03,569B4AF23DF1B76AE6409D5DD5907978,193B2BD922F09F62C4C69330D1E73D34,SAT,True,True,True,569B4AF23DF1B76AE6409D5DD5907978,0.48401929200008453,5.767660334000539,6.253429624999626,60,20736,343416,
single,24,2026092224,1,12,8,CCD61EA1D694CF4F4319A3CFE9136F03,569B4AF23DF1B76AE6409D5DD5907978,193B2BD922F09F62C4C69330D1E73D34,SAT,True,True,True,569B4AF23DF1B76AE6409D5DD5907978,0.4705028749995108,5.418376999999964,5.890653500000553,60,20736,343416,
single,24,2026092224,1,13,8,CCD61EA1D694CF4F4319A3CFE9136F03,569B4AF23DF1B76AE6409D5DD5907978,193B2BD922F09F62C4C69330D1E73D34,SAT,True,True,True,569B4AF23DF1B76AE6409D5DD5907978,0.45472991700080456,5.776910082999166,6.233360332998927,60,20736,343416,
single,24,2026092224,1,14,8,CCD61EA1D694CF4F4319A3CFE9136F03,569B4AF23DF1B76AE6409D5DD5907978,193B2BD922F09F62C4C69330D1E73D34,SAT,True,True,True,569B4AF23DF1B76AE6409D5DD5907978,0.44871075000082783,6.307934832999308,6.758433790999334,60,20736,343416,
single,24,2026092224,1,15,8,CCD61EA1D694CF4F4319A3CFE9136F03,569B4AF23DF1B76AE6409D5DD5907978,193B2BD922F09F62C4C69330D1E73D34,SAT,True,True,True,569B4AF23DF1B76AE6409D5DD5907978,0.49818854200020724,6.081256249999569,6.58128191600008,60,20736,343416,
single,25,2026092225,1,0,8,730F9D91C2B26B271D8AA4667F041408,BCF0F864E9A28BA75A4A759D2A3D2350,0FD7AA63AA1FC76E38E9B064929FB58B,SAT,True,True,True,BCF0F864E9A28BA75A4A759D2A3D2350,0.4806420409986458,6.993252792000931,7.475680375000593,60,20736,343416,
single,25,2026092225,1,1,8,730F9D91C2B26B271D8AA4667F041408,BCF0F864E9A28BA75A4A759D2A3D2350,0FD7AA63AA1FC76E38E9B064929FB58B,SAT,True,True,True,BCF0F864E9A28BA75A4A759D2A3D2350,0.48521091700058605,5.735103832999812,6.222170999999435,60,20736,343416,
single,25,2026092225,1,2,8,730F9D91C2B26B271D8AA4667F041408,BCF0F864E9A28BA75A4A759D2A3D2350,0FD7AA63AA1FC76E38E9B064929FB58B,SAT,True,True,True,BCF0F864E9A28BA75A4A759D2A3D2350,0.49424295800054097,5.961684666999645,6.4577077079993614,60,20736,343416,
single,25,2026092225,1,3,8,730F9D91C2B26B271D8AA4667F041408,BCF0F864E9A28BA75A4A759D2A3D2350,0FD7AA63AA1FC76E38E9B064929FB58B,SAT,True,True,True,BCF0F864E9A28BA75A4A759D2A3D2350,0.4566312080005446,6.301363458000196,6.759779834001165,60,20736,343416,
single,25,2026092225,1,4,8,730F9D91C2B26B271D8AA4667F041408,BCF0F864E9A28BA75A4A759D2A3D2350,0FD7AA63AA1FC76E38E9B064929FB58B,SAT,True,True,True,BCF0F864E9A28BA75A4A759D2A3D2350,0.46858999999858497,5.115537249999761,5.585911125001076,60,20736,343416,
single,25,2026092225,1,5,8,730F9D91C2B26B271D8AA4667F041408,BCF0F864E9A28BA75A4A759D2A3D2350,0FD7AA63AA1FC76E38E9B064929FB58B,SAT,True,True,True,BCF0F864E9A28BA75A4A759D2A3D2350,0.45363266599997587,6.688229290999516,7.143607209000038,60,20736,343416,
single,25,2026092225,1,6,8,730F9D91C2B26B271D8AA4667F041408,BCF0F864E9A28BA75A4A759D2A3D2350,0FD7AA63AA1FC76E38E9B064929FB58B,SAT,True,True,True,BCF0F864E9A28BA75A4A759D2A3D2350,0.4581432920003863,4.159148832999563,4.619079208998301,60,20736,343416,
single,25,2026092225,1,7,8,730F9D91C2B26B271D8AA4667F041408,BCF0F864E9A28BA75A4A759D2A3D2350,0FD7AA63AA1FC76E38E9B064929FB58B,SAT,True,True,True,BCF0F864E9A28BA75A4A759D2A3D2350,0.47576787500111095,5.45987837499888,5.937369125000259,60,20736,343416,
single,25,2026092225,1,8,8,730F9D91C2B26B271D8AA4667F041408,BCF0F864E9A28BA75A4A759D2A3D2350,0FD7AA63AA1FC76E38E9B064929FB58B,SAT,True,True,True,BCF0F864E9A28BA75A4A759D2A3D2350,0.4604870839993964,5.014651417001005,5.476916708001227,60,20736,343416,
single,25,2026092225,1,9,8,730F9D91C2B26B271D8AA4667F041408,BCF0F864E9A28BA75A4A759D2A3D2350,0FD7AA63AA1FC76E38E9B064929FB58B,SAT,True,True,True,BCF0F864E9A28BA75A4A759D2A3D2350,0.4714189999995142,5.490494833000412,5.963636500000575,60,20736,343416,
single,25,2026092225,1,10,8,730F9D91C2B26B271D8AA4667F041408,BCF0F864E9A28BA75A4A759D2A3D2350,0FD7AA63AA1FC76E38E9B064929FB58B,SAT,True,True,True,BCF0F864E9A28BA75A4A759D2A3D2350,0.46805016699909174,6.438692624999021,6.908478749999631,60,20736,343416,
single,25,2026092225,1,11,8,730F9D91C2B26B271D8AA4667F041408,BCF0F864E9A28BA75A4A759D2A3D2350,0FD7AA63AA1FC76E38E9B064929FB58B,SAT,True,True,True,BCF0F864E9A28BA75A4A759D2A3D2350,0.4602260829997249,5.603807375000542,6.065823457998704,60,20736,343416,
single,25,2026092225,1,12,8,730F9D91C2B26B271D8AA4667F041408,BCF0F864E9A28BA75A4A759D2A3D2350,0FD7AA63AA1FC76E38E9B064929FB58B,SAT,True,True,True,BCF0F864E9A28BA75A4A759D2A3D2350,0.4597176249990298,5.733204125001066,6.194686249998995,60,20736,343416,
single,25,2026092225,1,13,8,730F9D91C2B26B271D8AA4667F041408,BCF0F864E9A28BA75A4A759D2A3D2350,0FD7AA63AA1FC76E38E9B064929FB58B,SAT,True,True,True,BCF0F864E9A28BA75A4A759D2A3D2350,0.4690146659995662,5.313709542000652,5.784510040999521,60,20736,343416,
single,25,2026092225,1,14,8,730F9D91C2B26B271D8AA4667F041408,BCF0F864E9A28BA75A4A759D2A3D2350,0FD7AA63AA1FC76E38E9B064929FB58B,SAT,True,True,True,BCF0F864E9A28BA75A4A759D2A3D2350,0.4762130420003814,5.574268500000471,6.05236933299966,60,20736,343416,
single,25,2026092225,1,15,8,730F9D91C2B26B271D8AA4667F041408,BCF0F864E9A28BA75A4A759D2A3D2350,0FD7AA63AA1FC76E38E9B064929FB58B,SAT,True,True,True,BCF0F864E9A28BA75A4A759D2A3D2350,0.4695945839994238,4.946716458998708,5.418112542000017,60,20736,343416,
single,26,2026092226,1,0,8,39A1AD509429868113B5B29341D85CAD,CDDDE73CEC8BAEEB90BAC36A7CA8BA14,E54C3FCD0940210429FA697313C3AC9F,SAT,True,True,True,CDDDE73CEC8BAEEB90BAC36A7CA8BA14,0.46389204100159986,5.121880374999819,5.587527208999745,60,20736,343416,
single,26,2026092226,1,1,8,39A1AD509429868113B5B29341D85CAD,CDDDE73CEC8BAEEB90BAC36A7CA8BA14,E54C3FCD0940210429FA697313C3AC9F,SAT,True,True,True,CDDDE73CEC8BAEEB90BAC36A7CA8BA14,0.46551370800079894,3.969688540999414,4.436913375000586,60,20736,343416,
single,26,2026092226,1,2,8,39A1AD509429868113B5B29341D85CAD,CDDDE73CEC8BAEEB90BAC36A7CA8BA14,E54C3FCD0940210429FA697313C3AC9F,SAT,True,True,True,CDDDE73CEC8BAEEB90BAC36A7CA8BA14,0.45753783299915085,3.817884124999182,4.2771827079996,60,20736,343416,
single,26,2026092226,1,3,8,39A1AD509429868113B5B29341D85CAD,CDDDE73CEC8BAEEB90BAC36A7CA8BA14,E54C3FCD0940210429FA697313C3AC9F,SAT,True,True,True,CDDDE73CEC8BAEEB90BAC36A7CA8BA14,0.4724102079999284,5.678533415999482,6.152661457999784,60,20736,343416,
single,26,2026092226,1,4,8,39A1AD509429868113B5B29341D85CAD,CDDDE73CEC8BAEEB90BAC36A7CA8BA14,E54C3FCD0940210429FA697313C3AC9F,SAT,True,True,True,CDDDE73CEC8BAEEB90BAC36A7CA8BA14,0.45713566599988553,4.759083541001019,5.218074458000046,60,20736,343416,
single,26,2026092226,1,5,8,39A1AD509429868113B5B29341D85CAD,CDDDE73CEC8BAEEB90BAC36A7CA8BA14,E54C3FCD0940210429FA697313C3AC9F,SAT,True,True,True,CDDDE73CEC8BAEEB90BAC36A7CA8BA14,0.4726737500004674,5.847164042001168,6.321570708001673,60,20736,343416,
single,26,2026092226,1,6,8,39A1AD509429868113B5B29341D85CAD,CDDDE73CEC8BAEEB90BAC36A7CA8BA14,E54C3FCD0940210429FA697313C3AC9F,SAT,True,True,True,CDDDE73CEC8BAEEB90BAC36A7CA8BA14,0.5413470000003144,5.740586416999577,6.28374199999962,60,20736,343416,
single,26,2026092226,1,7,8,39A1AD509429868113B5B29341D85CAD,CDDDE73CEC8BAEEB90BAC36A7CA8BA14,E54C3FCD0940210429FA697313C3AC9F,SAT,True,True,True,CDDDE73CEC8BAEEB90BAC36A7CA8BA14,0.4570460000013554,5.802382541000043,6.261170666000908,60,20736,343416,
single,26,2026092226,1,8,8,39A1AD509429868113B5B29341D85CAD,CDDDE73CEC8BAEEB90BAC36A7CA8BA14,E54C3FCD0940210429FA697313C3AC9F,SAT,True,True,True,CDDDE73CEC8BAEEB90BAC36A7CA8BA14,0.4640780829995492,5.108503125000425,5.574485041999651,60,20736,343416,
single,26,2026092226,1,9,8,39A1AD509429868113B5B29341D85CAD,CDDDE73CEC8BAEEB90BAC36A7CA8BA14,E54C3FCD0940210429FA697313C3AC9F,SAT,True,True,True,CDDDE73CEC8BAEEB90BAC36A7CA8BA14,0.5282967500006635,6.2414107079985115,6.771507334000489,60,20736,343416,
single,26,2026092226,1,10,8,39A1AD509429868113B5B29341D85CAD,CDDDE73CEC8BAEEB90BAC36A7CA8BA14,E54C3FCD0940210429FA697313C3AC9F,SAT,True,True,True,CDDDE73CEC8BAEEB90BAC36A7CA8BA14,0.514654332999271,7.133525709001333,7.6499534579998,60,20736,343416,
single,26,2026092226,1,11,8,39A1AD509429868113B5B29341D85CAD,CDDDE73CEC8BAEEB90BAC36A7CA8BA14,E54C3FCD0940210429FA697313C3AC9F,SAT,True,True,True,CDDDE73CEC8BAEEB90BAC36A7CA8BA14,0.4923114170014742,6.774335125001016,7.268426374999763,60,20736,343416,
single,26,2026092226,1,12,8,39A1AD509429868113B5B29341D85CAD,CDDDE73CEC8BAEEB90BAC36A7CA8BA14,E54C3FCD0940210429FA697313C3AC9F,SAT,True,True,True,CDDDE73CEC8BAEEB90BAC36A7CA8BA14,0.49078300000110175,3.722382457999629,4.214982000001328,60,20736,343416,
single,26,2026092226,1,13,8,39A1AD509429868113B5B29341D85CAD,CDDDE73CEC8BAEEB90BAC36A7CA8BA14,E54C3FCD0940210429FA697313C3AC9F,SAT,True,True,True,CDDDE73CEC8BAEEB90BAC36A7CA8BA14,0.5012532090004242,5.602778583001054,6.105860125000618,60,20736,343416,
single,26,2026092226,1,14,8,39A1AD509429868113B5B29341D85CAD,CDDDE73CEC8BAEEB90BAC36A7CA8BA14,E54C3FCD0940210429FA697313C3AC9F,SAT,True,True,True,CDDDE73CEC8BAEEB90BAC36A7CA8BA14,0.493988124999305,6.121695542000452,6.617651708000267,60,20736,343416,
single,26,2026092226,1,15,8,39A1AD509429868113B5B29341D85CAD,CDDDE73CEC8BAEEB90BAC36A7CA8BA14,E54C3FCD0940210429FA697313C3AC9F,SAT,True,True,True,CDDDE73CEC8BAEEB90BAC36A7CA8BA14,0.48499141600041185,4.909857583001212,5.396912624999459,60,20736,343416,
single,27,2026092227,1,0,8,23BD0407D2ABBA2FC34E9C398F2ED849,07CE2E25582121A48BA3EE08ECBA586D,E11557FA98526DF90F840B032573B84E,SAT,True,True,True,07CE2E25582121A48BA3EE08ECBA586D,0.48470287500094855,6.452513625001302,6.939153790999626,60,20736,343416,
single,27,2026092227,1,1,8,23BD0407D2ABBA2FC34E9C398F2ED849,07CE2E25582121A48BA3EE08ECBA586D,E11557FA98526DF90F840B032573B84E,SAT,True,True,True,07CE2E25582121A48BA3EE08ECBA586D,0.49360662499930186,3.6073982500001875,4.102929415999824,60,20736,343416,
single,27,2026092227,1,2,8,23BD0407D2ABBA2FC34E9C398F2ED849,07CE2E25582121A48BA3EE08ECBA586D,E11557FA98526DF90F840B032573B84E,SAT,True,True,True,07CE2E25582121A48BA3EE08ECBA586D,0.5125312079999276,5.320778917001007,5.835115915999268,60,20736,343416,
single,27,2026092227,1,3,8,23BD0407D2ABBA2FC34E9C398F2ED849,07CE2E25582121A48BA3EE08ECBA586D,E11557FA98526DF90F840B032573B84E,SAT,True,True,True,07CE2E25582121A48BA3EE08ECBA586D,0.5005242919996817,5.165732999999818,5.668295874998876,60,20736,343416,
single,27,2026092227,1,4,8,23BD0407D2ABBA2FC34E9C398F2ED849,07CE2E25582121A48BA3EE08ECBA586D,E11557FA98526DF90F840B032573B84E,SAT,True,True,True,07CE2E25582121A48BA3EE08ECBA586D,0.4859487089997856,6.43632025000079,6.924049416998969,60,20736,343416,
single,27,2026092227,1,5,8,23BD0407D2ABBA2FC34E9C398F2ED849,07CE2E25582121A48BA3EE08ECBA586D,E11557FA98526DF90F840B032573B84E,SAT,True,True,True,07CE2E25582121A48BA3EE08ECBA586D,0.5039441249991796,6.01138841699867,6.517094916000133,60,20736,343416,
single,27,2026092227,1,6,8,23BD0407D2ABBA2FC34E9C398F2ED849,07CE2E25582121A48BA3EE08ECBA586D,E11557FA98526DF90F840B032573B84E,SAT,True,True,True,07CE2E25582121A48BA3EE08ECBA586D,0.48953829200036125,5.955675000001065,6.446970875000261,60,20736,343416,
single,27,2026092227,1,7,8,23BD0407D2ABBA2FC34E9C398F2ED849,07CE2E25582121A48BA3EE08ECBA586D,E11557FA98526DF90F840B032573B84E,SAT,True,True,True,07CE2E25582121A48BA3EE08ECBA586D,0.4862342090000311,5.543458707999889,6.0314466249983525,60,20736,343416,
single,27,2026092227,1,8,8,23BD0407D2ABBA2FC34E9C398F2ED849,07CE2E25582121A48BA3EE08ECBA586D,E11557FA98526DF90F840B032573B84E,SAT,True,True,True,07CE2E25582121A48BA3EE08ECBA586D,0.4920055840011628,5.448980749999464,5.9429210830003285,60,20736,343416,
single,27,2026092227,1,9,8,23BD0407D2ABBA2FC34E9C398F2ED849,07CE2E25582121A48BA3EE08ECBA586D,E11557FA98526DF90F840B032573B84E,SAT,True,True,True,07CE2E25582121A48BA3EE08ECBA586D,0.5221215410001605,5.387255790999916,5.911207375000231,60,20736,343416,
single,27,2026092227,1,10,8,23BD0407D2ABBA2FC34E9C398F2ED849,07CE2E25582121A48BA3EE08ECBA586D,E11557FA98526DF90F840B032573B84E,SAT,True,True,True,07CE2E25582121A48BA3EE08ECBA586D,0.4980092080004397,6.078218749998996,6.578033750000031,60,20736,343416,
single,27,2026092227,1,11,8,23BD0407D2ABBA2FC34E9C398F2ED849,07CE2E25582121A48BA3EE08ECBA586D,E11557FA98526DF90F840B032573B84E,SAT,True,True,True,07CE2E25582121A48BA3EE08ECBA586D,0.5039741670007061,6.2878952080009185,6.793743292000727,60,20736,343416,
single,27,2026092227,1,12,8,23BD0407D2ABBA2FC34E9C398F2ED849,07CE2E25582121A48BA3EE08ECBA586D,E11557FA98526DF90F840B032573B84E,SAT,True,True,True,07CE2E25582121A48BA3EE08ECBA586D,0.5132173749989306,6.265201834001346,6.780266042000221,60,20736,343416,
single,27,2026092227,1,13,8,23BD0407D2ABBA2FC34E9C398F2ED849,07CE2E25582121A48BA3EE08ECBA586D,E11557FA98526DF90F840B032573B84E,SAT,True,True,True,07CE2E25582121A48BA3EE08ECBA586D,0.5145409579999978,7.74737579199973,8.263677209000889,60,20736,343416,
single,27,2026092227,1,14,8,23BD0407D2ABBA2FC34E9C398F2ED849,07CE2E25582121A48BA3EE08ECBA586D,E11557FA98526DF90F840B032573B84E,SAT,True,True,True,07CE2E25582121A48BA3EE08ECBA586D,0.5061293329999899,5.841831457999433,6.349766000001182,60,20736,343416,
single,27,2026092227,1,15,8,23BD0407D2ABBA2FC34E9C398F2ED849,07CE2E25582121A48BA3EE08ECBA586D,E11557FA98526DF90F840B032573B84E,SAT,True,True,True,07CE2E25582121A48BA3EE08ECBA586D,0.49720054200042796,6.560065292000218,7.059047832999568,60,20736,343416,
single,28,2026092228,1,0,8,BCB7F0A99FDAD7A7ADD540F28D1B023A,A512F3B0B6F5FB5692F97B3450D09E2E,ABD43377167FD893A52B700E20FB969A,SAT,True,True,True,A512F3B0B6F5FB5692F97B3450D09E2E,0.5005535000000236,6.658747374998711,7.161223374998372,60,20736,343416,
single,28,2026092228,1,1,8,BCB7F0A99FDAD7A7ADD540F28D1B023A,A512F3B0B6F5FB5692F97B3450D09E2E,ABD43377167FD893A52B700E20FB969A,SAT,True,True,True,A512F3B0B6F5FB5692F97B3450D09E2E,0.5051625839987537,6.068434625000009,6.5753282090008724,60,20736,343416,
single,28,2026092228,1,2,8,BCB7F0A99FDAD7A7ADD540F28D1B023A,A512F3B0B6F5FB5692F97B3450D09E2E,ABD43377167FD893A52B700E20FB969A,SAT,True,True,True,A512F3B0B6F5FB5692F97B3450D09E2E,2.2023535829994216,10.749795083998833,12.953997374999744,60,20736,343416,
single,28,2026092228,1,3,8,BCB7F0A99FDAD7A7ADD540F28D1B023A,A512F3B0B6F5FB5692F97B3450D09E2E,ABD43377167FD893A52B700E20FB969A,SAT,True,True,True,A512F3B0B6F5FB5692F97B3450D09E2E,0.4837244999998802,6.848061542001233,7.333614708000823,60,20736,343416,
single,28,2026092228,1,4,8,BCB7F0A99FDAD7A7ADD540F28D1B023A,A512F3B0B6F5FB5692F97B3450D09E2E,ABD43377167FD893A52B700E20FB969A,SAT,True,True,True,A512F3B0B6F5FB5692F97B3450D09E2E,0.47631737499978044,12.198137499999575,12.685469166000985,60,20736,343416,
single,28,2026092228,1,5,8,BCB7F0A99FDAD7A7ADD540F28D1B023A,A512F3B0B6F5FB5692F97B3450D09E2E,ABD43377167FD893A52B700E20FB969A,SAT,True,True,True,A512F3B0B6F5FB5692F97B3450D09E2E,1.958341333000135,11.00463529100125,12.967092790999232,60,20736,343416,
single,28,2026092228,1,6,8,BCB7F0A99FDAD7A7ADD540F28D1B023A,A512F3B0B6F5FB5692F97B3450D09E2E,ABD43377167FD893A52B700E20FB969A,SAT,True,True,True,A512F3B0B6F5FB5692F97B3450D09E2E,1.1737024170015502,7.931373749999693,9.106973124999058,60,20736,343416,
single,28,2026092228,1,7,8,BCB7F0A99FDAD7A7ADD540F28D1B023A,A512F3B0B6F5FB5692F97B3450D09E2E,ABD43377167FD893A52B700E20FB969A,SAT,True,True,True,A512F3B0B6F5FB5692F97B3450D09E2E,0.4513523330006137,6.381847165999716,6.836909542000285,60,20736,343416,
single,28,2026092228,1,8,8,BCB7F0A99FDAD7A7ADD540F28D1B023A,A512F3B0B6F5FB5692F97B3450D09E2E,ABD43377167FD893A52B700E20FB969A,SAT,True,True,True,A512F3B0B6F5FB5692F97B3450D09E2E,0.7236758340004599,4.981714125000508,5.707171541000207,60,20736,343416,
single,28,2026092228,1,9,8,BCB7F0A99FDAD7A7ADD540F28D1B023A,A512F3B0B6F5FB5692F97B3450D09E2E,ABD43377167FD893A52B700E20FB969A,SAT,True,True,True,A512F3B0B6F5FB5692F97B3450D09E2E,0.45647304200065264,5.926998999999341,6.385247709000396,60,20736,343416,
single,28,2026092228,1,10,8,BCB7F0A99FDAD7A7ADD540F28D1B023A,A512F3B0B6F5FB5692F97B3450D09E2E,ABD43377167FD893A52B700E20FB969A,SAT,True,True,True,A512F3B0B6F5FB5692F97B3450D09E2E,0.4511215410002478,6.420499458001359,6.873409707999599,60,20736,343416,
single,28,2026092228,1,11,8,BCB7F0A99FDAD7A7ADD540F28D1B023A,A512F3B0B6F5FB5692F97B3450D09E2E,ABD43377167FD893A52B700E20FB969A,SAT,True,True,True,A512F3B0B6F5FB5692F97B3450D09E2E,0.45041700000001583,3.3606332499985,3.81279079199885,60,20736,343416,
single,28,2026092228,1,12,8,BCB7F0A99FDAD7A7ADD540F28D1B023A,A512F3B0B6F5FB5692F97B3450D09E2E,ABD43377167FD893A52B700E20FB969A,SAT,True,True,True,A512F3B0B6F5FB5692F97B3450D09E2E,0.4487338330000057,6.127919082999142,6.578393874999165,60,20736,343416,
single,28,2026092228,1,13,8,BCB7F0A99FDAD7A7ADD540F28D1B023A,A512F3B0B6F5FB5692F97B3450D09E2E,ABD43377167FD893A52B700E20FB969A,SAT,True,True,True,A512F3B0B6F5FB5692F97B3450D09E2E,0.44899391699982516,5.128107832999376,5.578871625000829,60,20736,343416,
single,28,2026092228,1,14,8,BCB7F0A99FDAD7A7ADD540F28D1B023A,A512F3B0B6F5FB5692F97B3450D09E2E,ABD43377167FD893A52B700E20FB969A,SAT,True,True,True,A512F3B0B6F5FB5692F97B3450D09E2E,0.44875104099992313,4.928531917001237,5.379020250000394,60,20736,343416,
single,28,2026092228,1,15,8,BCB7F0A99FDAD7A7ADD540F28D1B023A,A512F3B0B6F5FB5692F97B3450D09E2E,ABD43377167FD893A52B700E20FB969A,SAT,True,True,True,A512F3B0B6F5FB5692F97B3450D09E2E,0.4475044999999227,5.598293749999357,6.047541874999297,60,20736,343416,
single,29,2026092229,1,0,8,87C65F69A83BE03DC54E6EEAC62006BC,858435D9C2599B9D61FC03E508185267,061F5970BAE9823442DEEF6F13BB9C95,SAT,True,True,True,858435D9C2599B9D61FC03E508185267,0.4479558749990247,5.4485299160005525,5.89822629199989,60,20736,343416,
single,29,2026092229,1,1,8,87C65F69A83BE03DC54E6EEAC62006BC,858435D9C2599B9D61FC03E508185267,061F5970BAE9823442DEEF6F13BB9C95,SAT,True,True,True,858435D9C2599B9D61FC03E508185267,0.4497458749992802,5.213096166999094,5.664620833000299,60,20736,343416,
single,29,2026092229,1,2,8,87C65F69A83BE03DC54E6EEAC62006BC,858435D9C2599B9D61FC03E508185267,061F5970BAE9823442DEEF6F13BB9C95,SAT,True,True,True,858435D9C2599B9D61FC03E508185267,0.4547852089999651,5.4057693329996255,5.862302667001131,60,20736,343416,
single,29,2026092229,1,3,8,87C65F69A83BE03DC54E6EEAC62006BC,858435D9C2599B9D61FC03E508185267,061F5970BAE9823442DEEF6F13BB9C95,SAT,True,True,True,858435D9C2599B9D61FC03E508185267,0.44989329199961503,6.280872957999236,6.732520666999335,60,20736,343416,
single,29,2026092229,1,4,8,87C65F69A83BE03DC54E6EEAC62006BC,858435D9C2599B9D61FC03E508185267,061F5970BAE9823442DEEF6F13BB9C95,SAT,True,True,True,858435D9C2599B9D61FC03E508185267,0.44937025000035646,6.738840250000067,7.189942332999635,60,20736,343416,
single,29,2026092229,1,5,8,87C65F69A83BE03DC54E6EEAC62006BC,858435D9C2599B9D61FC03E508185267,061F5970BAE9823442DEEF6F13BB9C95,SAT,True,True,True,858435D9C2599B9D61FC03E508185267,0.45061270899896044,7.387672417000431,7.8400327090002975,60,20736,343416,
single,29,2026092229,1,6,8,87C65F69A83BE03DC54E6EEAC62006BC,858435D9C2599B9D61FC03E508185267,061F5970BAE9823442DEEF6F13BB9C95,SAT,True,True,True,858435D9C2599B9D61FC03E508185267,0.4491660829989996,5.933571707999363,6.384502999999313,60,20736,343416,
single,29,2026092229,1,7,8,87C65F69A83BE03DC54E6EEAC62006BC,858435D9C2599B9D61FC03E508185267,061F5970BAE9823442DEEF6F13BB9C95,SAT,True,True,True,858435D9C2599B9D61FC03E508185267,0.4514810420005233,5.144239458000811,5.59745833299894,60,20736,343416,
single,29,2026092229,1,8,8,87C65F69A83BE03DC54E6EEAC62006BC,858435D9C2599B9D61FC03E508185267,061F5970BAE9823442DEEF6F13BB9C95,SAT,True,True,True,858435D9C2599B9D61FC03E508185267,0.44871950000015204,5.2430679999997665,5.693620917001681,60,20736,343416,
single,29,2026092229,1,9,8,87C65F69A83BE03DC54E6EEAC62006BC,858435D9C2599B9D61FC03E508185267,061F5970BAE9823442DEEF6F13BB9C95,SAT,True,True,True,858435D9C2599B9D61FC03E508185267,0.4593033339988324,5.516507750000528,5.977584416999889,60,20736,343416,
single,29,2026092229,1,10,8,87C65F69A83BE03DC54E6EEAC62006BC,858435D9C2599B9D61FC03E508185267,061F5970BAE9823442DEEF6F13BB9C95,SAT,True,True,True,858435D9C2599B9D61FC03E508185267,0.44885779099968204,5.803415042000779,6.253997415999038,60,20736,343416,
single,29,2026092229,1,11,8,87C65F69A83BE03DC54E6EEAC62006BC,858435D9C2599B9D61FC03E508185267,061F5970BAE9823442DEEF6F13BB9C95,SAT,True,True,True,858435D9C2599B9D61FC03E508185267,0.4494297910005116,5.312993208999615,5.764160875000016,60,20736,343416,
single,29,2026092229,1,12,8,87C65F69A83BE03DC54E6EEAC62006BC,858435D9C2599B9D61FC03E508185267,061F5970BAE9823442DEEF6F13BB9C95,SAT,True,True,True,858435D9C2599B9D61FC03E508185267,0.4510707919998822,5.3922715410008095,5.845088957999906,60,20736,343416,
single,29,2026092229,1,13,8,87C65F69A83BE03DC54E6EEAC62006BC,858435D9C2599B9D61FC03E508185267,061F5970BAE9823442DEEF6F13BB9C95,SAT,True,True,True,858435D9C2599B9D61FC03E508185267,0.449033832999703,5.905527832999724,6.356302333000713,60,20736,343416,
single,29,2026092229,1,14,8,87C65F69A83BE03DC54E6EEAC62006BC,858435D9C2599B9D61FC03E508185267,061F5970BAE9823442DEEF6F13BB9C95,SAT,True,True,True,858435D9C2599B9D61FC03E508185267,0.44904891700025473,5.093561417001183,5.544358125000144,60,20736,343416,
single,29,2026092229,1,15,8,87C65F69A83BE03DC54E6EEAC62006BC,858435D9C2599B9D61FC03E508185267,061F5970BAE9823442DEEF6F13BB9C95,SAT,True,True,True,858435D9C2599B9D61FC03E508185267,0.44884224999987055,5.062526666999474,5.513141666999218,60,20736,343416,
single,30,2026092230,1,0,8,4E44A8F41D6D9AC300714589AD647F61,621283465597CC41417300EEEA8F5A37,E9E5830ACDFAEC6A4CE82C0519E5FDF0,SAT,True,True,True,621283465597CC41417300EEEA8F5A37,0.44870041700050933,6.953053917000943,7.4034763330000715,60,20736,343416,
single,30,2026092230,1,1,8,4E44A8F41D6D9AC300714589AD647F61,621283465597CC41417300EEEA8F5A37,E9E5830ACDFAEC6A4CE82C0519E5FDF0,SAT,True,True,True,621283465597CC41417300EEEA8F5A37,0.4491642500015587,5.711471290998816,6.162378166000053,60,20736,343416,
single,30,2026092230,1,2,8,4E44A8F41D6D9AC300714589AD647F61,621283465597CC41417300EEEA8F5A37,E9E5830ACDFAEC6A4CE82C0519E5FDF0,SAT,True,True,True,621283465597CC41417300EEEA8F5A37,0.4446057919994928,5.311718041999484,5.758045833999859,60,20736,343416,
single,30,2026092230,1,3,8,4E44A8F41D6D9AC300714589AD647F61,621283465597CC41417300EEEA8F5A37,E9E5830ACDFAEC6A4CE82C0519E5FDF0,SAT,True,True,True,621283465597CC41417300EEEA8F5A37,0.44996370899934846,6.15437883300001,6.606106167000689,60,20736,343416,
single,30,2026092230,1,4,8,4E44A8F41D6D9AC300714589AD647F61,621283465597CC41417300EEEA8F5A37,E9E5830ACDFAEC6A4CE82C0519E5FDF0,SAT,True,True,True,621283465597CC41417300EEEA8F5A37,0.44927895899854775,5.772708749998856,6.223727041999155,60,20736,343416,
single,30,2026092230,1,5,8,4E44A8F41D6D9AC300714589AD647F61,621283465597CC41417300EEEA8F5A37,E9E5830ACDFAEC6A4CE82C0519E5FDF0,SAT,True,True,True,621283465597CC41417300EEEA8F5A37,0.44869016600023315,5.670520499999839,6.120952875000512,60,20736,343416,
single,30,2026092230,1,6,8,4E44A8F41D6D9AC300714589AD647F61,621283465597CC41417300EEEA8F5A37,E9E5830ACDFAEC6A4CE82C0519E5FDF0,SAT,True,True,True,621283465597CC41417300EEEA8F5A37,0.4486991250014398,6.160521166999388,6.610960207999597,60,20736,343416,
single,30,2026092230,1,7,8,4E44A8F41D6D9AC300714589AD647F61,621283465597CC41417300EEEA8F5A37,E9E5830ACDFAEC6A4CE82C0519E5FDF0,SAT,True,True,True,621283465597CC41417300EEEA8F5A37,0.449828750000961,5.773119916000724,6.224742999998853,60,20736,343416,
single,30,2026092230,1,8,8,4E44A8F41D6D9AC300714589AD647F61,621283465597CC41417300EEEA8F5A37,E9E5830ACDFAEC6A4CE82C0519E5FDF0,SAT,True,True,True,621283465597CC41417300EEEA8F5A37,0.44814629100073944,5.512576624998474,5.962448999998742,60,20736,343416,
single,30,2026092230,1,9,8,4E44A8F41D6D9AC300714589AD647F61,621283465597CC41417300EEEA8F5A37,E9E5830ACDFAEC6A4CE82C0519E5FDF0,SAT,True,True,True,621283465597CC41417300EEEA8F5A37,0.4476170420002745,5.324652708999565,5.774015999999392,60,20736,343416,
single,30,2026092230,1,10,8,4E44A8F41D6D9AC300714589AD647F61,621283465597CC41417300EEEA8F5A37,E9E5830ACDFAEC6A4CE82C0519E5FDF0,SAT,True,True,True,621283465597CC41417300EEEA8F5A37,0.4499636669988831,5.597048833000372,6.048733957999502,60,20736,343416,
single,30,2026092230,1,11,8,4E44A8F41D6D9AC300714589AD647F61,621283465597CC41417300EEEA8F5A37,E9E5830ACDFAEC6A4CE82C0519E5FDF0,SAT,True,True,True,621283465597CC41417300EEEA8F5A37,0.4478531249988009,5.691682292001133,6.141255958000329,60,20736,343416,
single,30,2026092230,1,12,8,4E44A8F41D6D9AC300714589AD647F61,621283465597CC41417300EEEA8F5A37,E9E5830ACDFAEC6A4CE82C0519E5FDF0,SAT,True,True,True,621283465597CC41417300EEEA8F5A37,0.44829987500088464,6.3924344169990945,6.842481042000145,60,20736,343416,
single,30,2026092230,1,13,8,4E44A8F41D6D9AC300714589AD647F61,621283465597CC41417300EEEA8F5A37,E9E5830ACDFAEC6A4CE82C0519E5FDF0,SAT,True,True,True,621283465597CC41417300EEEA8F5A37,0.44834404199900746,6.44300395800019,6.8930918749993,60,20736,343416,
single,30,2026092230,1,14,8,4E44A8F41D6D9AC300714589AD647F61,621283465597CC41417300EEEA8F5A37,E9E5830ACDFAEC6A4CE82C0519E5FDF0,SAT,True,True,True,621283465597CC41417300EEEA8F5A37,0.44423312499930034,5.459313833000124,5.905278375001217,60,20736,343416,
single,30,2026092230,1,15,8,4E44A8F41D6D9AC300714589AD647F61,621283465597CC41417300EEEA8F5A37,E9E5830ACDFAEC6A4CE82C0519E5FDF0,SAT,True,True,True,621283465597CC41417300EEEA8F5A37,0.4472971659997711,4.876920250000694,5.32594699999936,60,20736,343416,
single,31,2026092231,1,0,8,B1A6C489D90780ED4A5F95B318E9DD6C,8FE3F3B00033BD15E3B4E6383517D323,CD85C2C83B99E65541AC1DB4B9E87223,SAT,True,True,True,8FE3F3B00033BD15E3B4E6383517D323,0.4486638340003992,4.950488833999771,5.400872582999,60,20736,343416,
single,31,2026092231,1,1,8,B1A6C489D90780ED4A5F95B318E9DD6C,8FE3F3B00033BD15E3B4E6383517D323,CD85C2C83B99E65541AC1DB4B9E87223,SAT,True,True,True,8FE3F3B00033BD15E3B4E6383517D323,0.4492186250008672,5.721649332999732,6.172608957998818,60,20736,343416,
single,31,2026092231,1,2,8,B1A6C489D90780ED4A5F95B318E9DD6C,8FE3F3B00033BD15E3B4E6383517D323,CD85C2C83B99E65541AC1DB4B9E87223,SAT,True,True,True,8FE3F3B00033BD15E3B4E6383517D323,0.44764945799943234,4.015914209001494,4.465354124999067,60,20736,343416,
single,31,2026092231,1,3,8,B1A6C489D90780ED4A5F95B318E9DD6C,8FE3F3B00033BD15E3B4E6383517D323,CD85C2C83B99E65541AC1DB4B9E87223,SAT,True,True,True,8FE3F3B00033BD15E3B4E6383517D323,0.44872783299979346,5.546450541998638,5.996953084000779,60,20736,343416,
single,31,2026092231,1,4,8,B1A6C489D90780ED4A5F95B318E9DD6C,8FE3F3B00033BD15E3B4E6383517D323,CD85C2C83B99E65541AC1DB4B9E87223,SAT,True,True,True,8FE3F3B00033BD15E3B4E6383517D323,0.44775258300069254,5.329887374999089,5.779428541000016,60,20736,343416,
single,31,2026092231,1,5,8,B1A6C489D90780ED4A5F95B318E9DD6C,8FE3F3B00033BD15E3B4E6383517D323,CD85C2C83B99E65541AC1DB4B9E87223,SAT,True,True,True,8FE3F3B00033BD15E3B4E6383517D323,0.45029754099959973,5.66748062500119,6.11950458299907,60,20736,343416,
single,31,2026092231,1,6,8,B1A6C489D90780ED4A5F95B318E9DD6C,8FE3F3B00033BD15E3B4E6383517D323,CD85C2C83B99E65541AC1DB4B9E87223,SAT,True,True,True,8FE3F3B00033BD15E3B4E6383517D323,0.448696542000107,6.377539375000197,6.827983625000343,60,20736,343416,
single,31,2026092231,1,7,8,B1A6C489D90780ED4A5F95B318E9DD6C,8FE3F3B00033BD15E3B4E6383517D323,CD85C2C83B99E65541AC1DB4B9E87223,SAT,True,True,True,8FE3F3B00033BD15E3B4E6383517D323,0.4489787919992523,3.8682738750012504,4.318989542000054,60,20736,343416,
single,31,2026092231,1,8,8,B1A6C489D90780ED4A5F95B318E9DD6C,8FE3F3B00033BD15E3B4E6383517D323,CD85C2C83B99E65541AC1DB4B9E87223,SAT,True,True,True,8FE3F3B00033BD15E3B4E6383517D323,0.45026345799851697,6.608545166998738,7.060543499999767,60,20736,343416,
single,31,2026092231,1,9,8,B1A6C489D90780ED4A5F95B318E9DD6C,8FE3F3B00033BD15E3B4E6383517D323,CD85C2C83B99E65541AC1DB4B9E87223,SAT,True,True,True,8FE3F3B00033BD15E3B4E6383517D323,0.44738737500119896,5.258655208001073,5.707780916000047,60,20736,343416,
single,31,2026092231,1,10,8,B1A6C489D90780ED4A5F95B318E9DD6C,8FE3F3B00033BD15E3B4E6383517D323,CD85C2C83B99E65541AC1DB4B9E87223,SAT,True,True,True,8FE3F3B00033BD15E3B4E6383517D323,0.4490189160005684,5.443707833999724,5.89446795799995,60,20736,343416,
single,31,2026092231,1,11,8,B1A6C489D90780ED4A5F95B318E9DD6C,8FE3F3B00033BD15E3B4E6383517D323,CD85C2C83B99E65541AC1DB4B9E87223,SAT,True,True,True,8FE3F3B00033BD15E3B4E6383517D323,0.4467863750014658,5.080011915999421,5.528549208000186,60,20736,343416,
single,31,2026092231,1,12,8,B1A6C489D90780ED4A5F95B318E9DD6C,8FE3F3B00033BD15E3B4E6383517D323,CD85C2C83B99E65541AC1DB4B9E87223,SAT,True,True,True,8FE3F3B00033BD15E3B4E6383517D323,0.44834416699995927,5.402023791999454,5.8520991660006985,60,20736,343416,
single,31,2026092231,1,13,8,B1A6C489D90780ED4A5F95B318E9DD6C,8FE3F3B00033BD15E3B4E6383517D323,CD85C2C83B99E65541AC1DB4B9E87223,SAT,True,True,True,8FE3F3B00033BD15E3B4E6383517D323,0.4479631670001254,5.610148834000938,6.059853583001313,60,20736,343416,
single,31,2026092231,1,14,8,B1A6C489D90780ED4A5F95B318E9DD6C,8FE3F3B00033BD15E3B4E6383517D323,CD85C2C83B99E65541AC1DB4B9E87223,SAT,True,True,True,8FE3F3B00033BD15E3B4E6383517D323,0.4481713330005732,7.203855375000785,7.6537473749995115,60,20736,343416,
single,31,2026092231,1,15,8,B1A6C489D90780ED4A5F95B318E9DD6C,8FE3F3B00033BD15E3B4E6383517D323,CD85C2C83B99E65541AC1DB4B9E87223,SAT,True,True,True,8FE3F3B00033BD15E3B4E6383517D323,0.44826979199933703,5.726359709000462,6.176378165999267,60,20736,343416,
single,32,2026092232,1,0,8,3A72FF4B71AFA9E09E7850F965016C3F,D84AF9891ECBFDD8A9ED31E1F65F26E4,FEF1CFD8C4A15115F3167D90ED7F7EE4,SAT,True,True,True,D84AF9891ECBFDD8A9ED31E1F65F26E4,0.44622529200023564,5.224393082999086,5.672380916999828,60,20736,343416,
single,32,2026092232,1,1,8,3A72FF4B71AFA9E09E7850F965016C3F,D84AF9891ECBFDD8A9ED31E1F65F26E4,FEF1CFD8C4A15115F3167D90ED7F7EE4,SAT,True,True,True,D84AF9891ECBFDD8A9ED31E1F65F26E4,0.44837741700030165,5.217480582999997,5.6675948339998286,60,20736,343416,
single,32,2026092232,1,2,8,3A72FF4B71AFA9E09E7850F965016C3F,D84AF9891ECBFDD8A9ED31E1F65F26E4,FEF1CFD8C4A15115F3167D90ED7F7EE4,SAT,True,True,True,D84AF9891ECBFDD8A9ED31E1F65F26E4,0.4491099580009177,3.8499142919990845,4.300757458000589,60,20736,343416,
single,32,2026092232,1,3,8,3A72FF4B71AFA9E09E7850F965016C3F,D84AF9891ECBFDD8A9ED31E1F65F26E4,FEF1CFD8C4A15115F3167D90ED7F7EE4,SAT,True,True,True,D84AF9891ECBFDD8A9ED31E1F65F26E4,0.4486107089996949,5.838915583000926,6.289270833000046,60,20736,343416,
single,32,2026092232,1,4,8,3A72FF4B71AFA9E09E7850F965016C3F,D84AF9891ECBFDD8A9ED31E1F65F26E4,FEF1CFD8C4A15115F3167D90ED7F7EE4,SAT,True,True,True,D84AF9891ECBFDD8A9ED31E1F65F26E4,0.44750083300095866,4.905551125000784,5.354789959001209,60,20736,343416,
single,32,2026092232,1,5,8,3A72FF4B71AFA9E09E7850F965016C3F,D84AF9891ECBFDD8A9ED31E1F65F26E4,FEF1CFD8C4A15115F3167D90ED7F7EE4,SAT,True,True,True,D84AF9891ECBFDD8A9ED31E1F65F26E4,0.44659683300051256,5.537976334000632,5.986304833000759,60,20736,343416,
single,32,2026092232,1,6,8,3A72FF4B71AFA9E09E7850F965016C3F,D84AF9891ECBFDD8A9ED31E1F65F26E4,FEF1CFD8C4A15115F3167D90ED7F7EE4,SAT,True,True,True,D84AF9891ECBFDD8A9ED31E1F65F26E4,0.44660537500021746,4.090627792000305,4.539018292000037,60,20736,343416,
single,32,2026092232,1,7,8,3A72FF4B71AFA9E09E7850F965016C3F,D84AF9891ECBFDD8A9ED31E1F65F26E4,FEF1CFD8C4A15115F3167D90ED7F7EE4,SAT,True,True,True,D84AF9891ECBFDD8A9ED31E1F65F26E4,0.45164124999973865,5.266803667000204,5.720182832999853,60,20736,343416,
single,32,2026092232,1,8,8,3A72FF4B71AFA9E09E7850F965016C3F,D84AF9891ECBFDD8A9ED31E1F65F26E4,FEF1CFD8C4A15115F3167D90ED7F7EE4,SAT,True,True,True,D84AF9891ECBFDD8A9ED31E1F65F26E4,0.4481443339991529,5.569629541998438,6.019501624999975,60,20736,343416,
single,32,2026092232,1,9,8,3A72FF4B71AFA9E09E7850F965016C3F,D84AF9891ECBFDD8A9ED31E1F65F26E4,FEF1CFD8C4A15115F3167D90ED7F7EE4,SAT,True,True,True,D84AF9891ECBFDD8A9ED31E1F65F26E4,0.4480891250004788,5.808732749999763,6.258611499999461,60,20736,343416,
single,32,2026092232,1,10,8,3A72FF4B71AFA9E09E7850F965016C3F,D84AF9891ECBFDD8A9ED31E1F65F26E4,FEF1CFD8C4A15115F3167D90ED7F7EE4,SAT,True,True,True,D84AF9891ECBFDD8A9ED31E1F65F26E4,0.4484948749995965,4.739134084000398,5.189383499999167,60,20736,343416,
single,32,2026092232,1,11,8,3A72FF4B71AFA9E09E7850F965016C3F,D84AF9891ECBFDD8A9ED31E1F65F26E4,FEF1CFD8C4A15115F3167D90ED7F7EE4,SAT,True,True,True,D84AF9891ECBFDD8A9ED31E1F65F26E4,0.45311516699985077,5.298181916999965,5.753072166000493,60,20736,343416,
single,32,2026092232,1,12,8,3A72FF4B71AFA9E09E7850F965016C3F,D84AF9891ECBFDD8A9ED31E1F65F26E4,FEF1CFD8C4A15115F3167D90ED7F7EE4,SAT,True,True,True,D84AF9891ECBFDD8A9ED31E1F65F26E4,0.4523209170001792,5.4148669589994824,5.868974957998944,60,20736,343416,
single,32,2026092232,1,13,8,3A72FF4B71AFA9E09E7850F965016C3F,D84AF9891ECBFDD8A9ED31E1F65F26E4,FEF1CFD8C4A15115F3167D90ED7F7EE4,SAT,True,True,True,D84AF9891ECBFDD8A9ED31E1F65F26E4,0.4557783340005699,5.658695792000799,6.116207084000052,60,20736,343416,
single,32,2026092232,1,14,8,3A72FF4B71AFA9E09E7850F965016C3F,D84AF9891ECBFDD8A9ED31E1F65F26E4,FEF1CFD8C4A15115F3167D90ED7F7EE4,SAT,True,True,True,D84AF9891ECBFDD8A9ED31E1F65F26E4,0.4500484170002892,4.011942790999456,4.46375850000004,60,20736,343416,
single,32,2026092232,1,15,8,3A72FF4B71AFA9E09E7850F965016C3F,D84AF9891ECBFDD8A9ED31E1F65F26E4,FEF1CFD8C4A15115F3167D90ED7F7EE4,SAT,True,True,True,D84AF9891ECBFDD8A9ED31E1F65F26E4,0.4632441250014381,5.34185725000134,5.806867417000831,60,20736,343416,
single,33,2026092233,1,0,8,499A20B9D238610C91915F2EF43D9BF4,F25C1FFC80CF614155277702472DBF5D,E1BA368F43846E739FF7AC2925900A04,SAT,True,True,True,F25C1FFC80CF614155277702472DBF5D,0.44781166699976893,5.725039541999649,6.174574832999497,60,20736,343416,
single,33,2026092233,1,1,8,499A20B9D238610C91915F2EF43D9BF4,F25C1FFC80CF614155277702472DBF5D,E1BA368F43846E739FF7AC2925900A04,SAT,True,True,True,F25C1FFC80CF614155277702472DBF5D,0.44762708400048723,5.474693667001702,5.924043958999391,60,20736,343416,
single,33,2026092233,1,2,8,499A20B9D238610C91915F2EF43D9BF4,F25C1FFC80CF614155277702472DBF5D,E1BA368F43846E739FF7AC2925900A04,SAT,True,True,True,F25C1FFC80CF614155277702472DBF5D,0.4494207079987973,5.496547958999145,5.947705333001068,60,20736,343416,
single,33,2026092233,1,3,8,499A20B9D238610C91915F2EF43D9BF4,F25C1FFC80CF614155277702472DBF5D,E1BA368F43846E739FF7AC2925900A04,SAT,True,True,True,F25C1FFC80CF614155277702472DBF5D,0.44837483300034364,5.255426540999906,5.705573500001265,60,20736,343416,
single,33,2026092233,1,4,8,499A20B9D238610C91915F2EF43D9BF4,F25C1FFC80CF614155277702472DBF5D,E1BA368F43846E739FF7AC2925900A04,SAT,True,True,True,F25C1FFC80CF614155277702472DBF5D,0.44972291600061,5.824286749999374,6.275767082999664,60,20736,343416,
single,33,2026092233,1,5,8,499A20B9D238610C91915F2EF43D9BF4,F25C1FFC80CF614155277702472DBF5D,E1BA368F43846E739FF7AC2925900A04,SAT,True,True,True,F25C1FFC80CF614155277702472DBF5D,0.4486014160011109,3.720952749999924,4.17125925000073,60,20736,343416,
single,33,2026092233,1,6,8,499A20B9D238610C91915F2EF43D9BF4,F25C1FFC80CF614155277702472DBF5D,E1BA368F43846E739FF7AC2925900A04,SAT,True,True,True,F25C1FFC80CF614155277702472DBF5D,0.4475613329996122,5.352228584000841,5.801527125000575,60,20736,343416,
single,33,2026092233,1,7,8,499A20B9D238610C91915F2EF43D9BF4,F25C1FFC80CF614155277702472DBF5D,E1BA368F43846E739FF7AC2925900A04,SAT,True,True,True,F25C1FFC80CF614155277702472DBF5D,0.4476258750000852,6.565160707999894,7.014509750000798,60,20736,343416,
single,33,2026092233,1,8,8,499A20B9D238610C91915F2EF43D9BF4,F25C1FFC80CF614155277702472DBF5D,E1BA368F43846E739FF7AC2925900A04,SAT,True,True,True,F25C1FFC80CF614155277702472DBF5D,0.448737999999139,6.401672750000216,6.852199832999759,60,20736,343416,
single,33,2026092233,1,9,8,499A20B9D238610C91915F2EF43D9BF4,F25C1FFC80CF614155277702472DBF5D,E1BA368F43846E739FF7AC2925900A04,SAT,True,True,True,F25C1FFC80CF614155277702472DBF5D,0.4598805000005086,5.771218334000878,6.232815749999645,60,20736,343416,
single,33,2026092233,1,10,8,499A20B9D238610C91915F2EF43D9BF4,F25C1FFC80CF614155277702472DBF5D,E1BA368F43846E739FF7AC2925900A04,SAT,True,True,True,F25C1FFC80CF614155277702472DBF5D,0.44638695799949346,5.462863583999933,5.910956999998234,60,20736,343416,
single,33,2026092233,1,11,8,499A20B9D238610C91915F2EF43D9BF4,F25C1FFC80CF614155277702472DBF5D,E1BA368F43846E739FF7AC2925900A04,SAT,True,True,True,F25C1FFC80CF614155277702472DBF5D,0.4606149160008499,5.80185633399924,6.264408249999178,60,20736,343416,
single,33,2026092233,1,12,8,499A20B9D238610C91915F2EF43D9BF4,F25C1FFC80CF614155277702472DBF5D,E1BA368F43846E739FF7AC2925900A04,SAT,True,True,True,F25C1FFC80CF614155277702472DBF5D,0.45422216699989804,5.742817334001302,6.1987712500013,60,20736,343416,
single,33,2026092233,1,13,8,499A20B9D238610C91915F2EF43D9BF4,F25C1FFC80CF614155277702472DBF5D,E1BA368F43846E739FF7AC2925900A04,SAT,True,True,True,F25C1FFC80CF614155277702472DBF5D,0.45203604100061057,6.79516749999857,7.248911999999109,60,20736,343416,
single,33,2026092233,1,14,8,499A20B9D238610C91915F2EF43D9BF4,F25C1FFC80CF614155277702472DBF5D,E1BA368F43846E739FF7AC2925900A04,SAT,True,True,True,F25C1FFC80CF614155277702472DBF5D,0.525984249999965,5.324007499999425,5.851704499998959,60,20736,343416,
single,33,2026092233,1,15,8,499A20B9D238610C91915F2EF43D9BF4,F25C1FFC80CF614155277702472DBF5D,E1BA368F43846E739FF7AC2925900A04,SAT,True,True,True,F25C1FFC80CF614155277702472DBF5D,0.44804095899962704,6.161084875000597,6.610835916000724,60,20736,343416,
single,34,2026092234,1,0,8,07A0481AA5834C5180E7810FCED6CDAE,B3A81AE3C7C56CBE02C7FCD91F5D9B16,5C90B82BF3F29FD44E084613CD7E444E,SAT,True,True,True,B3A81AE3C7C56CBE02C7FCD91F5D9B16,0.45951358399906894,6.327348667000479,6.789328499999101,60,20736,343416,
single,34,2026092234,1,1,8,07A0481AA5834C5180E7810FCED6CDAE,B3A81AE3C7C56CBE02C7FCD91F5D9B16,5C90B82BF3F29FD44E084613CD7E444E,SAT,True,True,True,B3A81AE3C7C56CBE02C7FCD91F5D9B16,0.46988620899901434,5.492211582999516,5.963816792000216,60,20736,343416,
single,34,2026092234,1,2,8,07A0481AA5834C5180E7810FCED6CDAE,B3A81AE3C7C56CBE02C7FCD91F5D9B16,5C90B82BF3F29FD44E084613CD7E444E,SAT,True,True,True,B3A81AE3C7C56CBE02C7FCD91F5D9B16,0.44623158300055366,5.848299708999548,6.2963052920003975,60,20736,343416,
single,34,2026092234,1,3,8,07A0481AA5834C5180E7810FCED6CDAE,B3A81AE3C7C56CBE02C7FCD91F5D9B16,5C90B82BF3F29FD44E084613CD7E444E,SAT,True,True,True,B3A81AE3C7C56CBE02C7FCD91F5D9B16,0.44556112499958545,5.188387375001184,5.635731583000961,60,20736,343416,
single,34,2026092234,1,4,8,07A0481AA5834C5180E7810FCED6CDAE,B3A81AE3C7C56CBE02C7FCD91F5D9B16,5C90B82BF3F29FD44E084613CD7E444E,SAT,True,True,True,B3A81AE3C7C56CBE02C7FCD91F5D9B16,0.44803541699911875,5.550255624999409,6.000018208000256,60,20736,343416,
single,34,2026092234,1,5,8,07A0481AA5834C5180E7810FCED6CDAE,B3A81AE3C7C56CBE02C7FCD91F5D9B16,5C90B82BF3F29FD44E084613CD7E444E,SAT,True,True,True,B3A81AE3C7C56CBE02C7FCD91F5D9B16,0.44709766699998,4.814668417000576,5.263494541999535,60,20736,343416,
single,34,2026092234,1,6,8,07A0481AA5834C5180E7810FCED6CDAE,B3A81AE3C7C56CBE02C7FCD91F5D9B16,5C90B82BF3F29FD44E084613CD7E444E,SAT,True,True,True,B3A81AE3C7C56CBE02C7FCD91F5D9B16,0.4486770829989837,5.556842040999982,6.007242042000144,60,20736,343416,
single,34,2026092234,1,7,8,07A0481AA5834C5180E7810FCED6CDAE,B3A81AE3C7C56CBE02C7FCD91F5D9B16,5C90B82BF3F29FD44E084613CD7E444E,SAT,True,True,True,B3A81AE3C7C56CBE02C7FCD91F5D9B16,0.44644541699926776,5.158726708999893,5.606891542000085,60,20736,343416,
single,34,2026092234,1,8,8,07A0481AA5834C5180E7810FCED6CDAE,B3A81AE3C7C56CBE02C7FCD91F5D9B16,5C90B82BF3F29FD44E084613CD7E444E,SAT,True,True,True,B3A81AE3C7C56CBE02C7FCD91F5D9B16,0.44753320800009533,6.553706709000835,7.003061333000005,60,20736,343416,
single,34,2026092234,1,9,8,07A0481AA5834C5180E7810FCED6CDAE,B3A81AE3C7C56CBE02C7FCD91F5D9B16,5C90B82BF3F29FD44E084613CD7E444E,SAT,True,True,True,B3A81AE3C7C56CBE02C7FCD91F5D9B16,0.5121453749998182,7.032385041999078,7.546287040999232,60,20736,343416,
single,34,2026092234,1,10,8,07A0481AA5834C5180E7810FCED6CDAE,B3A81AE3C7C56CBE02C7FCD91F5D9B16,5C90B82BF3F29FD44E084613CD7E444E,SAT,True,True,True,B3A81AE3C7C56CBE02C7FCD91F5D9B16,0.4480572909997136,4.931455666999682,5.381239333000849,60,20736,343416,
single,34,2026092234,1,11,8,07A0481AA5834C5180E7810FCED6CDAE,B3A81AE3C7C56CBE02C7FCD91F5D9B16,5C90B82BF3F29FD44E084613CD7E444E,SAT,True,True,True,B3A81AE3C7C56CBE02C7FCD91F5D9B16,0.4627907079993747,6.532167082999877,6.996678083000006,60,20736,343416,
single,34,2026092234,1,12,8,07A0481AA5834C5180E7810FCED6CDAE,B3A81AE3C7C56CBE02C7FCD91F5D9B16,5C90B82BF3F29FD44E084613CD7E444E,SAT,True,True,True,B3A81AE3C7C56CBE02C7FCD91F5D9B16,0.45740612500048883,5.267272458999287,5.726408291999178,60,20736,343416,
single,34,2026092234,1,13,8,07A0481AA5834C5180E7810FCED6CDAE,B3A81AE3C7C56CBE02C7FCD91F5D9B16,5C90B82BF3F29FD44E084613CD7E444E,SAT,True,True,True,B3A81AE3C7C56CBE02C7FCD91F5D9B16,0.44840245800151024,6.702499541999714,7.152645665999444,60,20736,343416,
single,34,2026092234,1,14,8,07A0481AA5834C5180E7810FCED6CDAE,B3A81AE3C7C56CBE02C7FCD91F5D9B16,5C90B82BF3F29FD44E084613CD7E444E,SAT,True,True,True,B3A81AE3C7C56CBE02C7FCD91F5D9B16,0.4553089169985469,5.207210167000085,5.6642475000007835,60,20736,343416,
single,34,2026092234,1,15,8,07A0481AA5834C5180E7810FCED6CDAE,B3A81AE3C7C56CBE02C7FCD91F5D9B16,5C90B82BF3F29FD44E084613CD7E444E,SAT,True,True,True,B3A81AE3C7C56CBE02C7FCD91F5D9B16,0.44625333299882186,5.817523249999795,6.26550374999897,60,20736,343416,
single,35,2026092235,1,0,8,1DFE506461B2884ECDD9DD9E1208A93E,F829BC87A7F3E1C9E074EF05A2992F5B,62B731037F859163F759AAE30364E5C5,SAT,True,True,True,F829BC87A7F3E1C9E074EF05A2992F5B,0.4648648750007851,5.018314500000997,5.484896125000887,60,20736,343416,
single,35,2026092235,1,1,8,1DFE506461B2884ECDD9DD9E1208A93E,F829BC87A7F3E1C9E074EF05A2992F5B,62B731037F859163F759AAE30364E5C5,SAT,True,True,True,F829BC87A7F3E1C9E074EF05A2992F5B,0.46450329199979024,8.725222708000729,9.191458458000852,60,20736,343416,
single,35,2026092235,1,2,8,1DFE506461B2884ECDD9DD9E1208A93E,F829BC87A7F3E1C9E074EF05A2992F5B,62B731037F859163F759AAE30364E5C5,SAT,True,True,True,F829BC87A7F3E1C9E074EF05A2992F5B,0.46221683300063887,6.164293541000006,6.62825150000026,60,20736,343416,
single,35,2026092235,1,3,8,1DFE506461B2884ECDD9DD9E1208A93E,F829BC87A7F3E1C9E074EF05A2992F5B,62B731037F859163F759AAE30364E5C5,SAT,True,True,True,F829BC87A7F3E1C9E074EF05A2992F5B,0.48706920800032094,6.4159007499984,6.904849208000087,60,20736,343416,
single,35,2026092235,1,4,8,1DFE506461B2884ECDD9DD9E1208A93E,F829BC87A7F3E1C9E074EF05A2992F5B,62B731037F859163F759AAE30364E5C5,SAT,True,True,True,F829BC87A7F3E1C9E074EF05A2992F5B,0.4561732909987768,5.330972457999451,5.788945209000303,60,20736,343416,
single,35,2026092235,1,5,8,1DFE506461B2884ECDD9DD9E1208A93E,F829BC87A7F3E1C9E074EF05A2992F5B,62B731037F859163F759AAE30364E5C5,SAT,True,True,True,F829BC87A7F3E1C9E074EF05A2992F5B,0.45161920899954566,5.871047542001179,6.32440270799998,60,20736,343416,
single,35,2026092235,1,6,8,1DFE506461B2884ECDD9DD9E1208A93E,F829BC87A7F3E1C9E074EF05A2992F5B,62B731037F859163F759AAE30364E5C5,SAT,True,True,True,F829BC87A7F3E1C9E074EF05A2992F5B,0.4550292919993808,4.5072220000001835,4.964000916999794,60,20736,343416,
single,35,2026092235,1,7,8,1DFE506461B2884ECDD9DD9E1208A93E,F829BC87A7F3E1C9E074EF05A2992F5B,62B731037F859163F759AAE30364E5C5,SAT,True,True,True,F829BC87A7F3E1C9E074EF05A2992F5B,0.4590397079991817,6.36773683300089,6.828515249999327,60,20736,343416,
single,35,2026092235,1,8,8,1DFE506461B2884ECDD9DD9E1208A93E,F829BC87A7F3E1C9E074EF05A2992F5B,62B731037F859163F759AAE30364E5C5,SAT,True,True,True,F829BC87A7F3E1C9E074EF05A2992F5B,0.44965304200013634,5.377200124999945,5.82859974999883,60,20736,343416,
single,35,2026092235,1,9,8,1DFE506461B2884ECDD9DD9E1208A93E,F829BC87A7F3E1C9E074EF05A2992F5B,62B731037F859163F759AAE30364E5C5,SAT,True,True,True,F829BC87A7F3E1C9E074EF05A2992F5B,0.45628904099976353,4.643255250000948,5.101293665999037,60,20736,343416,
single,35,2026092235,1,10,8,1DFE506461B2884ECDD9DD9E1208A93E,F829BC87A7F3E1C9E074EF05A2992F5B,62B731037F859163F759AAE30364E5C5,SAT,True,True,True,F829BC87A7F3E1C9E074EF05A2992F5B,0.4591817500004254,3.957994582999163,4.418945958001132,60,20736,343416,
single,35,2026092235,1,11,8,1DFE506461B2884ECDD9DD9E1208A93E,F829BC87A7F3E1C9E074EF05A2992F5B,62B731037F859163F759AAE30364E5C5,SAT,True,True,True,F829BC87A7F3E1C9E074EF05A2992F5B,0.4580773340003361,6.012507208999523,6.4724354579993815,60,20736,343416,
single,35,2026092235,1,12,8,1DFE506461B2884ECDD9DD9E1208A93E,F829BC87A7F3E1C9E074EF05A2992F5B,62B731037F859163F759AAE30364E5C5,SAT,True,True,True,F829BC87A7F3E1C9E074EF05A2992F5B,0.5286460419993091,7.494577041999946,8.024941916999524,60,20736,343416,
single,35,2026092235,1,13,8,1DFE506461B2884ECDD9DD9E1208A93E,F829BC87A7F3E1C9E074EF05A2992F5B,62B731037F859163F759AAE30364E5C5,SAT,True,True,True,F829BC87A7F3E1C9E074EF05A2992F5B,0.44972520800001803,5.636284250000244,6.08775308300028,60,20736,343416,
single,35,2026092235,1,14,8,1DFE506461B2884ECDD9DD9E1208A93E,F829BC87A7F3E1C9E074EF05A2992F5B,62B731037F859163F759AAE30364E5C5,SAT,True,True,True,F829BC87A7F3E1C9E074EF05A2992F5B,0.45146850000128325,6.194519292001132,6.647758332999729,60,20736,343416,
single,35,2026092235,1,15,8,1DFE506461B2884ECDD9DD9E1208A93E,F829BC87A7F3E1C9E074EF05A2992F5B,62B731037F859163F759AAE30364E5C5,SAT,True,True,True,F829BC87A7F3E1C9E074EF05A2992F5B,0.44950470800176845,5.542486624999583,5.993765082999744,60,20736,343416,
single,36,2026092236,1,0,8,158BF7FF9C900638F152219263D13492,622267B713F1C7AD58C4AFF4D51A1DB2,48BAEC51FC10E3048A97236D8924851E,SAT,True,True,True,622267B713F1C7AD58C4AFF4D51A1DB2,0.45971862499936833,6.7263248750005005,7.187761375000264,60,20736,343416,
single,36,2026092236,1,1,8,158BF7FF9C900638F152219263D13492,622267B713F1C7AD58C4AFF4D51A1DB2,48BAEC51FC10E3048A97236D8924851E,SAT,True,True,True,622267B713F1C7AD58C4AFF4D51A1DB2,0.5062713749994145,6.207777625000745,6.715786541000853,60,20736,343416,
single,36,2026092236,1,2,8,158BF7FF9C900638F152219263D13492,622267B713F1C7AD58C4AFF4D51A1DB2,48BAEC51FC10E3048A97236D8924851E,SAT,True,True,True,622267B713F1C7AD58C4AFF4D51A1DB2,0.5681060000006255,5.221446667001146,5.791289207998489,60,20736,343416,
single,36,2026092236,1,3,8,158BF7FF9C900638F152219263D13492,622267B713F1C7AD58C4AFF4D51A1DB2,48BAEC51FC10E3048A97236D8924851E,SAT,True,True,True,622267B713F1C7AD58C4AFF4D51A1DB2,0.45557150000058755,5.307531250000466,5.764862957999867,60,20736,343416,
single,36,2026092236,1,4,8,158BF7FF9C900638F152219263D13492,622267B713F1C7AD58C4AFF4D51A1DB2,48BAEC51FC10E3048A97236D8924851E,SAT,True,True,True,622267B713F1C7AD58C4AFF4D51A1DB2,0.4810482499997306,5.238141165998968,5.721263334000469,60,20736,343416,
single,36,2026092236,1,5,8,158BF7FF9C900638F152219263D13492,622267B713F1C7AD58C4AFF4D51A1DB2,48BAEC51FC10E3048A97236D8924851E,SAT,True,True,True,622267B713F1C7AD58C4AFF4D51A1DB2,0.4593775409994123,5.919633833998887,6.380795625000246,60,20736,343416,
single,36,2026092236,1,6,8,158BF7FF9C900638F152219263D13492,622267B713F1C7AD58C4AFF4D51A1DB2,48BAEC51FC10E3048A97236D8924851E,SAT,True,True,True,622267B713F1C7AD58C4AFF4D51A1DB2,0.4552665410010377,5.595673834000991,6.052681625000332,60,20736,343416,
single,36,2026092236,1,7,8,158BF7FF9C900638F152219263D13492,622267B713F1C7AD58C4AFF4D51A1DB2,48BAEC51FC10E3048A97236D8924851E,SAT,True,True,True,622267B713F1C7AD58C4AFF4D51A1DB2,0.45424562500011234,6.374054583000543,6.830039917000249,60,20736,343416,
single,36,2026092236,1,8,8,158BF7FF9C900638F152219263D13492,622267B713F1C7AD58C4AFF4D51A1DB2,48BAEC51FC10E3048A97236D8924851E,SAT,True,True,True,622267B713F1C7AD58C4AFF4D51A1DB2,0.4510123330001079,6.2479192089995195,6.700653166000848,60,20736,343416,
single,36,2026092236,1,9,8,158BF7FF9C900638F152219263D13492,622267B713F1C7AD58C4AFF4D51A1DB2,48BAEC51FC10E3048A97236D8924851E,SAT,True,True,True,622267B713F1C7AD58C4AFF4D51A1DB2,0.45325270800094586,5.50402829199993,5.958997083000213,60,20736,343416,
single,36,2026092236,1,10,8,158BF7FF9C900638F152219263D13492,622267B713F1C7AD58C4AFF4D51A1DB2,48BAEC51FC10E3048A97236D8924851E,SAT,True,True,True,622267B713F1C7AD58C4AFF4D51A1DB2,0.4512217920000694,5.8650730829995155,6.318076292000114,60,20736,343416,
single,36,2026092236,1,11,8,158BF7FF9C900638F152219263D13492,622267B713F1C7AD58C4AFF4D51A1DB2,48BAEC51FC10E3048A97236D8924851E,SAT,True,True,True,622267B713F1C7AD58C4AFF4D51A1DB2,0.4526246249988617,6.160999249999804,6.6153352500004985,60,20736,343416,
single,36,2026092236,1,12,8,158BF7FF9C900638F152219263D13492,622267B713F1C7AD58C4AFF4D51A1DB2,48BAEC51FC10E3048A97236D8924851E,SAT,True,True,True,622267B713F1C7AD58C4AFF4D51A1DB2,0.4587564580015169,4.094852958998672,4.555312500000582,60,20736,343416,
single,36,2026092236,1,13,8,158BF7FF9C900638F152219263D13492,622267B713F1C7AD58C4AFF4D51A1DB2,48BAEC51FC10E3048A97236D8924851E,SAT,True,True,True,622267B713F1C7AD58C4AFF4D51A1DB2,0.45115658299982897,5.261784958000135,5.714666416999535,60,20736,343416,
single,36,2026092236,1,14,8,158BF7FF9C900638F152219263D13492,622267B713F1C7AD58C4AFF4D51A1DB2,48BAEC51FC10E3048A97236D8924851E,SAT,True,True,True,622267B713F1C7AD58C4AFF4D51A1DB2,0.44849341699955403,4.804955208999672,5.2552144169985695,60,20736,343416,
single,36,2026092236,1,15,8,158BF7FF9C900638F152219263D13492,622267B713F1C7AD58C4AFF4D51A1DB2,48BAEC51FC10E3048A97236D8924851E,SAT,True,True,True,622267B713F1C7AD58C4AFF4D51A1DB2,0.4591055420005432,6.164210499999172,6.6250297499991575,60,20736,343416,
single,37,2026092237,1,0,8,4196BC1E0BF7D8D066387F83A60FBD26,CEB9667671B8282872D212BD84E843FA,804714C3E7A7BDC8432C100FCA03F463,SAT,True,True,True,CEB9667671B8282872D212BD84E843FA,0.4582299579997198,6.2217691249989,6.68181820800055,60,20736,343416,
single,37,2026092237,1,1,8,4196BC1E0BF7D8D066387F83A60FBD26,CEB9667671B8282872D212BD84E843FA,804714C3E7A7BDC8432C100FCA03F463,SAT,True,True,True,CEB9667671B8282872D212BD84E843FA,0.4967585420017713,6.458543709000878,6.957133290999991,60,20736,343416,
single,37,2026092237,1,2,8,4196BC1E0BF7D8D066387F83A60FBD26,CEB9667671B8282872D212BD84E843FA,804714C3E7A7BDC8432C100FCA03F463,SAT,True,True,True,CEB9667671B8282872D212BD84E843FA,0.48828687500099477,6.333151124999858,6.823240084000645,60,20736,343416,
single,37,2026092237,1,3,8,4196BC1E0BF7D8D066387F83A60FBD26,CEB9667671B8282872D212BD84E843FA,804714C3E7A7BDC8432C100FCA03F463,SAT,True,True,True,CEB9667671B8282872D212BD84E843FA,0.49472708299981605,5.465360624999448,5.961905041998762,60,20736,343416,
single,37,2026092237,1,4,8,4196BC1E0BF7D8D066387F83A60FBD26,CEB9667671B8282872D212BD84E843FA,804714C3E7A7BDC8432C100FCA03F463,SAT,True,True,True,CEB9667671B8282872D212BD84E843FA,0.4797615829993447,5.175118041999667,5.656691415999376,60,20736,343416,
single,37,2026092237,1,5,8,4196BC1E0BF7D8D066387F83A60FBD26,CEB9667671B8282872D212BD84E843FA,804714C3E7A7BDC8432C100FCA03F463,SAT,True,True,True,CEB9667671B8282872D212BD84E843FA,0.48240158400039945,6.310751083001378,6.794887334001032,60,20736,343416,
single,37,2026092237,1,6,8,4196BC1E0BF7D8D066387F83A60FBD26,CEB9667671B8282872D212BD84E843FA,804714C3E7A7BDC8432C100FCA03F463,SAT,True,True,True,CEB9667671B8282872D212BD84E843FA,0.4826197090005735,5.866766375000225,6.351232208000511,60,20736,343416,
single,37,2026092237,1,7,8,4196BC1E0BF7D8D066387F83A60FBD26,CEB9667671B8282872D212BD84E843FA,804714C3E7A7BDC8432C100FCA03F463,SAT,True,True,True,CEB9667671B8282872D212BD84E843FA,0.4918858330001967,5.8623050000005605,6.356066083999394,60,20736,343416,
single,37,2026092237,1,8,8,4196BC1E0BF7D8D066387F83A60FBD26,CEB9667671B8282872D212BD84E843FA,804714C3E7A7BDC8432C100FCA03F463,SAT,True,True,True,CEB9667671B8282872D212BD84E843FA,0.4830497499988269,5.391401625000071,5.876510542000688,60,20736,343416,
single,37,2026092237,1,9,8,4196BC1E0BF7D8D066387F83A60FBD26,CEB9667671B8282872D212BD84E843FA,804714C3E7A7BDC8432C100FCA03F463,SAT,True,True,True,CEB9667671B8282872D212BD84E843FA,0.48266729099850636,6.1190552080006455,6.603508707999936,60,20736,343416,
single,37,2026092237,1,10,8,4196BC1E0BF7D8D066387F83A60FBD26,CEB9667671B8282872D212BD84E843FA,804714C3E7A7BDC8432C100FCA03F463,SAT,True,True,True,CEB9667671B8282872D212BD84E843FA,0.45916012500129,5.027365124999051,5.488365959001385,60,20736,343416,
single,37,2026092237,1,11,8,4196BC1E0BF7D8D066387F83A60FBD26,CEB9667671B8282872D212BD84E843FA,804714C3E7A7BDC8432C100FCA03F463,SAT,True,True,True,CEB9667671B8282872D212BD84E843FA,0.4621167500008596,4.968352249999953,5.432339124999999,60,20736,343416,
single,37,2026092237,1,12,8,4196BC1E0BF7D8D066387F83A60FBD26,CEB9667671B8282872D212BD84E843FA,804714C3E7A7BDC8432C100FCA03F463,SAT,True,True,True,CEB9667671B8282872D212BD84E843FA,0.4717348750000383,5.639937625001039,6.113447415998962,60,20736,343416,
single,37,2026092237,1,13,8,4196BC1E0BF7D8D066387F83A60FBD26,CEB9667671B8282872D212BD84E843FA,804714C3E7A7BDC8432C100FCA03F463,SAT,True,True,True,CEB9667671B8282872D212BD84E843FA,0.451745625001422,5.662354666999818,6.115846165999756,60,20736,343416,
single,37,2026092237,1,14,8,4196BC1E0BF7D8D066387F83A60FBD26,CEB9667671B8282872D212BD84E843FA,804714C3E7A7BDC8432C100FCA03F463,SAT,True,True,True,CEB9667671B8282872D212BD84E843FA,0.46893283300050825,6.171433708999757,6.642149708999568,60,20736,343416,
single,37,2026092237,1,15,8,4196BC1E0BF7D8D066387F83A60FBD26,CEB9667671B8282872D212BD84E843FA,804714C3E7A7BDC8432C100FCA03F463,SAT,True,True,True,CEB9667671B8282872D212BD84E843FA,0.5105466669992893,5.082840125000075,5.595184249999875,60,20736,343416,
single,38,2026092238,1,0,8,C5AA3A6CC97038D15D928E47D649FCE9,699C5F76958753A3C78BF4DCC3BF061D,0F144E2FE1673E991B3A6FD10AA94F99,SAT,True,True,True,699C5F76958753A3C78BF4DCC3BF061D,0.4535847499992087,5.0954066250014876,5.550863415999629,60,20736,343416,
single,38,2026092238,1,1,8,C5AA3A6CC97038D15D928E47D649FCE9,699C5F76958753A3C78BF4DCC3BF061D,0F144E2FE1673E991B3A6FD10AA94F99,SAT,True,True,True,699C5F76958753A3C78BF4DCC3BF061D,0.4805496660010249,5.263407124999503,5.745765708001272,60,20736,343416,
single,38,2026092238,1,2,8,C5AA3A6CC97038D15D928E47D649FCE9,699C5F76958753A3C78BF4DCC3BF061D,0F144E2FE1673E991B3A6FD10AA94F99,SAT,True,True,True,699C5F76958753A3C78BF4DCC3BF061D,0.4796095839992631,5.854170874999909,6.335578958000042,60,20736,343416,
single,38,2026092238,1,3,8,C5AA3A6CC97038D15D928E47D649FCE9,699C5F76958753A3C78BF4DCC3BF061D,0F144E2FE1673E991B3A6FD10AA94F99,SAT,True,True,True,699C5F76958753A3C78BF4DCC3BF061D,0.4987299999993411,6.329057209000894,6.829929749999792,60,20736,343416,
single,38,2026092238,1,4,8,C5AA3A6CC97038D15D928E47D649FCE9,699C5F76958753A3C78BF4DCC3BF061D,0F144E2FE1673E991B3A6FD10AA94F99,SAT,True,True,True,699C5F76958753A3C78BF4DCC3BF061D,0.4806601659984153,5.139618416998928,5.62209570900086,60,20736,343416,
single,38,2026092238,1,5,8,C5AA3A6CC97038D15D928E47D649FCE9,699C5F76958753A3C78BF4DCC3BF061D,0F144E2FE1673E991B3A6FD10AA94F99,SAT,True,True,True,699C5F76958753A3C78BF4DCC3BF061D,0.4713227089996508,6.564103124999747,7.0372227919997385,60,20736,343416,
single,38,2026092238,1,6,8,C5AA3A6CC97038D15D928E47D649FCE9,699C5F76958753A3C78BF4DCC3BF061D,0F144E2FE1673E991B3A6FD10AA94F99,SAT,True,True,True,699C5F76958753A3C78BF4DCC3BF061D,0.4732794579995243,6.301381625000431,6.7767197499997565,60,20736,343416,
single,38,2026092238,1,7,8,C5AA3A6CC97038D15D928E47D649FCE9,699C5F76958753A3C78BF4DCC3BF061D,0F144E2FE1673E991B3A6FD10AA94F99,SAT,True,True,True,699C5F76958753A3C78BF4DCC3BF061D,0.4919486250000773,6.102973582999766,6.59667704200001,60,20736,343416,
single,38,2026092238,1,8,8,C5AA3A6CC97038D15D928E47D649FCE9,699C5F76958753A3C78BF4DCC3BF061D,0F144E2FE1673E991B3A6FD10AA94F99,SAT,True,True,True,699C5F76958753A3C78BF4DCC3BF061D,0.49285629099904327,6.156201792000502,6.650884207998388,60,20736,343416,
single,38,2026092238,1,9,8,C5AA3A6CC97038D15D928E47D649FCE9,699C5F76958753A3C78BF4DCC3BF061D,0F144E2FE1673E991B3A6FD10AA94F99,SAT,True,True,True,699C5F76958753A3C78BF4DCC3BF061D,0.48714379199918767,5.177276458000051,5.666312999999718,60,20736,343416,
single,38,2026092238,1,10,8,C5AA3A6CC97038D15D928E47D649FCE9,699C5F76958753A3C78BF4DCC3BF061D,0F144E2FE1673E991B3A6FD10AA94F99,SAT,True,True,True,699C5F76958753A3C78BF4DCC3BF061D,0.4918934580000496,6.473460958000942,6.967226832999586,60,20736,343416,
single,38,2026092238,1,11,8,C5AA3A6CC97038D15D928E47D649FCE9,699C5F76958753A3C78BF4DCC3BF061D,0F144E2FE1673E991B3A6FD10AA94F99,SAT,True,True,True,699C5F76958753A3C78BF4DCC3BF061D,0.48185758299950976,5.122485874999256,5.606373374999748,60,20736,343416,
single,38,2026092238,1,12,8,C5AA3A6CC97038D15D928E47D649FCE9,699C5F76958753A3C78BF4DCC3BF061D,0F144E2FE1673E991B3A6FD10AA94F99,SAT,True,True,True,699C5F76958753A3C78BF4DCC3BF061D,0.49483808300101373,6.999455083001521,7.496097749999535,60,20736,343416,
single,38,2026092238,1,13,8,C5AA3A6CC97038D15D928E47D649FCE9,699C5F76958753A3C78BF4DCC3BF061D,0F144E2FE1673E991B3A6FD10AA94F99,SAT,True,True,True,699C5F76958753A3C78BF4DCC3BF061D,0.4872315829998115,6.123376333000124,6.612494125000012,60,20736,343416,
single,38,2026092238,1,14,8,C5AA3A6CC97038D15D928E47D649FCE9,699C5F76958753A3C78BF4DCC3BF061D,0F144E2FE1673E991B3A6FD10AA94F99,SAT,True,True,True,699C5F76958753A3C78BF4DCC3BF061D,0.4887676250000368,5.634924875001161,6.125616750001427,60,20736,343416,
single,38,2026092238,1,15,8,C5AA3A6CC97038D15D928E47D649FCE9,699C5F76958753A3C78BF4DCC3BF061D,0F144E2FE1673E991B3A6FD10AA94F99,SAT,True,True,True,699C5F76958753A3C78BF4DCC3BF061D,0.48625520799942024,5.874053083000035,6.362258542001655,60,20736,343416,
single,39,2026092239,1,0,8,93CE18E2BAFBF78F49BE7178FC1B91C8,D81928619BAC22F50D92BBAD731766F1,3F7EF4E85306EABF361716370937AE16,SAT,True,True,True,D81928619BAC22F50D92BBAD731766F1,0.5979952920006326,7.15102108300016,7.750747624999349,60,20736,343416,
single,39,2026092239,1,1,8,93CE18E2BAFBF78F49BE7178FC1B91C8,D81928619BAC22F50D92BBAD731766F1,3F7EF4E85306EABF361716370937AE16,SAT,True,True,True,D81928619BAC22F50D92BBAD731766F1,0.4554029160008213,6.0594872499987105,6.516807582998808,60,20736,343416,
single,39,2026092239,1,2,8,93CE18E2BAFBF78F49BE7178FC1B91C8,D81928619BAC22F50D92BBAD731766F1,3F7EF4E85306EABF361716370937AE16,SAT,True,True,True,D81928619BAC22F50D92BBAD731766F1,0.49145279200092773,5.343315459000223,5.836499832999834,60,20736,343416,
single,39,2026092239,1,3,8,93CE18E2BAFBF78F49BE7178FC1B91C8,D81928619BAC22F50D92BBAD731766F1,3F7EF4E85306EABF361716370937AE16,SAT,True,True,True,D81928619BAC22F50D92BBAD731766F1,0.4916361669984326,5.3408986249996815,5.834280999999464,60,20736,343416,
single,39,2026092239,1,4,8,93CE18E2BAFBF78F49BE7178FC1B91C8,D81928619BAC22F50D92BBAD731766F1,3F7EF4E85306EABF361716370937AE16,SAT,True,True,True,D81928619BAC22F50D92BBAD731766F1,0.4615844579984696,6.734227707998798,7.197651792001125,60,20736,343416,
single,39,2026092239,1,5,8,93CE18E2BAFBF78F49BE7178FC1B91C8,D81928619BAC22F50D92BBAD731766F1,3F7EF4E85306EABF361716370937AE16,SAT,True,True,True,D81928619BAC22F50D92BBAD731766F1,0.48965183300060744,6.305721917000483,6.79714687500018,60,20736,343416,
single,39,2026092239,1,6,8,93CE18E2BAFBF78F49BE7178FC1B91C8,D81928619BAC22F50D92BBAD731766F1,3F7EF4E85306EABF361716370937AE16,SAT,True,True,True,D81928619BAC22F50D92BBAD731766F1,0.46386816700032796,4.872649165999974,5.338357624999844,60,20736,343416,
single,39,2026092239,1,7,8,93CE18E2BAFBF78F49BE7178FC1B91C8,D81928619BAC22F50D92BBAD731766F1,3F7EF4E85306EABF361716370937AE16,SAT,True,True,True,D81928619BAC22F50D92BBAD731766F1,0.48525312499987194,5.833988957998372,6.320997417000399,60,20736,343416,
single,39,2026092239,1,8,8,93CE18E2BAFBF78F49BE7178FC1B91C8,D81928619BAC22F50D92BBAD731766F1,3F7EF4E85306EABF361716370937AE16,SAT,True,True,True,D81928619BAC22F50D92BBAD731766F1,0.4493047080013639,6.622837458000504,7.073921500001234,60,20736,343416,
single,39,2026092239,1,9,8,93CE18E2BAFBF78F49BE7178FC1B91C8,D81928619BAC22F50D92BBAD731766F1,3F7EF4E85306EABF361716370937AE16,SAT,True,True,True,D81928619BAC22F50D92BBAD731766F1,0.45607625000047847,6.749092042000484,7.206952958000329,60,20736,343416,
single,39,2026092239,1,10,8,93CE18E2BAFBF78F49BE7178FC1B91C8,D81928619BAC22F50D92BBAD731766F1,3F7EF4E85306EABF361716370937AE16,SAT,True,True,True,D81928619BAC22F50D92BBAD731766F1,0.4609944580006413,4.511033083001166,4.973771124999985,60,20736,343416,
single,39,2026092239,1,11,8,93CE18E2BAFBF78F49BE7178FC1B91C8,D81928619BAC22F50D92BBAD731766F1,3F7EF4E85306EABF361716370937AE16,SAT,True,True,True,D81928619BAC22F50D92BBAD731766F1,0.4540614999987156,4.6419832080009655,5.097819290998814,60,20736,343416,
single,39,2026092239,1,12,8,93CE18E2BAFBF78F49BE7178FC1B91C8,D81928619BAC22F50D92BBAD731766F1,3F7EF4E85306EABF361716370937AE16,SAT,True,True,True,D81928619BAC22F50D92BBAD731766F1,0.4622266659989691,6.223228208000364,6.687166832998628,60,20736,343416,
single,39,2026092239,1,13,8,93CE18E2BAFBF78F49BE7178FC1B91C8,D81928619BAC22F50D92BBAD731766F1,3F7EF4E85306EABF361716370937AE16,SAT,True,True,True,D81928619BAC22F50D92BBAD731766F1,0.44728625000061584,6.914482500000304,7.363524000000325,60,20736,343416,
single,39,2026092239,1,14,8,93CE18E2BAFBF78F49BE7178FC1B91C8,D81928619BAC22F50D92BBAD731766F1,3F7EF4E85306EABF361716370937AE16,SAT,True,True,True,D81928619BAC22F50D92BBAD731766F1,0.46940516700124135,5.234953166998821,5.706399541999417,60,20736,343416,
single,39,2026092239,1,15,8,93CE18E2BAFBF78F49BE7178FC1B91C8,D81928619BAC22F50D92BBAD731766F1,3F7EF4E85306EABF361716370937AE16,SAT,True,True,True,D81928619BAC22F50D92BBAD731766F1,0.4615562500002852,5.32773329200063,5.791019999998753,60,20736,343416,
single,40,2026092240,1,0,8,EEAA2C4FBA7896EDF0B20EEF6B67836B,A9747D2E28E3C50B67D69440940D4252,EF863AC5D6B00FA4C7616B9F6AE61B98,SAT,True,True,True,A9747D2E28E3C50B67D69440940D4252,0.5420290000001842,5.461217625001154,6.0051238750002085,60,20736,343416,
single,40,2026092240,1,1,8,EEAA2C4FBA7896EDF0B20EEF6B67836B,A9747D2E28E3C50B67D69440940D4252,EF863AC5D6B00FA4C7616B9F6AE61B98,SAT,True,True,True,A9747D2E28E3C50B67D69440940D4252,0.4602502090001508,7.063331040999401,7.525305625000328,60,20736,343416,
single,40,2026092240,1,2,8,EEAA2C4FBA7896EDF0B20EEF6B67836B,A9747D2E28E3C50B67D69440940D4252,EF863AC5D6B00FA4C7616B9F6AE61B98,SAT,True,True,True,A9747D2E28E3C50B67D69440940D4252,0.4466895839996141,5.2312457079988235,5.680015791998812,60,20736,343416,
single,40,2026092240,1,3,8,EEAA2C4FBA7896EDF0B20EEF6B67836B,A9747D2E28E3C50B67D69440940D4252,EF863AC5D6B00FA4C7616B9F6AE61B98,SAT,True,True,True,A9747D2E28E3C50B67D69440940D4252,0.4574015420002979,6.63066279099985,7.08978604100048,60,20736,343416,
single,40,2026092240,1,4,8,EEAA2C4FBA7896EDF0B20EEF6B67836B,A9747D2E28E3C50B67D69440940D4252,EF863AC5D6B00FA4C7616B9F6AE61B98,SAT,True,True,True,A9747D2E28E3C50B67D69440940D4252,0.4631314999987808,5.408563749999303,5.873414540999875,60,20736,343416,
single,40,2026092240,1,5,8,EEAA2C4FBA7896EDF0B20EEF6B67836B,A9747D2E28E3C50B67D69440940D4252,EF863AC5D6B00FA4C7616B9F6AE61B98,SAT,True,True,True,A9747D2E28E3C50B67D69440940D4252,0.4884637919985835,6.057331707999765,6.547522458000458,60,20736,343416,
single,40,2026092240,1,6,8,EEAA2C4FBA7896EDF0B20EEF6B67836B,A9747D2E28E3C50B67D69440940D4252,EF863AC5D6B00FA4C7616B9F6AE61B98,SAT,True,True,True,A9747D2E28E3C50B67D69440940D4252,0.4449790409998968,6.7575089579986525,7.20423858399954,60,20736,343416,
single,40,2026092240,1,7,8,EEAA2C4FBA7896EDF0B20EEF6B67836B,A9747D2E28E3C50B67D69440940D4252,EF863AC5D6B00FA4C7616B9F6AE61B98,SAT,True,True,True,A9747D2E28E3C50B67D69440940D4252,0.4912415830003738,5.892539250000482,6.385596500000247,60,20736,343416,
single,40,2026092240,1,8,8,EEAA2C4FBA7896EDF0B20EEF6B67836B,A9747D2E28E3C50B67D69440940D4252,EF863AC5D6B00FA4C7616B9F6AE61B98,SAT,True,True,True,A9747D2E28E3C50B67D69440940D4252,0.4605723330005276,7.068036458000279,7.530334916000356,60,20736,343416,
single,40,2026092240,1,9,8,EEAA2C4FBA7896EDF0B20EEF6B67836B,A9747D2E28E3C50B67D69440940D4252,EF863AC5D6B00FA4C7616B9F6AE61B98,SAT,True,True,True,A9747D2E28E3C50B67D69440940D4252,0.45248904199979734,6.684118125000168,7.138595250000435,60,20736,343416,
single,40,2026092240,1,10,8,EEAA2C4FBA7896EDF0B20EEF6B67836B,A9747D2E28E3C50B67D69440940D4252,EF863AC5D6B00FA4C7616B9F6AE61B98,SAT,True,True,True,A9747D2E28E3C50B67D69440940D4252,0.471321082999566,5.279344917000344,5.752489583999704,60,20736,343416,
single,40,2026092240,1,11,8,EEAA2C4FBA7896EDF0B20EEF6B67836B,A9747D2E28E3C50B67D69440940D4252,EF863AC5D6B00FA4C7616B9F6AE61B98,SAT,True,True,True,A9747D2E28E3C50B67D69440940D4252,0.4516825000009703,4.596062124999662,5.049464666999484,60,20736,343416,
single,40,2026092240,1,12,8,EEAA2C4FBA7896EDF0B20EEF6B67836B,A9747D2E28E3C50B67D69440940D4252,EF863AC5D6B00FA4C7616B9F6AE61B98,SAT,True,True,True,A9747D2E28E3C50B67D69440940D4252,0.4464366250012972,5.69630216600126,6.144496167000398,60,20736,343416,
single,40,2026092240,1,13,8,EEAA2C4FBA7896EDF0B20EEF6B67836B,A9747D2E28E3C50B67D69440940D4252,EF863AC5D6B00FA4C7616B9F6AE61B98,SAT,True,True,True,A9747D2E28E3C50B67D69440940D4252,0.47196266599894443,5.798512375000428,6.272193667000465,60,20736,343416,
single,40,2026092240,1,14,8,EEAA2C4FBA7896EDF0B20EEF6B67836B,A9747D2E28E3C50B67D69440940D4252,EF863AC5D6B00FA4C7616B9F6AE61B98,SAT,True,True,True,A9747D2E28E3C50B67D69440940D4252,0.45175449999987904,6.38518033299988,6.838663083999563,60,20736,343416,
single,40,2026092240,1,15,8,EEAA2C4FBA7896EDF0B20EEF6B67836B,A9747D2E28E3C50B67D69440940D4252,EF863AC5D6B00FA4C7616B9F6AE61B98,SAT,True,True,True,A9747D2E28E3C50B67D69440940D4252,0.44583358300042164,4.1040296660012245,4.551616582999486,60,20736,343416,
single,41,2026092241,1,0,8,45858CE6A44F1426A7AA912089AA64B5,F627AA4A13BA7633A4F009F495729180,8457ADDE234D37D5F62FCFE76B288249,SAT,True,True,True,F627AA4A13BA7633A4F009F495729180,0.45302287499907834,5.7713175829994725,6.226111957999819,60,20736,343416,
single,41,2026092241,1,1,8,45858CE6A44F1426A7AA912089AA64B5,F627AA4A13BA7633A4F009F495729180,8457ADDE234D37D5F62FCFE76B288249,SAT,True,True,True,F627AA4A13BA7633A4F009F495729180,0.47171549999984563,4.516298499998811,4.989865790999829,60,20736,343416,
single,41,2026092241,1,2,8,45858CE6A44F1426A7AA912089AA64B5,F627AA4A13BA7633A4F009F495729180,8457ADDE234D37D5F62FCFE76B288249,SAT,True,True,True,F627AA4A13BA7633A4F009F495729180,0.4803440839987161,6.001878459001091,6.48396212499938,60,20736,343416,
single,41,2026092241,1,3,8,45858CE6A44F1426A7AA912089AA64B5,F627AA4A13BA7633A4F009F495729180,8457ADDE234D37D5F62FCFE76B288249,SAT,True,True,True,F627AA4A13BA7633A4F009F495729180,0.4506799589998991,5.855207124999652,6.307624791999842,60,20736,343416,
single,41,2026092241,1,4,8,45858CE6A44F1426A7AA912089AA64B5,F627AA4A13BA7633A4F009F495729180,8457ADDE234D37D5F62FCFE76B288249,SAT,True,True,True,F627AA4A13BA7633A4F009F495729180,0.4770775830002094,5.957937374998437,6.436770709000484,60,20736,343416,
single,41,2026092241,1,5,8,45858CE6A44F1426A7AA912089AA64B5,F627AA4A13BA7633A4F009F495729180,8457ADDE234D37D5F62FCFE76B288249,SAT,True,True,True,F627AA4A13BA7633A4F009F495729180,0.451275290999547,5.460171374999845,5.913344291000612,60,20736,343416,
single,41,2026092241,1,6,8,45858CE6A44F1426A7AA912089AA64B5,F627AA4A13BA7633A4F009F495729180,8457ADDE234D37D5F62FCFE76B288249,SAT,True,True,True,F627AA4A13BA7633A4F009F495729180,0.47358720900047047,5.787181125000643,6.262505542001236,60,20736,343416,
single,41,2026092241,1,7,8,45858CE6A44F1426A7AA912089AA64B5,F627AA4A13BA7633A4F009F495729180,8457ADDE234D37D5F62FCFE76B288249,SAT,True,True,True,F627AA4A13BA7633A4F009F495729180,0.4572623339990969,5.637683666000157,6.097140541000044,60,20736,343416,
single,41,2026092241,1,8,8,45858CE6A44F1426A7AA912089AA64B5,F627AA4A13BA7633A4F009F495729180,8457ADDE234D37D5F62FCFE76B288249,SAT,True,True,True,F627AA4A13BA7633A4F009F495729180,0.5177087089996348,5.78896158399948,6.3084369160005735,60,20736,343416,
single,41,2026092241,1,9,8,45858CE6A44F1426A7AA912089AA64B5,F627AA4A13BA7633A4F009F495729180,8457ADDE234D37D5F62FCFE76B288249,SAT,True,True,True,F627AA4A13BA7633A4F009F495729180,0.45672233299956133,5.83557195800131,6.294054208001398,60,20736,343416,
single,41,2026092241,1,10,8,45858CE6A44F1426A7AA912089AA64B5,F627AA4A13BA7633A4F009F495729180,8457ADDE234D37D5F62FCFE76B288249,SAT,True,True,True,F627AA4A13BA7633A4F009F495729180,0.48610829199969885,5.85852179199901,6.346397541999977,60,20736,343416,
single,41,2026092241,1,11,8,45858CE6A44F1426A7AA912089AA64B5,F627AA4A13BA7633A4F009F495729180,8457ADDE234D37D5F62FCFE76B288249,SAT,True,True,True,F627AA4A13BA7633A4F009F495729180,0.4584134160013491,5.722052166998765,6.182236874999944,60,20736,343416,
single,41,2026092241,1,12,8,45858CE6A44F1426A7AA912089AA64B5,F627AA4A13BA7633A4F009F495729180,8457ADDE234D37D5F62FCFE76B288249,SAT,True,True,True,F627AA4A13BA7633A4F009F495729180,0.47862616699967475,6.511773917000028,6.992141958000502,60,20736,343416,
single,41,2026092241,1,13,8,45858CE6A44F1426A7AA912089AA64B5,F627AA4A13BA7633A4F009F495729180,8457ADDE234D37D5F62FCFE76B288249,SAT,True,True,True,F627AA4A13BA7633A4F009F495729180,0.45329633300025307,6.552683709000121,7.00807899999927,60,20736,343416,
single,41,2026092241,1,14,8,45858CE6A44F1426A7AA912089AA64B5,F627AA4A13BA7633A4F009F495729180,8457ADDE234D37D5F62FCFE76B288249,SAT,True,True,True,F627AA4A13BA7633A4F009F495729180,0.46423358300125983,5.321414292000554,5.7874208749999525,60,20736,343416,
single,41,2026092241,1,15,8,45858CE6A44F1426A7AA912089AA64B5,F627AA4A13BA7633A4F009F495729180,8457ADDE234D37D5F62FCFE76B288249,SAT,True,True,True,F627AA4A13BA7633A4F009F495729180,0.4633249580001575,6.299273167000138,6.764435041999604,60,20736,343416,
single,42,2026092242,1,0,8,DA5752204888E1E55A31893BF9736C65,2448F5B09F9CC752A21B79423E7F3585,B92D03964EAA5B9B04F44731D704F71E,SAT,True,True,True,2448F5B09F9CC752A21B79423E7F3585,0.4589257500010717,5.833446832999471,6.29418424999858,60,20736,343416,
single,42,2026092242,1,1,8,DA5752204888E1E55A31893BF9736C65,2448F5B09F9CC752A21B79423E7F3585,B92D03964EAA5B9B04F44731D704F71E,SAT,True,True,True,2448F5B09F9CC752A21B79423E7F3585,0.4835732499996084,4.907871457999136,5.393240416999106,60,20736,343416,
single,42,2026092242,1,2,8,DA5752204888E1E55A31893BF9736C65,2448F5B09F9CC752A21B79423E7F3585,B92D03964EAA5B9B04F44731D704F71E,SAT,True,True,True,2448F5B09F9CC752A21B79423E7F3585,0.482112749999942,4.783878375001223,5.267784416999348,60,20736,343416,
single,42,2026092242,1,3,8,DA5752204888E1E55A31893BF9736C65,2448F5B09F9CC752A21B79423E7F3585,B92D03964EAA5B9B04F44731D704F71E,SAT,True,True,True,2448F5B09F9CC752A21B79423E7F3585,0.4861015829992539,7.399244917000033,7.887103875000321,60,20736,343416,
single,42,2026092242,1,4,8,DA5752204888E1E55A31893BF9736C65,2448F5B09F9CC752A21B79423E7F3585,B92D03964EAA5B9B04F44731D704F71E,SAT,True,True,True,2448F5B09F9CC752A21B79423E7F3585,0.44998066700100026,6.388197666999986,6.83989745800136,60,20736,343416,
single,42,2026092242,1,5,8,DA5752204888E1E55A31893BF9736C65,2448F5B09F9CC752A21B79423E7F3585,B92D03964EAA5B9B04F44731D704F71E,SAT,True,True,True,2448F5B09F9CC752A21B79423E7F3585,0.5222688750000088,6.166506874998959,6.690551209001569,60,20736,343416,
single,42,2026092242,1,6,8,DA5752204888E1E55A31893BF9736C65,2448F5B09F9CC752A21B79423E7F3585,B92D03964EAA5B9B04F44731D704F71E,SAT,True,True,True,2448F5B09F9CC752A21B79423E7F3585,0.4598122079987661,6.829362083000888,7.290923500000645,60,20736,343416,
single,42,2026092242,1,7,8,DA5752204888E1E55A31893BF9736C65,2448F5B09F9CC752A21B79423E7F3585,B92D03964EAA5B9B04F44731D704F71E,SAT,True,True,True,2448F5B09F9CC752A21B79423E7F3585,0.4889732499996171,5.556532749998951,6.047233249999408,60,20736,343416,
single,42,2026092242,1,8,8,DA5752204888E1E55A31893BF9736C65,2448F5B09F9CC752A21B79423E7F3585,B92D03964EAA5B9B04F44731D704F71E,SAT,True,True,True,2448F5B09F9CC752A21B79423E7F3585,0.4764195000007021,5.390941249999742,5.8692268330014485,60,20736,343416,
single,42,2026092242,1,9,8,DA5752204888E1E55A31893BF9736C65,2448F5B09F9CC752A21B79423E7F3585,B92D03964EAA5B9B04F44731D704F71E,SAT,True,True,True,2448F5B09F9CC752A21B79423E7F3585,0.46440454100047646,5.071349416000885,5.5375465420002,60,20736,343416,
single,42,2026092242,1,10,8,DA5752204888E1E55A31893BF9736C65,2448F5B09F9CC752A21B79423E7F3585,B92D03964EAA5B9B04F44731D704F71E,SAT,True,True,True,2448F5B09F9CC752A21B79423E7F3585,0.509560333999616,4.944543458001135,5.455882042000667,60,20736,343416,
single,42,2026092242,1,11,8,DA5752204888E1E55A31893BF9736C65,2448F5B09F9CC752A21B79423E7F3585,B92D03964EAA5B9B04F44731D704F71E,SAT,True,True,True,2448F5B09F9CC752A21B79423E7F3585,0.4778339999993477,6.877278375000969,7.356834625001284,60,20736,343416,
single,42,2026092242,1,12,8,DA5752204888E1E55A31893BF9736C65,2448F5B09F9CC752A21B79423E7F3585,B92D03964EAA5B9B04F44731D704F71E,SAT,True,True,True,2448F5B09F9CC752A21B79423E7F3585,0.4673315840009309,6.049300665999908,6.518496124999729,60,20736,343416,
single,42,2026092242,1,13,8,DA5752204888E1E55A31893BF9736C65,2448F5B09F9CC752A21B79423E7F3585,B92D03964EAA5B9B04F44731D704F71E,SAT,True,True,True,2448F5B09F9CC752A21B79423E7F3585,0.4595835830004944,6.186701624999841,6.648011458999463,60,20736,343416,
single,42,2026092242,1,14,8,DA5752204888E1E55A31893BF9736C65,2448F5B09F9CC752A21B79423E7F3585,B92D03964EAA5B9B04F44731D704F71E,SAT,True,True,True,2448F5B09F9CC752A21B79423E7F3585,0.45089304099928995,5.5985148750005465,6.051160041000912,60,20736,343416,
single,42,2026092242,1,15,8,DA5752204888E1E55A31893BF9736C65,2448F5B09F9CC752A21B79423E7F3585,B92D03964EAA5B9B04F44731D704F71E,SAT,True,True,True,2448F5B09F9CC752A21B79423E7F3585,0.45682291699995403,5.417941917001372,5.876651250000577,60,20736,343416,
single,43,2026092243,1,0,8,E61E910647B4795EB378E42B85F8D58E,FEEB2EA509FE745CDCF85AE4DEC08879,959AF1AE39CB3B747DC4131B068BABD9,SAT,True,True,True,FEEB2EA509FE745CDCF85AE4DEC08879,0.5110851250010455,4.330144457999268,4.843030291000105,60,20736,343416,
single,43,2026092243,1,1,8,E61E910647B4795EB378E42B85F8D58E,FEEB2EA509FE745CDCF85AE4DEC08879,959AF1AE39CB3B747DC4131B068BABD9,SAT,True,True,True,FEEB2EA509FE745CDCF85AE4DEC08879,0.46163212499959627,6.461207291000392,6.924558832999537,60,20736,343416,
single,43,2026092243,1,2,8,E61E910647B4795EB378E42B85F8D58E,FEEB2EA509FE745CDCF85AE4DEC08879,959AF1AE39CB3B747DC4131B068BABD9,SAT,True,True,True,FEEB2EA509FE745CDCF85AE4DEC08879,0.469454374999259,5.901311124998756,6.372505084000295,60,20736,343416,
single,43,2026092243,1,3,8,E61E910647B4795EB378E42B85F8D58E,FEEB2EA509FE745CDCF85AE4DEC08879,959AF1AE39CB3B747DC4131B068BABD9,SAT,True,True,True,FEEB2EA509FE745CDCF85AE4DEC08879,0.46241312500023923,5.955150625000897,6.41932720800105,60,20736,343416,
single,43,2026092243,1,4,8,E61E910647B4795EB378E42B85F8D58E,FEEB2EA509FE745CDCF85AE4DEC08879,959AF1AE39CB3B747DC4131B068BABD9,SAT,True,True,True,FEEB2EA509FE745CDCF85AE4DEC08879,0.49923800000033225,7.437134667001374,7.938104290999036,60,20736,343416,
single,43,2026092243,1,5,8,E61E910647B4795EB378E42B85F8D58E,FEEB2EA509FE745CDCF85AE4DEC08879,959AF1AE39CB3B747DC4131B068BABD9,SAT,True,True,True,FEEB2EA509FE745CDCF85AE4DEC08879,0.46726741599923116,4.327846875001342,4.796881415999451,60,20736,343416,
single,43,2026092243,1,6,8,E61E910647B4795EB378E42B85F8D58E,FEEB2EA509FE745CDCF85AE4DEC08879,959AF1AE39CB3B747DC4131B068BABD9,SAT,True,True,True,FEEB2EA509FE745CDCF85AE4DEC08879,0.4798364580001362,6.0850390840005275,6.566641375000472,60,20736,343416,
single,43,2026092243,1,7,8,E61E910647B4795EB378E42B85F8D58E,FEEB2EA509FE745CDCF85AE4DEC08879,959AF1AE39CB3B747DC4131B068BABD9,SAT,True,True,True,FEEB2EA509FE745CDCF85AE4DEC08879,0.4562361249991227,4.773422541999025,5.231446833000518,60,20736,343416,
single,43,2026092243,1,8,8,E61E910647B4795EB378E42B85F8D58E,FEEB2EA509FE745CDCF85AE4DEC08879,959AF1AE39CB3B747DC4131B068BABD9,SAT,True,True,True,FEEB2EA509FE745CDCF85AE4DEC08879,0.45223574999909033,3.7943834170000628,4.248409457999514,60,20736,343416,
single,43,2026092243,1,9,8,E61E910647B4795EB378E42B85F8D58E,FEEB2EA509FE745CDCF85AE4DEC08879,959AF1AE39CB3B747DC4131B068BABD9,SAT,True,True,True,FEEB2EA509FE745CDCF85AE4DEC08879,0.4634341669989226,5.351919167000233,5.817102166998666,60,20736,343416,
single,43,2026092243,1,10,8,E61E910647B4795EB378E42B85F8D58E,FEEB2EA509FE745CDCF85AE4DEC08879,959AF1AE39CB3B747DC4131B068BABD9,SAT,True,True,True,FEEB2EA509FE745CDCF85AE4DEC08879,0.44965858300020045,5.389272332999099,5.840686416999233,60,20736,343416,
single,43,2026092243,1,11,8,E61E910647B4795EB378E42B85F8D58E,FEEB2EA509FE745CDCF85AE4DEC08879,959AF1AE39CB3B747DC4131B068BABD9,SAT,True,True,True,FEEB2EA509FE745CDCF85AE4DEC08879,0.4576680420013872,5.214204625001003,5.673643332998836,60,20736,343416,
single,43,2026092243,1,12,8,E61E910647B4795EB378E42B85F8D58E,FEEB2EA509FE745CDCF85AE4DEC08879,959AF1AE39CB3B747DC4131B068BABD9,SAT,True,True,True,FEEB2EA509FE745CDCF85AE4DEC08879,0.4777531670006283,6.368238666000252,6.847765500000605,60,20736,343416,
single,43,2026092243,1,13,8,E61E910647B4795EB378E42B85F8D58E,FEEB2EA509FE745CDCF85AE4DEC08879,959AF1AE39CB3B747DC4131B068BABD9,SAT,True,True,True,FEEB2EA509FE745CDCF85AE4DEC08879,0.4609184999990248,6.001872041999377,6.464564666001024,60,20736,343416,
single,43,2026092243,1,14,8,E61E910647B4795EB378E42B85F8D58E,FEEB2EA509FE745CDCF85AE4DEC08879,959AF1AE39CB3B747DC4131B068BABD9,SAT,True,True,True,FEEB2EA509FE745CDCF85AE4DEC08879,0.4520760830000654,5.02572145799968,5.479572000000189,60,20736,343416,
single,43,2026092243,1,15,8,E61E910647B4795EB378E42B85F8D58E,FEEB2EA509FE745CDCF85AE4DEC08879,959AF1AE39CB3B747DC4131B068BABD9,SAT,True,True,True,FEEB2EA509FE745CDCF85AE4DEC08879,0.5081175830000575,6.353161125000042,6.863018291000117,60,20736,343416,
single,44,2026092244,1,0,8,7B0C9204C147BD64B3309C6479EE86FA,9DA76BB3700D14E3EAA6B73C58E315AE,C3E0CB4FA5DB1A426C5A96A07806DA0F,SAT,True,True,True,9DA76BB3700D14E3EAA6B73C58E315AE,0.45525341699976707,6.002513166000426,6.459563750000598,60,20736,343416,
single,44,2026092244,1,1,8,7B0C9204C147BD64B3309C6479EE86FA,9DA76BB3700D14E3EAA6B73C58E315AE,C3E0CB4FA5DB1A426C5A96A07806DA0F,SAT,True,True,True,9DA76BB3700D14E3EAA6B73C58E315AE,0.4491379169994616,4.438358291999975,4.889309000000139,60,20736,343416,
single,44,2026092244,1,2,8,7B0C9204C147BD64B3309C6479EE86FA,9DA76BB3700D14E3EAA6B73C58E315AE,C3E0CB4FA5DB1A426C5A96A07806DA0F,SAT,True,True,True,9DA76BB3700D14E3EAA6B73C58E315AE,0.4743205830000079,5.343912083999385,5.820043708999947,60,20736,343416,
single,44,2026092244,1,3,8,7B0C9204C147BD64B3309C6479EE86FA,9DA76BB3700D14E3EAA6B73C58E315AE,C3E0CB4FA5DB1A426C5A96A07806DA0F,SAT,True,True,True,9DA76BB3700D14E3EAA6B73C58E315AE,0.4590542079986335,6.041434374999881,6.502319625000382,60,20736,343416,
single,44,2026092244,1,4,8,7B0C9204C147BD64B3309C6479EE86FA,9DA76BB3700D14E3EAA6B73C58E315AE,C3E0CB4FA5DB1A426C5A96A07806DA0F,SAT,True,True,True,9DA76BB3700D14E3EAA6B73C58E315AE,0.5044662909986073,6.1096984169998905,6.615881125000669,60,20736,343416,
single,44,2026092244,1,5,8,7B0C9204C147BD64B3309C6479EE86FA,9DA76BB3700D14E3EAA6B73C58E315AE,C3E0CB4FA5DB1A426C5A96A07806DA0F,SAT,True,True,True,9DA76BB3700D14E3EAA6B73C58E315AE,0.46154083300098137,4.421514874999048,4.884780749998754,60,20736,343416,
single,44,2026092244,1,6,8,7B0C9204C147BD64B3309C6479EE86FA,9DA76BB3700D14E3EAA6B73C58E315AE,C3E0CB4FA5DB1A426C5A96A07806DA0F,SAT,True,True,True,9DA76BB3700D14E3EAA6B73C58E315AE,0.4577273340000829,5.369330999999875,5.82889483299914,60,20736,343416,
single,44,2026092244,1,7,8,7B0C9204C147BD64B3309C6479EE86FA,9DA76BB3700D14E3EAA6B73C58E315AE,C3E0CB4FA5DB1A426C5A96A07806DA0F,SAT,True,True,True,9DA76BB3700D14E3EAA6B73C58E315AE,0.49469733300065855,5.544886666000821,6.0413714589994925,60,20736,343416,
single,44,2026092244,1,8,8,7B0C9204C147BD64B3309C6479EE86FA,9DA76BB3700D14E3EAA6B73C58E315AE,C3E0CB4FA5DB1A426C5A96A07806DA0F,SAT,True,True,True,9DA76BB3700D14E3EAA6B73C58E315AE,0.4572150830008468,5.8425802500005375,6.301578958000391,60,20736,343416,
single,44,2026092244,1,9,8,7B0C9204C147BD64B3309C6479EE86FA,9DA76BB3700D14E3EAA6B73C58E315AE,C3E0CB4FA5DB1A426C5A96A07806DA0F,SAT,True,True,True,9DA76BB3700D14E3EAA6B73C58E315AE,0.45151208300012513,6.705226292000589,7.158565666999493,60,20736,343416,
single,44,2026092244,1,10,8,7B0C9204C147BD64B3309C6479EE86FA,9DA76BB3700D14E3EAA6B73C58E315AE,C3E0CB4FA5DB1A426C5A96A07806DA0F,SAT,True,True,True,9DA76BB3700D14E3EAA6B73C58E315AE,0.46243491700079176,5.383722415999728,5.847948874999929,60,20736,343416,
single,44,2026092244,1,11,8,7B0C9204C147BD64B3309C6479EE86FA,9DA76BB3700D14E3EAA6B73C58E315AE,C3E0CB4FA5DB1A426C5A96A07806DA0F,SAT,True,True,True,9DA76BB3700D14E3EAA6B73C58E315AE,0.48861691699858056,5.454090875000475,5.944536667000648,60,20736,343416,
single,44,2026092244,1,12,8,7B0C9204C147BD64B3309C6479EE86FA,9DA76BB3700D14E3EAA6B73C58E315AE,C3E0CB4FA5DB1A426C5A96A07806DA0F,SAT,True,True,True,9DA76BB3700D14E3EAA6B73C58E315AE,0.521446750000905,5.894585582998843,6.4177825410006335,60,20736,343416,
single,44,2026092244,1,13,8,7B0C9204C147BD64B3309C6479EE86FA,9DA76BB3700D14E3EAA6B73C58E315AE,C3E0CB4FA5DB1A426C5A96A07806DA0F,SAT,True,True,True,9DA76BB3700D14E3EAA6B73C58E315AE,0.4672635410006478,4.423470791998625,4.8925650420005695,60,20736,343416,
single,44,2026092244,1,14,8,7B0C9204C147BD64B3309C6479EE86FA,9DA76BB3700D14E3EAA6B73C58E315AE,C3E0CB4FA5DB1A426C5A96A07806DA0F,SAT,True,True,True,9DA76BB3700D14E3EAA6B73C58E315AE,0.46914491600000474,5.739817292000225,6.210689375000584,60,20736,343416,
single,44,2026092244,1,15,8,7B0C9204C147BD64B3309C6479EE86FA,9DA76BB3700D14E3EAA6B73C58E315AE,C3E0CB4FA5DB1A426C5A96A07806DA0F,SAT,True,True,True,9DA76BB3700D14E3EAA6B73C58E315AE,0.4632715420011664,5.864108167001177,6.329106167000646,60,20736,343416,
single,45,2026092245,1,0,8,2A294D1655F10DE3432DCD9E50A76E16,E936C2BD34D5239AF73DD2581F3DED15,AC52AFC5632F08CEE541343FF2C125B0,SAT,True,True,True,E936C2BD34D5239AF73DD2581F3DED15,0.44922283300002164,8.05983229100093,8.510922207999101,60,20736,343416,
single,45,2026092245,1,1,8,2A294D1655F10DE3432DCD9E50A76E16,E936C2BD34D5239AF73DD2581F3DED15,AC52AFC5632F08CEE541343FF2C125B0,SAT,True,True,True,E936C2BD34D5239AF73DD2581F3DED15,0.4767187500001455,6.245829208000941,6.724276957998882,60,20736,343416,
single,45,2026092245,1,2,8,2A294D1655F10DE3432DCD9E50A76E16,E936C2BD34D5239AF73DD2581F3DED15,AC52AFC5632F08CEE541343FF2C125B0,SAT,True,True,True,E936C2BD34D5239AF73DD2581F3DED15,0.45359245899999223,6.693835500000205,7.1491754580001725,60,20736,343416,
single,45,2026092245,1,3,8,2A294D1655F10DE3432DCD9E50A76E16,E936C2BD34D5239AF73DD2581F3DED15,AC52AFC5632F08CEE541343FF2C125B0,SAT,True,True,True,E936C2BD34D5239AF73DD2581F3DED15,0.4756575409992365,5.772264790999543,6.249726959000327,60,20736,343416,
single,45,2026092245,1,4,8,2A294D1655F10DE3432DCD9E50A76E16,E936C2BD34D5239AF73DD2581F3DED15,AC52AFC5632F08CEE541343FF2C125B0,SAT,True,True,True,E936C2BD34D5239AF73DD2581F3DED15,0.4621271669984708,4.772035124999093,5.23594545800006,60,20736,343416,
single,45,2026092245,1,5,8,2A294D1655F10DE3432DCD9E50A76E16,E936C2BD34D5239AF73DD2581F3DED15,AC52AFC5632F08CEE541343FF2C125B0,SAT,True,True,True,E936C2BD34D5239AF73DD2581F3DED15,0.46284608300084074,6.229284375000134,6.693932624999434,60,20736,343416,
single,45,2026092245,1,6,8,2A294D1655F10DE3432DCD9E50A76E16,E936C2BD34D5239AF73DD2581F3DED15,AC52AFC5632F08CEE541343FF2C125B0,SAT,True,True,True,E936C2BD34D5239AF73DD2581F3DED15,0.448328083000888,5.713242875001015,6.163334707998729,60,20736,343416,
single,45,2026092245,1,7,8,2A294D1655F10DE3432DCD9E50A76E16,E936C2BD34D5239AF73DD2581F3DED15,AC52AFC5632F08CEE541343FF2C125B0,SAT,True,True,True,E936C2BD34D5239AF73DD2581F3DED15,0.48434762499891804,5.714164541001082,6.200264791999871,60,20736,343416,
single,45,2026092245,1,8,8,2A294D1655F10DE3432DCD9E50A76E16,E936C2BD34D5239AF73DD2581F3DED15,AC52AFC5632F08CEE541343FF2C125B0,SAT,True,True,True,E936C2BD34D5239AF73DD2581F3DED15,0.4519379579996894,6.4067849590010155,6.860513042000093,60,20736,343416,
single,45,2026092245,1,9,8,2A294D1655F10DE3432DCD9E50A76E16,E936C2BD34D5239AF73DD2581F3DED15,AC52AFC5632F08CEE541343FF2C125B0,SAT,True,True,True,E936C2BD34D5239AF73DD2581F3DED15,0.4766957920001005,5.861821750000672,6.340384458000699,60,20736,343416,
single,45,2026092245,1,10,8,2A294D1655F10DE3432DCD9E50A76E16,E936C2BD34D5239AF73DD2581F3DED15,AC52AFC5632F08CEE541343FF2C125B0,SAT,True,True,True,E936C2BD34D5239AF73DD2581F3DED15,0.48314850000133447,6.493228749999616,6.978115666999656,60,20736,343416,
single,45,2026092245,1,11,8,2A294D1655F10DE3432DCD9E50A76E16,E936C2BD34D5239AF73DD2581F3DED15,AC52AFC5632F08CEE541343FF2C125B0,SAT,True,True,True,E936C2BD34D5239AF73DD2581F3DED15,0.45030825000139885,6.374944041999697,6.827007708001474,60,20736,343416,
single,45,2026092245,1,12,8,2A294D1655F10DE3432DCD9E50A76E16,E936C2BD34D5239AF73DD2581F3DED15,AC52AFC5632F08CEE541343FF2C125B0,SAT,True,True,True,E936C2BD34D5239AF73DD2581F3DED15,0.45511070799875597,5.717188124999666,6.174101500000688,60,20736,343416,
single,45,2026092245,1,13,8,2A294D1655F10DE3432DCD9E50A76E16,E936C2BD34D5239AF73DD2581F3DED15,AC52AFC5632F08CEE541343FF2C125B0,SAT,True,True,True,E936C2BD34D5239AF73DD2581F3DED15,0.44833037500029604,5.386944875001063,5.837023666999812,60,20736,343416,
single,45,2026092245,1,14,8,2A294D1655F10DE3432DCD9E50A76E16,E936C2BD34D5239AF73DD2581F3DED15,AC52AFC5632F08CEE541343FF2C125B0,SAT,True,True,True,E936C2BD34D5239AF73DD2581F3DED15,0.4774535830001696,7.232982042000003,7.712175124999703,60,20736,343416,
single,45,2026092245,1,15,8,2A294D1655F10DE3432DCD9E50A76E16,E936C2BD34D5239AF73DD2581F3DED15,AC52AFC5632F08CEE541343FF2C125B0,SAT,True,True,True,E936C2BD34D5239AF73DD2581F3DED15,0.506836917000328,5.401042583000162,5.909652209000342,60,20736,343416,
single,46,2026092246,1,0,8,FAB22FB24D0A42826DA22E1473946555,826B35CD7E0212A18E1B0575CC886FF4,293CC67F22F921C280B63FD2973DA1D5,SAT,True,True,True,826B35CD7E0212A18E1B0575CC886FF4,0.46093591600038053,6.102367292000054,6.565068083000369,60,20736,343416,
single,46,2026092246,1,1,8,FAB22FB24D0A42826DA22E1473946555,826B35CD7E0212A18E1B0575CC886FF4,293CC67F22F921C280B63FD2973DA1D5,SAT,True,True,True,826B35CD7E0212A18E1B0575CC886FF4,0.47401354199973866,5.406038875000377,5.881786791000195,60,20736,343416,
single,46,2026092246,1,2,8,FAB22FB24D0A42826DA22E1473946555,826B35CD7E0212A18E1B0575CC886FF4,293CC67F22F921C280B63FD2973DA1D5,SAT,True,True,True,826B35CD7E0212A18E1B0575CC886FF4,0.4558271659989259,5.1096699589998025,5.567265958999997,60,20736,343416,
single,46,2026092246,1,3,8,FAB22FB24D0A42826DA22E1473946555,826B35CD7E0212A18E1B0575CC886FF4,293CC67F22F921C280B63FD2973DA1D5,SAT,True,True,True,826B35CD7E0212A18E1B0575CC886FF4,0.4541675000000396,5.768238708000354,6.2241340420005145,60,20736,343416,
single,46,2026092246,1,4,8,FAB22FB24D0A42826DA22E1473946555,826B35CD7E0212A18E1B0575CC886FF4,293CC67F22F921C280B63FD2973DA1D5,SAT,True,True,True,826B35CD7E0212A18E1B0575CC886FF4,0.5040956660013762,6.046630916998765,6.552988083998571,60,20736,343416,
single,46,2026092246,1,5,8,FAB22FB24D0A42826DA22E1473946555,826B35CD7E0212A18E1B0575CC886FF4,293CC67F22F921C280B63FD2973DA1D5,SAT,True,True,True,826B35CD7E0212A18E1B0575CC886FF4,0.48774020899872994,4.938998375000665,5.4286187079997035,60,20736,343416,
single,46,2026092246,1,6,8,FAB22FB24D0A42826DA22E1473946555,826B35CD7E0212A18E1B0575CC886FF4,293CC67F22F921C280B63FD2973DA1D5,SAT,True,True,True,826B35CD7E0212A18E1B0575CC886FF4,0.46802425000169023,5.112695249999888,5.582483750000392,60,20736,343416,
single,46,2026092246,1,7,8,FAB22FB24D0A42826DA22E1473946555,826B35CD7E0212A18E1B0575CC886FF4,293CC67F22F921C280B63FD2973DA1D5,SAT,True,True,True,826B35CD7E0212A18E1B0575CC886FF4,0.4670126250002795,5.670520208001108,6.139331041000332,60,20736,343416,
single,46,2026092246,1,8,8,FAB22FB24D0A42826DA22E1473946555,826B35CD7E0212A18E1B0575CC886FF4,293CC67F22F921C280B63FD2973DA1D5,SAT,True,True,True,826B35CD7E0212A18E1B0575CC886FF4,0.47696429200004786,5.460802958001295,5.939557958001387,60,20736,343416,
single,46,2026092246,1,9,8,FAB22FB24D0A42826DA22E1473946555,826B35CD7E0212A18E1B0575CC886FF4,293CC67F22F921C280B63FD2973DA1D5,SAT,True,True,True,826B35CD7E0212A18E1B0575CC886FF4,0.4810807499998191,6.909436666999682,7.392271082999287,60,20736,343416,
single,46,2026092246,1,10,8,FAB22FB24D0A42826DA22E1473946555,826B35CD7E0212A18E1B0575CC886FF4,293CC67F22F921C280B63FD2973DA1D5,SAT,True,True,True,826B35CD7E0212A18E1B0575CC886FF4,0.4851770410004974,4.6152417920002335,5.102149583999562,60,20736,343416,
single,46,2026092246,1,11,8,FAB22FB24D0A42826DA22E1473946555,826B35CD7E0212A18E1B0575CC886FF4,293CC67F22F921C280B63FD2973DA1D5,SAT,True,True,True,826B35CD7E0212A18E1B0575CC886FF4,0.4544713330014929,4.808122125001319,5.26438508299907,60,20736,343416,
single,46,2026092246,1,12,8,FAB22FB24D0A42826DA22E1473946555,826B35CD7E0212A18E1B0575CC886FF4,293CC67F22F921C280B63FD2973DA1D5,SAT,True,True,True,826B35CD7E0212A18E1B0575CC886FF4,0.4503127499992843,5.976331458999994,6.428373707998617,60,20736,343416,
single,46,2026092246,1,13,8,FAB22FB24D0A42826DA22E1473946555,826B35CD7E0212A18E1B0575CC886FF4,293CC67F22F921C280B63FD2973DA1D5,SAT,True,True,True,826B35CD7E0212A18E1B0575CC886FF4,0.45671191700057534,6.118136708999373,6.576600958000199,60,20736,343416,
single,46,2026092246,1,14,8,FAB22FB24D0A42826DA22E1473946555,826B35CD7E0212A18E1B0575CC886FF4,293CC67F22F921C280B63FD2973DA1D5,SAT,True,True,True,826B35CD7E0212A18E1B0575CC886FF4,0.46835549999923387,5.2906184590010525,5.760871458000111,60,20736,343416,
single,46,2026092246,1,15,8,FAB22FB24D0A42826DA22E1473946555,826B35CD7E0212A18E1B0575CC886FF4,293CC67F22F921C280B63FD2973DA1D5,SAT,True,True,True,826B35CD7E0212A18E1B0575CC886FF4,0.4598188330000994,5.182080332999249,5.643621125000209,60,20736,343416,
single,47,2026092247,1,0,8,C7DF713806DF4963B78187E67697C05B,385EA01C25F45076B17B866FD2846DEE,C5D9A1E2CB7B3A9E571C4CE618E23973,SAT,True,True,True,385EA01C25F45076B17B866FD2846DEE,0.45701820899921586,6.518075750000207,6.976830375000645,60,20736,343416,
single,47,2026092247,1,1,8,C7DF713806DF4963B78187E67697C05B,385EA01C25F45076B17B866FD2846DEE,C5D9A1E2CB7B3A9E571C4CE618E23973,SAT,True,True,True,385EA01C25F45076B17B866FD2846DEE,0.4539267080017453,6.105107625000528,6.560779207999076,60,20736,343416,
single,47,2026092247,1,2,8,C7DF713806DF4963B78187E67697C05B,385EA01C25F45076B17B866FD2846DEE,C5D9A1E2CB7B3A9E571C4CE618E23973,SAT,True,True,True,385EA01C25F45076B17B866FD2846DEE,0.45405345800099894,5.590071333999731,6.04586670900062,60,20736,343416,
single,47,2026092247,1,3,8,C7DF713806DF4963B78187E67697C05B,385EA01C25F45076B17B866FD2846DEE,C5D9A1E2CB7B3A9E571C4CE618E23973,SAT,True,True,True,385EA01C25F45076B17B866FD2846DEE,0.46603104200039525,6.187397375000728,6.655141500001264,60,20736,343416,
single,47,2026092247,1,4,8,C7DF713806DF4963B78187E67697C05B,385EA01C25F45076B17B866FD2846DEE,C5D9A1E2CB7B3A9E571C4CE618E23973,SAT,True,True,True,385EA01C25F45076B17B866FD2846DEE,0.4470205840007111,6.899185041000237,7.34793795800033,60,20736,343416,
single,47,2026092247,1,5,8,C7DF713806DF4963B78187E67697C05B,385EA01C25F45076B17B866FD2846DEE,C5D9A1E2CB7B3A9E571C4CE618E23973,SAT,True,True,True,385EA01C25F45076B17B866FD2846DEE,0.4466248330008966,5.490033125000991,5.93839241599926,60,20736,343416,
single,47,2026092247,1,6,8,C7DF713806DF4963B78187E67697C05B,385EA01C25F45076B17B866FD2846DEE,C5D9A1E2CB7B3A9E571C4CE618E23973,SAT,True,True,True,385EA01C25F45076B17B866FD2846DEE,0.448423832998742,6.527268665999145,6.977413458000228,60,20736,343416,
single,47,2026092247,1,7,8,C7DF713806DF4963B78187E67697C05B,385EA01C25F45076B17B866FD2846DEE,C5D9A1E2CB7B3A9E571C4CE618E23973,SAT,True,True,True,385EA01C25F45076B17B866FD2846DEE,0.46849379200102703,6.826257624999926,7.29650804099947,60,20736,343416,
single,47,2026092247,1,8,8,C7DF713806DF4963B78187E67697C05B,385EA01C25F45076B17B866FD2846DEE,C5D9A1E2CB7B3A9E571C4CE618E23973,SAT,True,True,True,385EA01C25F45076B17B866FD2846DEE,0.4458222499997646,5.8681710840010055,6.315727249999327,60,20736,343416,
single,47,2026092247,1,9,8,C7DF713806DF4963B78187E67697C05B,385EA01C25F45076B17B866FD2846DEE,C5D9A1E2CB7B3A9E571C4CE618E23973,SAT,True,True,True,385EA01C25F45076B17B866FD2846DEE,0.4511199160006072,4.120835999998235,4.573729125000682,60,20736,343416,
single,47,2026092247,1,10,8,C7DF713806DF4963B78187E67697C05B,385EA01C25F45076B17B866FD2846DEE,C5D9A1E2CB7B3A9E571C4CE618E23973,SAT,True,True,True,385EA01C25F45076B17B866FD2846DEE,0.4503912500003935,5.762341458999799,6.214527375001126,60,20736,343416,
single,47,2026092247,1,11,8,C7DF713806DF4963B78187E67697C05B,385EA01C25F45076B17B866FD2846DEE,C5D9A1E2CB7B3A9E571C4CE618E23973,SAT,True,True,True,385EA01C25F45076B17B866FD2846DEE,0.45902304199989885,4.000455957999293,4.461189999999988,60,20736,343416,
single,47,2026092247,1,12,8,C7DF713806DF4963B78187E67697C05B,385EA01C25F45076B17B866FD2846DEE,C5D9A1E2CB7B3A9E571C4CE618E23973,SAT,True,True,True,385EA01C25F45076B17B866FD2846DEE,0.45041566700092517,6.81452466600058,7.266874000000826,60,20736,343416,
single,47,2026092247,1,13,8,C7DF713806DF4963B78187E67697C05B,385EA01C25F45076B17B866FD2846DEE,C5D9A1E2CB7B3A9E571C4CE618E23973,SAT,True,True,True,385EA01C25F45076B17B866FD2846DEE,0.501701499999399,4.689022083000964,5.192532499999288,60,20736,343416,
single,47,2026092247,1,14,8,C7DF713806DF4963B78187E67697C05B,385EA01C25F45076B17B866FD2846DEE,C5D9A1E2CB7B3A9E571C4CE618E23973,SAT,True,True,True,385EA01C25F45076B17B866FD2846DEE,0.4610635419994651,5.6720187079990865,6.134840000000622,60,20736,343416,
single,47,2026092247,1,15,8,C7DF713806DF4963B78187E67697C05B,385EA01C25F45076B17B866FD2846DEE,C5D9A1E2CB7B3A9E571C4CE618E23973,SAT,True,True,True,385EA01C25F45076B17B866FD2846DEE,0.4587089590004325,6.308345458000986,6.768787082999552,60,20736,343416,
single,48,2026092248,1,0,8,887D5E430048592FB5540E0D36A749F3,F8908DF149D48E01A54D9844BCBB9A51,2B3EF9867CDC9B2BC64CE70E0F914894,SAT,True,True,True,F8908DF149D48E01A54D9844BCBB9A51,0.45629441699929885,7.789114749999499,8.247203583001465,60,20736,343416,
single,48,2026092248,1,1,8,887D5E430048592FB5540E0D36A749F3,F8908DF149D48E01A54D9844BCBB9A51,2B3EF9867CDC9B2BC64CE70E0F914894,SAT,True,True,True,F8908DF149D48E01A54D9844BCBB9A51,0.46225233299992396,5.290332167000088,5.754346457999418,60,20736,343416,
single,48,2026092248,1,2,8,887D5E430048592FB5540E0D36A749F3,F8908DF149D48E01A54D9844BCBB9A51,2B3EF9867CDC9B2BC64CE70E0F914894,SAT,True,True,True,F8908DF149D48E01A54D9844BCBB9A51,0.4921887910004443,6.041997333000836,6.535986291999507,60,20736,343416,
single,48,2026092248,1,3,8,887D5E430048592FB5540E0D36A749F3,F8908DF149D48E01A54D9844BCBB9A51,2B3EF9867CDC9B2BC64CE70E0F914894,SAT,True,True,True,F8908DF149D48E01A54D9844BCBB9A51,0.5101230829986889,6.155565375000151,6.667430165998667,60,20736,343416,
single,48,2026092248,1,4,8,887D5E430048592FB5540E0D36A749F3,F8908DF149D48E01A54D9844BCBB9A51,2B3EF9867CDC9B2BC64CE70E0F914894,SAT,True,True,True,F8908DF149D48E01A54D9844BCBB9A51,0.45976929100106645,5.647974667001108,6.109703334001097,60,20736,343416,
single,48,2026092248,1,5,8,887D5E430048592FB5540E0D36A749F3,F8908DF149D48E01A54D9844BCBB9A51,2B3EF9867CDC9B2BC64CE70E0F914894,SAT,True,True,True,F8908DF149D48E01A54D9844BCBB9A51,0.47348533299918927,4.979362000000037,5.454591583000365,60,20736,343416,
single,48,2026092248,1,6,8,887D5E430048592FB5540E0D36A749F3,F8908DF149D48E01A54D9844BCBB9A51,2B3EF9867CDC9B2BC64CE70E0F914894,SAT,True,True,True,F8908DF149D48E01A54D9844BCBB9A51,0.4564245839992509,6.060430583998823,6.518693792000704,60,20736,343416,
single,48,2026092248,1,7,8,887D5E430048592FB5540E0D36A749F3,F8908DF149D48E01A54D9844BCBB9A51,2B3EF9867CDC9B2BC64CE70E0F914894,SAT,True,True,True,F8908DF149D48E01A54D9844BCBB9A51,0.4588599170001544,5.381009290998918,5.841620958000931,60,20736,343416,
single,48,2026092248,1,8,8,887D5E430048592FB5540E0D36A749F3,F8908DF149D48E01A54D9844BCBB9A51,2B3EF9867CDC9B2BC64CE70E0F914894,SAT,True,True,True,F8908DF149D48E01A54D9844BCBB9A51,0.4760625409999193,6.146624291999615,6.624435040999742,60,20736,343416,
single,48,2026092248,1,9,8,887D5E430048592FB5540E0D36A749F3,F8908DF149D48E01A54D9844BCBB9A51,2B3EF9867CDC9B2BC64CE70E0F914894,SAT,True,True,True,F8908DF149D48E01A54D9844BCBB9A51,0.4746026669999992,7.183206874999087,7.659794499999407,60,20736,343416,
single,48,2026092248,1,10,8,887D5E430048592FB5540E0D36A749F3,F8908DF149D48E01A54D9844BCBB9A51,2B3EF9867CDC9B2BC64CE70E0F914894,SAT,True,True,True,F8908DF149D48E01A54D9844BCBB9A51,0.46541570800036425,5.746615915999428,6.213827790999858,60,20736,343416,
single,48,2026092248,1,11,8,887D5E430048592FB5540E0D36A749F3,F8908DF149D48E01A54D9844BCBB9A51,2B3EF9867CDC9B2BC64CE70E0F914894,SAT,True,True,True,F8908DF149D48E01A54D9844BCBB9A51,0.4821152919994347,5.716871415999776,6.200711458999649,60,20736,343416,
single,48,2026092248,1,12,8,887D5E430048592FB5540E0D36A749F3,F8908DF149D48E01A54D9844BCBB9A51,2B3EF9867CDC9B2BC64CE70E0F914894,SAT,True,True,True,F8908DF149D48E01A54D9844BCBB9A51,0.45533249999971304,6.074595166999643,6.531780250001248,60,20736,343416,
single,48,2026092248,1,13,8,887D5E430048592FB5540E0D36A749F3,F8908DF149D48E01A54D9844BCBB9A51,2B3EF9867CDC9B2BC64CE70E0F914894,SAT,True,True,True,F8908DF149D48E01A54D9844BCBB9A51,0.4865888330004964,5.648659458998736,6.137073665999196,60,20736,343416,
single,48,2026092248,1,14,8,887D5E430048592FB5540E0D36A749F3,F8908DF149D48E01A54D9844BCBB9A51,2B3EF9867CDC9B2BC64CE70E0F914894,SAT,True,True,True,F8908DF149D48E01A54D9844BCBB9A51,0.4692815830003383,5.029143792000468,5.5002610410010675,60,20736,343416,
single,48,2026092248,1,15,8,887D5E430048592FB5540E0D36A749F3,F8908DF149D48E01A54D9844BCBB9A51,2B3EF9867CDC9B2BC64CE70E0F914894,SAT,True,True,True,F8908DF149D48E01A54D9844BCBB9A51,0.4868890420002572,6.532292334000886,7.021030375000919,60,20736,343416,
single,49,2026092249,1,0,8,F1B5BC67C195C347891969B3CC9A50B4,35F73D4E4DAFD267DDA6FFB26FFA5C07,704F4361B908D10BD44B3003C882D73F,SAT,True,True,True,35F73D4E4DAFD267DDA6FFB26FFA5C07,0.47597729100016295,4.830016750000141,5.307838333999825,60,20736,343416,
single,49,2026092249,1,1,8,F1B5BC67C195C347891969B3CC9A50B4,35F73D4E4DAFD267DDA6FFB26FFA5C07,704F4361B908D10BD44B3003C882D73F,SAT,True,True,True,35F73D4E4DAFD267DDA6FFB26FFA5C07,0.48688345800110255,5.207627959000092,5.69625462499971,60,20736,343416,
single,49,2026092249,1,2,8,F1B5BC67C195C347891969B3CC9A50B4,35F73D4E4DAFD267DDA6FFB26FFA5C07,704F4361B908D10BD44B3003C882D73F,SAT,True,True,True,35F73D4E4DAFD267DDA6FFB26FFA5C07,0.49060595800074225,6.01902866599994,6.511406249999709,60,20736,343416,
single,49,2026092249,1,3,8,F1B5BC67C195C347891969B3CC9A50B4,35F73D4E4DAFD267DDA6FFB26FFA5C07,704F4361B908D10BD44B3003C882D73F,SAT,True,True,True,35F73D4E4DAFD267DDA6FFB26FFA5C07,0.46039125000061176,6.2867380829993635,6.7489061249998485,60,20736,343416,
single,49,2026092249,1,4,8,F1B5BC67C195C347891969B3CC9A50B4,35F73D4E4DAFD267DDA6FFB26FFA5C07,704F4361B908D10BD44B3003C882D73F,SAT,True,True,True,35F73D4E4DAFD267DDA6FFB26FFA5C07,0.45438483399993856,5.669278374998612,6.125446584001111,60,20736,343416,
single,49,2026092249,1,5,8,F1B5BC67C195C347891969B3CC9A50B4,35F73D4E4DAFD267DDA6FFB26FFA5C07,704F4361B908D10BD44B3003C882D73F,SAT,True,True,True,35F73D4E4DAFD267DDA6FFB26FFA5C07,0.4593883330016979,6.002552124999056,6.463713833001748,60,20736,343416,
single,49,2026092249,1,6,8,F1B5BC67C195C347891969B3CC9A50B4,35F73D4E4DAFD267DDA6FFB26FFA5C07,704F4361B908D10BD44B3003C882D73F,SAT,True,True,True,35F73D4E4DAFD267DDA6FFB26FFA5C07,0.4511817909988167,6.1681952079998155,6.621121540998502,60,20736,343416,
single,49,2026092249,1,7,8,F1B5BC67C195C347891969B3CC9A50B4,35F73D4E4DAFD267DDA6FFB26FFA5C07,704F4361B908D10BD44B3003C882D73F,SAT,True,True,True,35F73D4E4DAFD267DDA6FFB26FFA5C07,0.44726162500046485,5.824661332999312,6.273710542000117,60,20736,343416,
single,49,2026092249,1,8,8,F1B5BC67C195C347891969B3CC9A50B4,35F73D4E4DAFD267DDA6FFB26FFA5C07,704F4361B908D10BD44B3003C882D73F,SAT,True,True,True,35F73D4E4DAFD267DDA6FFB26FFA5C07,0.4978991670013784,6.003040958001293,6.502793042000121,60,20736,343416,
single,49,2026092249,1,9,8,F1B5BC67C195C347891969B3CC9A50B4,35F73D4E4DAFD267DDA6FFB26FFA5C07,704F4361B908D10BD44B3003C882D73F,SAT,True,True,True,35F73D4E4DAFD267DDA6FFB26FFA5C07,0.48207195899885846,5.512763707998602,5.9966209170015645,60,20736,343416,
single,49,2026092249,1,10,8,F1B5BC67C195C347891969B3CC9A50B4,35F73D4E4DAFD267DDA6FFB26FFA5C07,704F4361B908D10BD44B3003C882D73F,SAT,True,True,True,35F73D4E4DAFD267DDA6FFB26FFA5C07,0.4813508749994071,5.402144915999088,5.885449332999997,60,20736,343416,
single,49,2026092249,1,11,8,F1B5BC67C195C347891969B3CC9A50B4,35F73D4E4DAFD267DDA6FFB26FFA5C07,704F4361B908D10BD44B3003C882D73F,SAT,True,True,True,35F73D4E4DAFD267DDA6FFB26FFA5C07,0.5093975420004426,6.578232708001451,7.089509458000975,60,20736,343416,
single,49,2026092249,1,12,8,F1B5BC67C195C347891969B3CC9A50B4,35F73D4E4DAFD267DDA6FFB26FFA5C07,704F4361B908D10BD44B3003C882D73F,SAT,True,True,True,35F73D4E4DAFD267DDA6FFB26FFA5C07,0.491553957999713,6.490675582999756,6.984017749999111,60,20736,343416,
single,49,2026092249,1,13,8,F1B5BC67C195C347891969B3CC9A50B4,35F73D4E4DAFD267DDA6FFB26FFA5C07,704F4361B908D10BD44B3003C882D73F,SAT,True,True,True,35F73D4E4DAFD267DDA6FFB26FFA5C07,0.48376687499876425,6.8362124579998635,7.321700459000567,60,20736,343416,
single,49,2026092249,1,14,8,F1B5BC67C195C347891969B3CC9A50B4,35F73D4E4DAFD267DDA6FFB26FFA5C07,704F4361B908D10BD44B3003C882D73F,SAT,True,True,True,35F73D4E4DAFD267DDA6FFB26FFA5C07,0.49155366699960723,6.244755207999333,6.738295875000404,60,20736,343416,
single,49,2026092249,1,15,8,F1B5BC67C195C347891969B3CC9A50B4,35F73D4E4DAFD267DDA6FFB26FFA5C07,704F4361B908D10BD44B3003C882D73F,SAT,True,True,True,35F73D4E4DAFD267DDA6FFB26FFA5C07,0.4816412920008588,5.401412666999022,5.884853667001153,60,20736,343416,
single,50,2026092250,1,0,8,A5FE4FE1D0749115752FBFA7529521FC,ECE6F2EDC5A52B45D2F6C8B5101FE6CC,63BA2A6DDC94642D3375ECF02B5E82F5,SAT,True,True,True,ECE6F2EDC5A52B45D2F6C8B5101FE6CC,0.49258095799996227,6.557243875000495,7.0518505000000005,60,20736,343416,
single,50,2026092250,1,1,8,A5FE4FE1D0749115752FBFA7529521FC,ECE6F2EDC5A52B45D2F6C8B5101FE6CC,63BA2A6DDC94642D3375ECF02B5E82F5,SAT,True,True,True,ECE6F2EDC5A52B45D2F6C8B5101FE6CC,0.49276000000099884,6.381059999999707,6.875797167000201,60,20736,343416,
single,50,2026092250,1,2,8,A5FE4FE1D0749115752FBFA7529521FC,ECE6F2EDC5A52B45D2F6C8B5101FE6CC,63BA2A6DDC94642D3375ECF02B5E82F5,SAT,True,True,True,ECE6F2EDC5A52B45D2F6C8B5101FE6CC,0.48313204199985194,5.53501045899975,6.019882874999894,60,20736,343416,
single,50,2026092250,1,3,8,A5FE4FE1D0749115752FBFA7529521FC,ECE6F2EDC5A52B45D2F6C8B5101FE6CC,63BA2A6DDC94642D3375ECF02B5E82F5,SAT,True,True,True,ECE6F2EDC5A52B45D2F6C8B5101FE6CC,0.4850037920004979,6.013543834000302,6.500538250000318,60,20736,343416,
single,50,2026092250,1,4,8,A5FE4FE1D0749115752FBFA7529521FC,ECE6F2EDC5A52B45D2F6C8B5101FE6CC,63BA2A6DDC94642D3375ECF02B5E82F5,SAT,True,True,True,ECE6F2EDC5A52B45D2F6C8B5101FE6CC,0.4984642090003035,6.560594583999773,7.061004500001218,60,20736,343416,
single,50,2026092250,1,5,8,A5FE4FE1D0749115752FBFA7529521FC,ECE6F2EDC5A52B45D2F6C8B5101FE6CC,63BA2A6DDC94642D3375ECF02B5E82F5,SAT,True,True,True,ECE6F2EDC5A52B45D2F6C8B5101FE6CC,0.4878732500001206,6.573610708999695,7.063251916999434,60,20736,343416,
single,50,2026092250,1,6,8,A5FE4FE1D0749115752FBFA7529521FC,ECE6F2EDC5A52B45D2F6C8B5101FE6CC,63BA2A6DDC94642D3375ECF02B5E82F5,SAT,True,True,True,ECE6F2EDC5A52B45D2F6C8B5101FE6CC,0.4451585829992837,5.696925291998923,6.143815249999534,60,20736,343416,
single,50,2026092250,1,7,8,A5FE4FE1D0749115752FBFA7529521FC,ECE6F2EDC5A52B45D2F6C8B5101FE6CC,63BA2A6DDC94642D3375ECF02B5E82F5,SAT,True,True,True,ECE6F2EDC5A52B45D2F6C8B5101FE6CC,0.5442376250011876,5.797585499998604,6.343596417000299,60,20736,343416,
single,50,2026092250,1,8,8,A5FE4FE1D0749115752FBFA7529521FC,ECE6F2EDC5A52B45D2F6C8B5101FE6CC,63BA2A6DDC94642D3375ECF02B5E82F5,SAT,True,True,True,ECE6F2EDC5A52B45D2F6C8B5101FE6CC,0.4571593330001633,4.483768707999843,4.942680416999792,60,20736,343416,
single,50,2026092250,1,9,8,A5FE4FE1D0749115752FBFA7529521FC,ECE6F2EDC5A52B45D2F6C8B5101FE6CC,63BA2A6DDC94642D3375ECF02B5E82F5,SAT,True,True,True,ECE6F2EDC5A52B45D2F6C8B5101FE6CC,0.4636270829996647,7.303027916001156,7.768395832999886,60,20736,343416,
single,50,2026092250,1,10,8,A5FE4FE1D0749115752FBFA7529521FC,ECE6F2EDC5A52B45D2F6C8B5101FE6CC,63BA2A6DDC94642D3375ECF02B5E82F5,SAT,True,True,True,ECE6F2EDC5A52B45D2F6C8B5101FE6CC,0.5089367079999647,5.571108124999228,6.081753958998888,60,20736,343416,
single,50,2026092250,1,11,8,A5FE4FE1D0749115752FBFA7529521FC,ECE6F2EDC5A52B45D2F6C8B5101FE6CC,63BA2A6DDC94642D3375ECF02B5E82F5,SAT,True,True,True,ECE6F2EDC5A52B45D2F6C8B5101FE6CC,0.45138095800029987,5.8769360830010555,6.330029333999846,60,20736,343416,
single,50,2026092250,1,12,8,A5FE4FE1D0749115752FBFA7529521FC,ECE6F2EDC5A52B45D2F6C8B5101FE6CC,63BA2A6DDC94642D3375ECF02B5E82F5,SAT,True,True,True,ECE6F2EDC5A52B45D2F6C8B5101FE6CC,0.44458133399893995,5.943103708999843,6.389396250000573,60,20736,343416,
single,50,2026092250,1,13,8,A5FE4FE1D0749115752FBFA7529521FC,ECE6F2EDC5A52B45D2F6C8B5101FE6CC,63BA2A6DDC94642D3375ECF02B5E82F5,SAT,True,True,True,ECE6F2EDC5A52B45D2F6C8B5101FE6CC,0.4710021249993588,7.30490991699844,7.777633125000648,60,20736,343416,
single,50,2026092250,1,14,8,A5FE4FE1D0749115752FBFA7529521FC,ECE6F2EDC5A52B45D2F6C8B5101FE6CC,63BA2A6DDC94642D3375ECF02B5E82F5,SAT,True,True,True,ECE6F2EDC5A52B45D2F6C8B5101FE6CC,0.44540149999920686,6.216284000000087,6.663494583999636,60,20736,343416,
single,50,2026092250,1,15,8,A5FE4FE1D0749115752FBFA7529521FC,ECE6F2EDC5A52B45D2F6C8B5101FE6CC,63BA2A6DDC94642D3375ECF02B5E82F5,SAT,True,True,True,ECE6F2EDC5A52B45D2F6C8B5101FE6CC,0.48371866599882196,5.262723915999231,5.748202208998919,60,20736,343416,
