row_type,experiment,kat,position_mode,unknown_bits,known_bits,split_bits,split_positions,max_workers,divide_trial,divide_seed,branch_id,assignment,branch_order,status,satisfiable,correct,recovered_key,branch_solve_time,experiment_wall_time,baseline_solve_time,speedup,variables,clauses
branch,count1089_last_8_split5_divide1_workers8,count1089,last,8,120,5,121;122;124;126;127,8,1,20261720,10111,10111,4,UNSAT,False,False,,28.19892725002137,28.47435454200604,49.38862675000564,1.7344950410428575,105092,1723804
branch,count1089_last_8_split5_divide1_workers8,count1089,last,8,120,5,121;122;124;126;127,8,1,20261720,11000,11000,7,UNSAT,False,False,,28.15551174999564,28.72137029201258,49.38862675000564,1.7195776610888454,105092,1723804
branch,count1089_last_8_split5_divide1_workers8,count1089,last,8,120,5,121;122;124;126;127,8,1,20261720,01100,01100,2,UNSAT,False,False,,30.073491666989867,30.200299459014786,49.38862675000564,1.6353687756318966,105092,1723804
branch,count1089_last_8_split5_divide1_workers8,count1089,last,8,120,5,121;122;124;126;127,8,1,20261720,10001,10001,5,UNSAT,False,False,,29.843569250020664,30.258546084020054,49.38862675000564,1.6322207489040077,105092,1723804
branch,count1089_last_8_split5_divide1_workers8,count1089,last,8,120,5,121;122;124;126;127,8,1,20261720,11011,11011,6,UNSAT,False,False,,31.829031166009372,32.293005709012505,49.38862675000564,1.5293908283124602,105092,1723804
branch,count1089_last_8_split5_divide1_workers8,count1089,last,8,120,5,121;122;124;126;127,8,1,20261720,01010,01010,8,UNSAT,False,False,,33.30897612500121,34.00660287501523,49.38862675000564,1.4523246244714327,105092,1723804
branch,count1089_last_8_split5_divide1_workers8,count1089,last,8,120,5,121;122;124;126;127,8,1,20261720,10100,10100,1,UNSAT,False,False,,44.095073665987,44.15153920900775,49.38862675000564,1.1186161940177484,105092,1723804
branch,count1089_last_8_split5_divide1_workers8,count1089,last,8,120,5,121;122;124;126;127,8,1,20261720,01110,01110,10,UNSAT,False,False,,28.529610583995236,57.37397604199941,49.38862675000564,0.8608193149077159,105092,1723804
branch,count1089_last_8_split5_divide1_workers8,count1089,last,8,120,5,121;122;124;126;127,8,1,20261720,00000,00000,11,UNSAT,False,False,,29.170451624988345,59.47738845902495,49.38862675000564,0.8303765183642917,105092,1723804
branch,count1089_last_8_split5_divide1_workers8,count1089,last,8,120,5,121;122;124;126;127,8,1,20261720,11110,11110,9,UNSAT,False,False,,31.35934708401328,59.93439025001135,49.38862675000564,0.8240448687971142,105092,1723804
branch,count1089_last_8_split5_divide1_workers8,count1089,last,8,120,5,121;122;124;126;127,8,1,20261720,01001,01001,12,UNSAT,False,False,,31.26274487498449,61.63400529199862,49.38862675000564,0.8013210648248641,105092,1723804
branch,count1089_last_8_split5_divide1_workers8,count1089,last,8,120,5,121;122;124;126;127,8,1,20261720,00011,00011,13,UNSAT,False,False,,29.88893737498438,62.30854987501516,49.38862675000564,0.7926460630053882,105092,1723804
branch,count1089_last_8_split5_divide1_workers8,count1089,last,8,120,5,121;122;124;126;127,8,1,20261720,01111,01111,14,UNSAT,False,False,,38.463524667022284,72.58876304200385,49.38862675000564,0.6803894250329995,105092,1723804
branch,count1089_last_8_split5_divide1_workers8,count1089,last,8,120,5,121;122;124;126;127,8,1,20261720,10011,10011,15,UNSAT,False,False,,39.47371170797851,83.72938679202343,49.38862675000564,0.5898601272774483,105092,1723804
branch,count1089_last_8_split5_divide1_workers8,count1089,last,8,120,5,121;122;124;126;127,8,1,20261720,10010,10010,18,UNSAT,False,False,,31.395694167003967,91.45674270900781,49.38862675000564,0.5400217117632075,105092,1723804
branch,count1089_last_8_split5_divide1_workers8,count1089,last,8,120,5,121;122;124;126;127,8,1,20261720,10110,10110,19,UNSAT,False,False,,30.344787374982843,92.08658491700771,49.38862675000564,0.5363281393757489,105092,1723804
branch,count1089_last_8_split5_divide1_workers8,count1089,last,8,120,5,121;122;124;126;127,8,1,20261720,00101,00101,16,UNSAT,False,False,,34.76438287500059,92.26184933399782,49.38862675000564,0.5353093083059012,105092,1723804
branch,count1089_last_8_split5_divide1_workers8,count1089,last,8,120,5,121;122;124;126;127,8,1,20261720,11010,11010,20,UNSAT,False,False,,30.609614416986005,93.02214350001304,49.38862675000564,0.5309340861404545,105092,1723804
branch,count1089_last_8_split5_divide1_workers8,count1089,last,8,120,5,121;122;124;126;127,8,1,20261720,00001,00001,17,UNSAT,False,False,,34.69290233301581,94.26107004200458,49.38862675000564,0.5239557192380386,105092,1723804
branch,count1089_last_8_split5_divide1_workers8,count1089,last,8,120,5,121;122;124;126;127,8,1,20261720,01000,01000,25,UNSAT,False,False,,26.07989020901732,118.46184412500588,49.38862675000564,0.41691590330038003,105092,1723804
branch,count1089_last_8_split5_divide1_workers8,count1089,last,8,120,5,121;122;124;126;127,8,1,20261720,10101,10101,23,UNSAT,False,False,,27.3879014159902,118.9453784590005,49.38862675000564,0.41522106524743624,105092,1723804
branch,count1089_last_8_split5_divide1_workers8,count1089,last,8,120,5,121;122;124;126;127,8,1,20261720,00110,00110,22,UNSAT,False,False,,36.62613200000487,120.45723416699911,49.38862675000564,0.41000963612973546,105092,1723804
branch,count1089_last_8_split5_divide1_workers8,count1089,last,8,120,5,121;122;124;126;127,8,1,20261720,01101,01101,24,UNSAT,False,False,,30.6598208330106,122.86151420901297,49.38862675000564,0.4019861473136765,105092,1723804
branch,count1089_last_8_split5_divide1_workers8,count1089,last,8,120,5,121;122;124;126;127,8,1,20261720,00111,00111,26,SAT,True,True,000102030405060708090A0B0C0D0E0F,36.93918683301308,130.0820793750172,49.38862675000564,0.3796727957247809,105092,1723804
summary,count1089_last_8_split5_divide1_workers8,count1089,last,8,120,5,121;122;124;126;127,8,1,20261720,00111,00111,26,SAT_FOUND,True,True,000102030405060708090A0B0C0D0E0F,36.93918683301308,130.22171945901937,49.38862675000564,0.3792656628646974,105092,1723804
branch,count1089_last_8_split5_divide2_workers8,count1089,last,8,120,5,120;121;125;126;127,8,2,20261721,00010,00010,8,UNSAT,False,False,,25.831400249997387,26.3661995420116,49.38862675000564,1.8731795862847191,105092,1723804
branch,count1089_last_8_split5_divide2_workers8,count1089,last,8,120,5,120;121;125;126;127,8,2,20261721,01101,01101,5,UNSAT,False,False,,26.051390416017966,26.421884999988833,49.38862675000564,1.8692317656377095,105092,1723804
branch,count1089_last_8_split5_divide2_workers8,count1089,last,8,120,5,120;121;125;126;127,8,2,20261721,00001,00001,6,UNSAT,False,False,,26.06932316700113,26.500373541988665,49.38862675000564,1.8636954936409313,105092,1723804
branch,count1089_last_8_split5_divide2_workers8,count1089,last,8,120,5,120;121;125;126;127,8,2,20261721,10111,10111,1,UNSAT,False,False,,29.321144124987768,29.36946600000374,49.38862675000564,1.6816317583029718,105092,1723804
branch,count1089_last_8_split5_divide2_workers8,count1089,last,8,120,5,120;121;125;126;127,8,2,20261721,10010,10010,3,UNSAT,False,False,,29.40435525000794,29.58690429199487,49.38862675000564,1.6692732116407458,105092,1723804
branch,count1089_last_8_split5_divide2_workers8,count1089,last,8,120,5,120;121;125;126;127,8,2,20261721,11100,11100,2,UNSAT,False,False,,31.553369291999843,31.67067308400874,49.38862675000564,1.559443546368552,105092,1723804
branch,count1089_last_8_split5_divide2_workers8,count1089,last,8,120,5,120;121;125;126;127,8,2,20261721,11000,11000,7,UNSAT,False,False,,35.82090679198154,36.27602695900714,49.38862675000564,1.361467362614326,105092,1723804
branch,count1089_last_8_split5_divide2_workers8,count1089,last,8,120,5,120;121;125;126;127,8,2,20261721,00000,00000,10,UNSAT,False,False,,27.21250795800006,53.740662208991125,49.38862675000564,0.9190178297010757,105092,1723804
branch,count1089_last_8_split5_divide2_workers8,count1089,last,8,120,5,120;121;125;126;127,8,2,20261721,11111,11111,9,UNSAT,False,False,,28.408729124988895,54.86117895899224,49.38862675000564,0.900247272974625,105092,1723804
branch,count1089_last_8_split5_divide2_workers8,count1089,last,8,120,5,120;121;125;126;127,8,2,20261721,01001,01001,11,UNSAT,False,False,,29.010800457996083,55.62809129199013,49.38862675000564,0.8878360843043538,105092,1723804
branch,count1089_last_8_split5_divide2_workers8,count1089,last,8,120,5,120;121;125;126;127,8,2,20261721,11011,11011,12,UNSAT,False,False,,31.29838241598918,60.76903070899425,49.38862675000564,0.8127269132613592,105092,1723804
branch,count1089_last_8_split5_divide2_workers8,count1089,last,8,120,5,120;121;125;126;127,8,2,20261721,11001,11001,14,UNSAT,False,False,,30.996161499992013,62.758683874999406,49.38862675000564,0.7869608427158258,105092,1723804
branch,count1089_last_8_split5_divide2_workers8,count1089,last,8,120,5,120;121;125;126;127,8,2,20261721,01110,01110,15,UNSAT,False,False,,26.570385166996857,62.961871459003305,49.38862675000564,0.7844211997758725,105092,1723804
branch,count1089_last_8_split5_divide2_workers8,count1089,last,8,120,5,120;121;125;126;127,8,2,20261721,00110,00110,17,UNSAT,False,False,,25.392397166026058,80.33250216700253,49.38862675000564,0.6148025446454047,105092,1723804
branch,count1089_last_8_split5_divide2_workers8,count1089,last,8,120,5,120;121;125;126;127,8,2,20261721,11010,11010,16,UNSAT,False,False,,27.789743542001816,81.62703762500314,49.38862675000564,0.6050522986868438,105092,1723804
branch,count1089_last_8_split5_divide2_workers8,count1089,last,8,120,5,120;121;125;126;127,8,2,20261721,01011,01011,19,UNSAT,False,False,,35.03994454201893,95.90590091701597,49.38862675000564,0.514969634587343,105092,1723804
branch,count1089_last_8_split5_divide2_workers8,count1089,last,8,120,5,120;121;125;126;127,8,2,20261721,01010,01010,20,UNSAT,False,False,,40.57946945898584,103.42494191700825,49.38862675000564,0.477531104534115,105092,1723804
branch,count1089_last_8_split5_divide2_workers8,count1089,last,8,120,5,120;121;125;126;127,8,2,20261721,01111,01111,23,UNSAT,False,False,,35.180921292019775,116.89960808400065,49.38862675000564,0.42248753062128674,105092,1723804
branch,count1089_last_8_split5_divide2_workers8,count1089,last,8,120,5,120;121;125;126;127,8,2,20261721,11110,11110,22,UNSAT,False,False,,47.5848867080058,128.04214095900534,49.38862675000564,0.3857216567928068,105092,1723804
branch,count1089_last_8_split5_divide2_workers8,count1089,last,8,120,5,120;121;125;126;127,8,2,20261721,10000,10000,24,UNSAT,False,False,,34.25812941597542,130.27937416700297,49.38862675000564,0.3790978200946466,105092,1723804
branch,count1089_last_8_split5_divide2_workers8,count1089,last,8,120,5,120;121;125;126;127,8,2,20261721,10011,10011,4,UNSAT,False,False,,138.53430604198365,138.7986351250147,49.38862675000564,0.3558293401482064,105092,1723804
branch,count1089_last_8_split5_divide2_workers8,count1089,last,8,120,5,120;121;125;126;127,8,2,20261721,00100,00100,25,UNSAT,False,False,,37.493905207986245,141.02309966701432,49.38862675000564,0.3502165735019493,105092,1723804
branch,count1089_last_8_split5_divide2_workers8,count1089,last,8,120,5,120;121;125;126;127,8,2,20261721,00101,00101,28,UNSAT,False,False,,26.618419792008353,156.99428874999285,49.38862675000564,0.31458868436070986,105092,1723804
branch,count1089_last_8_split5_divide2_workers8,count1089,last,8,120,5,120;121;125;126;127,8,2,20261721,10101,10101,27,UNSAT,False,False,,29.74543816698133,157.884573791991,49.38862675000564,0.31281477071391367,105092,1723804
branch,count1089_last_8_split5_divide2_workers8,count1089,last,8,120,5,120;121;125;126;127,8,2,20261721,01100,01100,26,UNSAT,False,False,,41.54576750000706,158.53616291700746,49.38862675000564,0.31152909116300637,105092,1723804
branch,count1089_last_8_split5_divide2_workers8,count1089,last,8,120,5,120;121;125;126;127,8,2,20261721,10001,10001,30,UNSAT,False,False,,25.91144191697822,167.04332749999594,49.38862675000564,0.2956635711774051,105092,1723804
branch,count1089_last_8_split5_divide2_workers8,count1089,last,8,120,5,120;121;125;126;127,8,2,20261721,00011,00011,31,UNSAT,False,False,,37.11126075001084,194.19435616699047,49.38862675000564,0.2543257575803885,105092,1723804
branch,count1089_last_8_split5_divide2_workers8,count1089,last,8,120,5,120;121;125;126;127,8,2,20261721,10100,10100,32,UNSAT,False,False,,38.36558899999363,196.3252569999895,49.38862675000564,0.2515653233043178,105092,1723804
branch,count1089_last_8_split5_divide2_workers8,count1089,last,8,120,5,120;121;125;126;127,8,2,20261721,00111,00111,21,SAT,True,True,000102030405060708090A0B0C0D0E0F,216.73692154098535,279.8090867919964,49.38862675000564,0.17650830184339228,105092,1723804
summary,count1089_last_8_split5_divide2_workers8,count1089,last,8,120,5,120;121;125;126;127,8,2,20261721,00111,00111,21,SAT_FOUND,True,True,000102030405060708090A0B0C0D0E0F,216.73692154098535,279.843357167003,49.38862675000564,0.17648668615897087,105092,1723804
branch,count1089_last_8_split5_divide3_workers8,count1089,last,8,120,5,121;124;125;126;127,8,3,20261722,10100,10100,3,UNSAT,False,False,,29.815160958998604,29.988233165990096,49.38862675000564,1.6469335314498519,105092,1723804
branch,count1089_last_8_split5_divide3_workers8,count1089,last,8,120,5,121;124;125;126;127,8,3,20261722,11011,11011,2,UNSAT,False,False,,30.82466091698734,30.92923804098973,49.38862675000564,1.5968264942237553,105092,1723804
branch,count1089_last_8_split5_divide3_workers8,count1089,last,8,120,5,121;124;125;126;127,8,3,20261722,01110,01110,6,UNSAT,False,False,,32.20405779100838,32.59927537498879,49.38862675000564,1.515022226165744,105092,1723804
branch,count1089_last_8_split5_divide3_workers8,count1089,last,8,120,5,121;124;125;126;127,8,3,20261722,01100,01100,1,UNSAT,False,False,,37.827237207995495,37.88706937499228,49.38862675000564,1.3035747436988376,105092,1723804
branch,count1089_last_8_split5_divide3_workers8,count1089,last,8,120,5,121;124;125;126;127,8,3,20261722,01101,01101,4,UNSAT,False,False,,41.90707625000505,42.15567958299653,49.38862675000564,1.1715770505554017,105092,1723804
branch,count1089_last_8_split5_divide3_workers8,count1089,last,8,120,5,121;124;125;126;127,8,3,20261722,10101,10101,8,UNSAT,False,False,,43.07466458302224,43.62675825000042,49.38862675000564,1.1320718919106296,105092,1723804
branch,count1089_last_8_split5_divide3_workers8,count1089,last,8,120,5,121;124;125;126;127,8,3,20261722,10010,10010,9,UNSAT,False,False,,34.55710054098745,64.67846799999825,49.38862675000564,0.7636022972901427,105092,1723804
branch,count1089_last_8_split5_divide3_workers8,count1089,last,8,120,5,121;124;125;126;127,8,3,20261722,10000,10000,11,UNSAT,False,False,,33.051327708002646,65.74814066599356,49.38862675000564,0.7511790637685754,105092,1723804
branch,count1089_last_8_split5_divide3_workers8,count1089,last,8,120,5,121;124;125;126;127,8,3,20261722,10001,10001,10,UNSAT,False,False,,35.022391250007786,66.07109779099119,49.38862675000564,0.747507282325492,105092,1723804
branch,count1089_last_8_split5_divide3_workers8,count1089,last,8,120,5,121;124;125;126;127,8,3,20261722,11111,11111,14,UNSAT,False,False,,25.303387291001854,69.04598066600738,49.38862675000564,0.7153005326828615,105092,1723804
branch,count1089_last_8_split5_divide3_workers8,count1089,last,8,120,5,121;124;125;126;127,8,3,20261722,11010,11010,12,UNSAT,False,False,,43.24033387500094,81.24060699998518,49.38862675000564,0.6079303020226653,105092,1723804
branch,count1089_last_8_split5_divide3_workers8,count1089,last,8,120,5,121;124;125;126;127,8,3,20261722,00011,00011,13,UNSAT,False,False,,40.35686800000258,82.62005929098814,49.38862675000564,0.5977800932829003,105092,1723804
branch,count1089_last_8_split5_divide3_workers8,count1089,last,8,120,5,121;124;125;126;127,8,3,20261722,01111,01111,5,SAT,True,True,000102030405060708090A0B0C0D0E0F,83.04486383398762,83.3719395409862,49.38862675000564,0.5923890822490205,105092,1723804
summary,count1089_last_8_split5_divide3_workers8,count1089,last,8,120,5,121;124;125;126;127,8,3,20261722,01111,01111,5,SAT_FOUND,True,True,000102030405060708090A0B0C0D0E0F,83.04486383398762,83.44844758298132,49.38862675000564,0.5918459621539812,105092,1723804
branch,count1089_last_10_split5_divide1_workers8,count1089,last,10,118,5,118;119;120;122;126,8,1,20261920,10100,10100,7,UNSAT,False,False,,40.17932137500611,40.65800808399217,30.555273958001635,0.7515192061273613,105092,1723802
branch,count1089_last_10_split5_divide1_workers8,count1089,last,10,118,5,118;119;120;122;126,8,1,20261920,01110,01110,5,UNSAT,False,False,,42.792349208000815,43.10381033399608,30.555273958001635,0.708876401442,105092,1723802
branch,count1089_last_10_split5_divide1_workers8,count1089,last,10,118,5,118;119;120;122;126,8,1,20261920,01010,01010,1,UNSAT,False,False,,50.45112329101539,50.508523625001544,30.555273958001635,0.6049528231087887,105092,1723802
branch,count1089_last_10_split5_divide1_workers8,count1089,last,10,118,5,118;119;120;122;126,8,1,20261920,01101,01101,6,UNSAT,False,False,,52.576457624993054,52.97079966700403,30.555273958001635,0.5768324086116219,105092,1723802
branch,count1089_last_10_split5_divide1_workers8,count1089,last,10,118,5,118;119;120;122;126,8,1,20261920,11101,11101,2,UNSAT,False,False,,59.723190082993824,59.85569424999994,30.555273958001635,0.5104823248792518,105092,1723802
branch,count1089_last_10_split5_divide1_workers8,count1089,last,10,118,5,118;119;120;122;126,8,1,20261920,11100,11100,8,UNSAT,False,False,,78.08571637500427,78.653036083997,30.555273958001635,0.3884818117557513,105092,1723802
branch,count1089_last_10_split5_divide1_workers8,count1089,last,10,118,5,118;119;120;122;126,8,1,20261920,00111,00111,9,UNSAT,False,False,,42.8156535839953,83.60015487499186,30.555273958001635,0.3654930305295635,105092,1723802
branch,count1089_last_10_split5_divide1_workers8,count1089,last,10,118,5,118;119;120;122;126,8,1,20261920,01111,01111,10,UNSAT,False,False,,43.84035841701552,87.06203699999605,30.555273958001635,0.3509597869620604,105092,1723802
branch,count1089_last_10_split5_divide1_workers8,count1089,last,10,118,5,118;119;120;122;126,8,1,20261920,11011,11011,11,UNSAT,False,False,,37.137158582976554,87.78084500000114,30.555273958001635,0.3480858945707488,105092,1723802
branch,count1089_last_10_split5_divide1_workers8,count1089,last,10,118,5,118;119;120;122;126,8,1,20261920,00100,00100,12,UNSAT,False,False,,41.567083790985635,94.66084562501055,30.555273958001635,0.32278682655174334,105092,1723802
branch,count1089_last_10_split5_divide1_workers8,count1089,last,10,118,5,118;119;120;122;126,8,1,20261920,00001,00001,13,UNSAT,False,False,,38.887092916993424,98.86562554200646,30.555273958001635,0.3090586216441748,105092,1723802
branch,count1089_last_10_split5_divide1_workers8,count1089,last,10,118,5,118;119;120;122;126,8,1,20261920,00010,00010,3,UNSAT,False,False,,112.41503458298394,112.59280933398986,30.555273958001635,0.27137855551116014,105092,1723802
branch,count1089_last_10_split5_divide1_workers8,count1089,last,10,118,5,118;119;120;122;126,8,1,20261920,11001,11001,17,UNSAT,False,False,,41.03997916699154,128.9365995840053,30.555273958001635,0.23697905836344116,105092,1723802
branch,count1089_last_10_split5_divide1_workers8,count1089,last,10,118,5,118;119;120;122;126,8,1,20261920,10011,10011,19,UNSAT,False,False,,42.86601412500022,141.84621179199894,30.555273958001635,0.21541127938479887,105092,1723802
branch,count1089_last_10_split5_divide1_workers8,count1089,last,10,118,5,118;119;120;122;126,8,1,20261920,01001,01001,16,UNSAT,False,False,,56.586326999997254,143.75906650000252,30.555273958001635,0.21254502204214787,105092,1723802
branch,count1089_last_10_split5_divide1_workers8,count1089,last,10,118,5,118;119;120;122;126,8,1,20261920,00011,00011,14,UNSAT,False,False,,75.5460406250204,154.33320395898772,30.555273958001635,0.1979825026254321,105092,1723802
branch,count1089_last_10_split5_divide1_workers8,count1089,last,10,118,5,118;119;120;122;126,8,1,20261920,10110,10110,20,UNSAT,False,False,,43.56062024997664,156.26362379200873,30.555273958001635,0.19553670404234041,105092,1723802
branch,count1089_last_10_split5_divide1_workers8,count1089,last,10,118,5,118;119;120;122;126,8,1,20261920,01100,01100,15,UNSAT,False,False,,85.02630500000669,168.74838462501066,30.555273958001635,0.18107002343104478,105092,1723802
branch,count1089_last_10_split5_divide1_workers8,count1089,last,10,118,5,118;119;120;122;126,8,1,20261920,10111,10111,21,UNSAT,False,False,,43.513333542010514,172.57094037500792,30.555273958001635,0.17705920760240995,105092,1723802
branch,count1089_last_10_split5_divide1_workers8,count1089,last,10,118,5,118;119;120;122;126,8,1,20261920,10000,10000,18,UNSAT,False,False,,79.49374220799655,174.2847697919933,30.555273958001635,0.17531809574909485,105092,1723802
branch,count1089_last_10_split5_divide1_workers8,count1089,last,10,118,5,118;119;120;122;126,8,1,20261920,01011,01011,22,UNSAT,False,False,,64.3093758749892,206.2741275000153,30.555273958001635,0.14812945437376468,105092,1723802
branch,count1089_last_10_split5_divide1_workers8,count1089,last,10,118,5,118;119;120;122;126,8,1,20261920,01000,01000,27,UNSAT,False,False,,35.86323929199716,208.5528069169959,30.555273958001635,0.14651096961817756,105092,1723802
branch,count1089_last_10_split5_divide1_workers8,count1089,last,10,118,5,118;119;120;122;126,8,1,20261920,11000,11000,25,UNSAT,False,False,,56.063174917013384,212.44479258399224,30.555273958001635,0.14382689067759236,105092,1723802
branch,count1089_last_10_split5_divide1_workers8,count1089,last,10,118,5,118;119;120;122;126,8,1,20261920,10010,10010,24,UNSAT,False,False,,59.105078666005284,213.56825087498873,30.555273958001635,0.14307030109960978,105092,1723802
branch,count1089_last_10_split5_divide1_workers8,count1089,last,10,118,5,118;119;120;122;126,8,1,20261920,00110,00110,26,UNSAT,False,False,,66.27885091598728,235.13860912498785,30.555273958001635,0.12994579695655165,105092,1723802
branch,count1089_last_10_split5_divide1_workers8,count1089,last,10,118,5,118;119;120;122;126,8,1,20261920,10001,10001,23,SAT,True,True,000102030405060708090A0B0C0D0E0F,96.07137912500184,239.93439891701564,30.555273958001635,0.1273484506428341,105092,1723802
summary,count1089_last_10_split5_divide1_workers8,count1089,last,10,118,5,118;119;120;122;126,8,1,20261920,10001,10001,23,SAT_FOUND,True,True,000102030405060708090A0B0C0D0E0F,96.07137912500184,240.03870150001603,30.555273958001635,0.12729311468134064,105092,1723802
branch,count1089_last_10_split5_divide2_workers8,count1089,last,10,118,5,120;121;122;125;126,8,2,20261921,10000,10000,4,UNSAT,False,False,,38.08971658299561,38.31842712502112,30.555273958001635,0.7974041799343505,105092,1723802
branch,count1089_last_10_split5_divide2_workers8,count1089,last,10,118,5,120;121;122;125;126,8,2,20261921,11000,11000,7,UNSAT,False,False,,43.60443058301462,44.06687512501958,30.555273958001635,0.6933841773739353,105092,1723802
branch,count1089_last_10_split5_divide2_workers8,count1089,last,10,118,5,120;121;122;125;126,8,2,20261921,01000,01000,6,UNSAT,False,False,,45.42026358397561,45.801746667013504,30.555273958001635,0.6671202777514945,105092,1723802
branch,count1089_last_10_split5_divide2_workers8,count1089,last,10,118,5,120;121;122;125;126,8,2,20261921,00011,00011,2,SAT,True,True,000102030405060708090A0B0C0D0E0F,47.93188166699838,48.05378550000023,30.555273958001635,0.6358557112634027,105092,1723802
summary,count1089_last_10_split5_divide2_workers8,count1089,last,10,118,5,120;121;122;125;126,8,2,20261921,00011,00011,2,SAT_FOUND,True,True,000102030405060708090A0B0C0D0E0F,47.93188166699838,48.156730667018564,30.555273958001635,0.634496435592299,105092,1723802
branch,count1089_last_10_split5_divide3_workers8,count1089,last,10,118,5,119;120;121;122;124,8,3,20261922,01011,01011,6,UNSAT,False,False,,43.49405729101272,43.92721808300121,30.555273958001635,0.6955886416541776,105092,1723802
branch,count1089_last_10_split5_divide3_workers8,count1089,last,10,118,5,119;120;121;122;124,8,3,20261922,11111,11111,5,UNSAT,False,False,,46.9311852910032,47.28005991599639,30.555273958001635,0.6462613205712919,105092,1723802
branch,count1089_last_10_split5_divide3_workers8,count1089,last,10,118,5,119;120;121;122;124,8,3,20261922,00000,00000,2,UNSAT,False,False,,49.1162721249857,49.234193415992195,30.555273958001635,0.620610836453283,105092,1723802
branch,count1089_last_10_split5_divide3_workers8,count1089,last,10,118,5,119;120;121;122;124,8,3,20261922,10011,10011,4,UNSAT,False,False,,53.278474499995355,53.55302875000052,30.555273958001635,0.5705610806933369,105092,1723802
branch,count1089_last_10_split5_divide3_workers8,count1089,last,10,118,5,119;120;121;122;124,8,3,20261922,00010,00010,1,UNSAT,False,False,,56.2764765000029,56.34202608297346,30.555273958001635,0.5423176282834355,105092,1723802
branch,count1089_last_10_split5_divide3_workers8,count1089,last,10,118,5,119;120;121;122;124,8,3,20261922,01001,01001,3,UNSAT,False,False,,64.5863669589744,64.79586795798969,30.555273958001635,0.4715620751899196,105092,1723802
branch,count1089_last_10_split5_divide3_workers8,count1089,last,10,118,5,119;120;121;122;124,8,3,20261922,01100,01100,7,UNSAT,False,False,,79.58302466699388,80.1105774579919,30.555273958001635,0.3814137274696853,105092,1723802
branch,count1089_last_10_split5_divide3_workers8,count1089,last,10,118,5,119;120;121;122;124,8,3,20261922,01101,01101,8,UNSAT,False,False,,83.7857359579939,84.41498545798822,30.555273958001635,0.36196504438431054,105092,1723802
branch,count1089_last_10_split5_divide3_workers8,count1089,last,10,118,5,119;120;121;122;124,8,3,20261922,10001,10001,11,UNSAT,False,False,,47.74572125001578,97.10219341597985,30.555273958001635,0.3146713053854995,105092,1723802
branch,count1089_last_10_split5_divide3_workers8,count1089,last,10,118,5,119;120;121;122;124,8,3,20261922,11101,11101,12,UNSAT,False,False,,44.012853790976806,97.68191387498518,30.555273958001635,0.31280380109164063,105092,1723802
branch,count1089_last_10_split5_divide3_workers8,count1089,last,10,118,5,119;120;121;122;124,8,3,20261922,00110,00110,10,UNSAT,False,False,,51.989669125003275,99.43240279098973,30.555273958001635,0.3072969484829795,105092,1723802
branch,count1089_last_10_split5_divide3_workers8,count1089,last,10,118,5,119;120;121;122;124,8,3,20261922,10101,10101,14,UNSAT,False,False,,45.469966917007696,110.3627109999943,30.555273958001635,0.27686229960410463,105092,1723802
branch,count1089_last_10_split5_divide3_workers8,count1089,last,10,118,5,119;120;121;122;124,8,3,20261922,00001,00001,9,SAT,True,True,000102030405060708090A0B0C0D0E0F,82.62658137499238,126.7125429159787,30.555273958001635,0.24113851127005168,105092,1723802
summary,count1089_last_10_split5_divide3_workers8,count1089,last,10,118,5,119;120;121;122;124,8,3,20261922,00001,00001,9,SAT_FOUND,True,True,000102030405060708090A0B0C0D0E0F,82.62658137499238,126.82251270799316,30.555273958001635,0.24092941628080397,105092,1723802
branch,count1089_last_12_split5_divide1_workers8,count1089,last,12,116,5,117;119;122;126;127,8,1,20262120,00110,00110,5,UNSAT,False,False,,47.4933735000086,47.8563081669854,38.51384825000423,0.8047810147748453,105092,1723800
branch,count1089_last_12_split5_divide1_workers8,count1089,last,12,116,5,117;119;122;126;127,8,1,20262120,11111,11111,3,UNSAT,False,False,,50.14610474999063,50.33406916700187,38.51384825000423,0.7651646069428703,105092,1723800
branch,count1089_last_12_split5_divide1_workers8,count1089,last,12,116,5,117;119;122;126;127,8,1,20262120,00101,00101,7,UNSAT,False,False,,51.485620749997906,52.02054704198963,38.51384825000423,0.7403583860607397,105092,1723800
branch,count1089_last_12_split5_divide1_workers8,count1089,last,12,116,5,117;119;122;126;127,8,1,20262120,01100,01100,1,UNSAT,False,False,,55.72561999998288,55.79144670799724,38.51384825000423,0.6903181495109643,105092,1723800
branch,count1089_last_12_split5_divide1_workers8,count1089,last,12,116,5,117;119;122;126;127,8,1,20262120,10000,10000,2,UNSAT,False,False,,59.10021470900392,59.22899487501127,38.51384825000423,0.6502532810370759,105092,1723800
branch,count1089_last_12_split5_divide1_workers8,count1089,last,12,116,5,117;119;122;126;127,8,1,20262120,00000,00000,4,UNSAT,False,False,,59.35262504100683,59.61299137500464,38.51384825000423,0.646064680896937,105092,1723800
branch,count1089_last_12_split5_divide1_workers8,count1089,last,12,116,5,117;119;122;126;127,8,1,20262120,10010,10010,8,UNSAT,False,False,,59.40402458401513,60.03510300000198,38.51384825000423,0.6415221483005195,105092,1723800
branch,count1089_last_12_split5_divide1_workers8,count1089,last,12,116,5,117;119;122;126;127,8,1,20262120,01001,01001,6,UNSAT,False,False,,73.31379708301392,73.75236487499205,38.51384825000423,0.522204926110288,105092,1723800
branch,count1089_last_12_split5_divide1_workers8,count1089,last,12,116,5,117;119;122;126;127,8,1,20262120,11101,11101,10,UNSAT,False,False,,60.23625724998419,110.70279962499626,38.51384825000423,0.347903109772013,105092,1723800
branch,count1089_last_12_split5_divide1_workers8,count1089,last,12,116,5,117;119;122;126;127,8,1,20262120,11000,11000,13,UNSAT,False,False,,59.000530666002305,118.35057754200534,38.51384825000423,0.3254217178309483,105092,1723800
branch,count1089_last_12_split5_divide1_workers8,count1089,last,12,116,5,117;119;122;126;127,8,1,20262120,00100,00100,11,UNSAT,False,False,,67.8582393329998,119.99044670799049,38.51384825000423,0.32097428842590925,105092,1723800
branch,count1089_last_12_split5_divide1_workers8,count1089,last,12,116,5,117;119;122;126;127,8,1,20262120,00111,00111,15,UNSAT,False,False,,59.9730022920121,120.15317654199316,38.51384825000423,0.3205395758849851,105092,1723800
branch,count1089_last_12_split5_divide1_workers8,count1089,last,12,116,5,117;119;122;126;127,8,1,20262120,10100,10100,9,UNSAT,False,False,,72.28064062498743,120.29048120800871,38.51384825000423,0.32017369839435017,105092,1723800
branch,count1089_last_12_split5_divide1_workers8,count1089,last,12,116,5,117;119;122;126;127,8,1,20262120,10011,10011,12,SAT,True,True,000102030405060708090A0B0C0D0E0F,67.31720716698328,123.23732433299301,38.51384825000423,0.3125177251166052,105092,1723800
summary,count1089_last_12_split5_divide1_workers8,count1089,last,12,116,5,117;119;122;126;127,8,1,20262120,10011,10011,12,SAT_FOUND,True,True,000102030405060708090A0B0C0D0E0F,67.31720716698328,123.32999604198267,38.51384825000423,0.31228289537035064,105092,1723800
branch,count1089_last_12_split5_divide2_workers8,count1089,last,12,116,5,116;117;119;121;126,8,2,20262121,00011,00011,2,UNSAT,False,False,,47.8941794160055,47.99573654201231,38.51384825000423,0.8024431131771828,105092,1723800
branch,count1089_last_12_split5_divide2_workers8,count1089,last,12,116,5,116;117;119;121;126,8,2,20262121,00101,00101,6,UNSAT,False,False,,51.60818975002621,51.993717167002615,38.51384825000423,0.7407404268923232,105092,1723800
branch,count1089_last_12_split5_divide2_workers8,count1089,last,12,116,5,116;117;119;121;126,8,2,20262121,10111,10111,5,UNSAT,False,False,,58.87866312501137,59.187435125000775,38.51384825000423,0.6507098705775135,105092,1723800
branch,count1089_last_12_split5_divide2_workers8,count1089,last,12,116,5,116;117;119;121;126,8,2,20262121,01110,01110,1,UNSAT,False,False,,60.652352957986295,60.72357025000383,38.51384825000423,0.6342487454449667,105092,1723800
branch,count1089_last_12_split5_divide2_workers8,count1089,last,12,116,5,116;117;119;121;126,8,2,20262121,11101,11101,3,UNSAT,False,False,,60.61898466700222,60.795204624999315,38.51384825000423,0.6335014165601991,105092,1723800
branch,count1089_last_12_split5_divide2_workers8,count1089,last,12,116,5,116;117;119;121;126,8,2,20262121,01000,01000,8,UNSAT,False,False,,63.13298120800755,63.702412125014234,38.51384825000423,0.6045901083686103,105092,1723800
branch,count1089_last_12_split5_divide2_workers8,count1089,last,12,116,5,116;117;119;121;126,8,2,20262121,01010,01010,7,UNSAT,False,False,,76.86885324999457,77.35287075000815,38.51384825000423,0.4978981112992522,105092,1723800
branch,count1089_last_12_split5_divide2_workers8,count1089,last,12,116,5,116;117;119;121;126,8,2,20262121,01111,01111,4,UNSAT,False,False,,77.40559845798998,77.64681075001135,38.51384825000423,0.4960132667135797,105092,1723800
branch,count1089_last_12_split5_divide2_workers8,count1089,last,12,116,5,116;117;119;121;126,8,2,20262121,01100,01100,9,UNSAT,False,False,,53.81864866698743,101.97249762501451,38.51384825000423,0.37768858414777645,105092,1723800
branch,count1089_last_12_split5_divide2_workers8,count1089,last,12,116,5,116;117;119;121;126,8,2,20262121,10000,10000,13,UNSAT,False,False,,53.686684125015745,114.6273153340153,38.51384825000423,0.33599188934834423,105092,1723800
branch,count1089_last_12_split5_divide2_workers8,count1089,last,12,116,5,116;117;119;121;126,8,2,20262121,00001,00001,14,UNSAT,False,False,,53.50401137501467,117.32922541702283,38.51384825000423,0.328254517262128,105092,1723800
branch,count1089_last_12_split5_divide2_workers8,count1089,last,12,116,5,116;117;119;121;126,8,2,20262121,11111,11111,15,UNSAT,False,False,,42.3465759169776,119.88265433401102,38.51384825000423,0.321262892150343,105092,1723800
branch,count1089_last_12_split5_divide2_workers8,count1089,last,12,116,5,116;117;119;121;126,8,2,20262121,00110,00110,11,UNSAT,False,False,,61.90032424998935,121.26219470900833,38.51384825000423,0.3176080421637224,105092,1723800
branch,count1089_last_12_split5_divide2_workers8,count1089,last,12,116,5,116;117;119;121;126,8,2,20262121,10100,10100,12,UNSAT,False,False,,65.4027367089875,126.24611433400423,38.51384825000423,0.3050695734532447,105092,1723800
branch,count1089_last_12_split5_divide2_workers8,count1089,last,12,116,5,116;117;119;121;126,8,2,20262121,01001,01001,16,UNSAT,False,False,,53.94900316701387,131.7721515840094,38.51384825000423,0.2922760825184697,105092,1723800
branch,count1089_last_12_split5_divide2_workers8,count1089,last,12,116,5,116;117;119;121;126,8,2,20262121,10011,10011,10,UNSAT,False,False,,103.88151091698091,155.99641566700302,38.51384825000423,0.24688931527899735,105092,1723800
branch,count1089_last_12_split5_divide2_workers8,count1089,last,12,116,5,116;117;119;121;126,8,2,20262121,11010,11010,19,UNSAT,False,False,,49.53962116598268,166.9787422500085,38.51384825000423,0.23065120584235488,105092,1723800
branch,count1089_last_12_split5_divide2_workers8,count1089,last,12,116,5,116;117;119;121;126,8,2,20262121,00000,00000,20,UNSAT,False,False,,49.586651457997505,169.58913329200004,38.51384825000423,0.22710092033839663,105092,1723800
branch,count1089_last_12_split5_divide2_workers8,count1089,last,12,116,5,116;117;119;121;126,8,2,20262121,11100,11100,21,UNSAT,False,False,,50.47240554197924,171.85618008402525,38.51384825000423,0.2241051106289791,105092,1723800
branch,count1089_last_12_split5_divide2_workers8,count1089,last,12,116,5,116;117;119;121;126,8,2,20262121,11011,11011,18,UNSAT,False,False,,58.23820024999441,172.98253508401103,38.51384825000423,0.22264587711874798,105092,1723800
branch,count1089_last_12_split5_divide2_workers8,count1089,last,12,116,5,116;117;119;121;126,8,2,20262121,11001,11001,22,SAT,True,True,000102030405060708090A0B0C0D0E0F,64.32710012499592,190.70774254199932,38.51384825000423,0.20195220045417073,105092,1723800
summary,count1089_last_12_split5_divide2_workers8,count1089,last,12,116,5,116;117;119;121;126,8,2,20262121,11001,11001,22,SAT_FOUND,True,True,000102030405060708090A0B0C0D0E0F,64.32710012499592,190.86067645900766,38.51384825000423,0.20179037905839178,105092,1723800
branch,count1089_last_12_split5_divide3_workers8,count1089,last,12,116,5,116;117;123;124;126,8,3,20262122,11010,11010,6,UNSAT,False,False,,45.20687545801047,45.63217450000229,38.51384825000423,0.844006420294573,105092,1723800
branch,count1089_last_12_split5_divide3_workers8,count1089,last,12,116,5,116;117;123;124;126,8,3,20262122,01010,01010,4,UNSAT,False,False,,50.80018558399752,51.064713916013716,38.51384825000423,0.7542164695830484,105092,1723800
branch,count1089_last_12_split5_divide3_workers8,count1089,last,12,116,5,116;117;123;124;126,8,3,20262122,10010,10010,1,UNSAT,False,False,,56.903326542000286,56.97590479100472,38.51384825000423,0.6759672951448196,105092,1723800
branch,count1089_last_12_split5_divide3_workers8,count1089,last,12,116,5,116;117;123;124;126,8,3,20262122,01100,01100,7,UNSAT,False,False,,59.528068833984435,60.07846616601455,38.51384825000423,0.6410591133198889,105092,1723800
branch,count1089_last_12_split5_divide3_workers8,count1089,last,12,116,5,116;117;123;124;126,8,3,20262122,11100,11100,8,UNSAT,False,False,,60.511728625016985,61.17033670801902,38.51384825000423,0.629616417412254,105092,1723800
branch,count1089_last_12_split5_divide3_workers8,count1089,last,12,116,5,116;117;123;124;126,8,3,20262122,01001,01001,2,UNSAT,False,False,,71.14069729100447,71.27985583301052,38.51384825000423,0.5403188292107631,105092,1723800
branch,count1089_last_12_split5_divide3_workers8,count1089,last,12,116,5,116;117;123;124;126,8,3,20262122,01111,01111,3,UNSAT,False,False,,73.58465341699775,73.79340729099931,38.51384825000423,0.5219144861833994,105092,1723800
branch,count1089_last_12_split5_divide3_workers8,count1089,last,12,116,5,116;117;123;124;126,8,3,20262122,00100,00100,5,UNSAT,False,False,,85.03154333299608,85.3952338330273,38.51384825000423,0.4510070002889164,105092,1723800
branch,count1089_last_12_split5_divide3_workers8,count1089,last,12,116,5,116;117;123;124;126,8,3,20262122,00000,00000,10,UNSAT,False,False,,58.29551637501572,109.4856995830196,38.51384825000423,0.3517705818813386,105092,1723800
branch,count1089_last_12_split5_divide3_workers8,count1089,last,12,116,5,116;117;123;124;126,8,3,20262122,01101,01101,9,UNSAT,False,False,,64.43822224999894,110.21574741601944,38.51384825000423,0.34944052145860954,105092,1723800
branch,count1089_last_12_split5_divide3_workers8,count1089,last,12,116,5,116;117;123;124;126,8,3,20262122,00011,00011,12,UNSAT,False,False,,51.654667625,111.88146754101035,38.51384825000423,0.34423796091061204,105092,1723800
branch,count1089_last_12_split5_divide3_workers8,count1089,last,12,116,5,116;117;123;124;126,8,3,20262122,00101,00101,11,UNSAT,False,False,,55.043234250013484,112.16508820801391,38.51384825000423,0.3433675207260481,105092,1723800
branch,count1089_last_12_split5_divide3_workers8,count1089,last,12,116,5,116;117;123;124;126,8,3,20262122,10000,10000,14,UNSAT,False,False,,58.141073000006145,129.56981595800607,38.51384825000423,0.2972439836025288,105092,1723800
branch,count1089_last_12_split5_divide3_workers8,count1089,last,12,116,5,116;117;123;124;126,8,3,20262122,11101,11101,13,UNSAT,False,False,,83.70446325000376,144.99981100001605,38.51384825000423,0.2656130927646517,105092,1723800
branch,count1089_last_12_split5_divide3_workers8,count1089,last,12,116,5,116;117;123;124;126,8,3,20262122,11011,11011,15,SAT,True,True,000102030405060708090A0B0C0D0E0F,77.91539974999614,151.8509482910158,38.51384825000423,0.2536292903235224,105092,1723800
summary,count1089_last_12_split5_divide3_workers8,count1089,last,12,116,5,116;117;123;124;126,8,3,20262122,11011,11011,15,SAT_FOUND,True,True,000102030405060708090A0B0C0D0E0F,77.91539974999614,151.993232791021,38.51384825000423,0.2533918618795207,105092,1723800
branch,count1089_last_14_split5_divide1_workers8,count1089,last,14,114,5,115;119;120;121;124,8,1,20262320,01100,01100,4,UNSAT,False,False,,57.80199033298413,58.076638208003715,102.18841354199685,1.7595442280251332,105092,1723798
branch,count1089_last_14_split5_divide1_workers8,count1089,last,14,114,5,115;119;120;121;124,8,1,20262320,01110,01110,8,UNSAT,False,False,,68.79589104102342,69.48217487501097,102.18841354199685,1.470714089272824,105092,1723798
branch,count1089_last_14_split5_divide1_workers8,count1089,last,14,114,5,115;119;120;121;124,8,1,20262320,11101,11101,7,UNSAT,False,False,,71.23225900001125,71.78274233301636,102.18841354199685,1.4235791252989711,105092,1723798
branch,count1089_last_14_split5_divide1_workers8,count1089,last,14,114,5,115;119;120;121;124,8,1,20262320,00001,00001,2,SAT,True,True,000102030405060708090A0B0C0D0E0F,75.4305533329898,75.5861541670165,102.18841354199685,1.3519461952806797,105092,1723798
summary,count1089_last_14_split5_divide1_workers8,count1089,last,14,114,5,115;119;120;121;124,8,1,20262320,00001,00001,2,SAT_FOUND,True,True,000102030405060708090A0B0C0D0E0F,75.4305533329898,75.71619129201281,102.18841354199685,1.349624324708691,105092,1723798
branch,count1089_last_14_split5_divide2_workers8,count1089,last,14,114,5,115;119;120;124;127,8,2,20262321,10111,10111,3,UNSAT,False,False,,56.8459885410266,57.022734500002116,102.18841354199685,1.7920644184819488,105092,1723798
branch,count1089_last_14_split5_divide2_workers8,count1089,last,14,114,5,115;119;120;124;127,8,2,20262321,01110,01110,6,UNSAT,False,False,,61.79494154200074,62.2291898340045,102.18841354199685,1.642129904223131,105092,1723798
branch,count1089_last_14_split5_divide2_workers8,count1089,last,14,114,5,115;119;120;124;127,8,2,20262321,01011,01011,4,UNSAT,False,False,,62.45187304200954,62.71620824999991,102.18841354199685,1.6293780570192076,105092,1723798
branch,count1089_last_14_split5_divide2_workers8,count1089,last,14,114,5,115;119;120;124;127,8,2,20262321,01101,01101,1,UNSAT,False,False,,65.23242904199287,65.28694266700768,102.18841354199685,1.5652197724007848,105092,1723798
branch,count1089_last_14_split5_divide2_workers8,count1089,last,14,114,5,115;119;120;124;127,8,2,20262321,11101,11101,5,UNSAT,False,False,,65.9749225419946,66.32918816700112,102.18841354199685,1.5406251209454083,105092,1723798
branch,count1089_last_14_split5_divide2_workers8,count1089,last,14,114,5,115;119;120;124;127,8,2,20262321,01111,01111,2,UNSAT,False,False,,67.46533345797798,67.57105941697955,102.18841354199685,1.5123103651726748,105092,1723798
branch,count1089_last_14_split5_divide2_workers8,count1089,last,14,114,5,115;119;120;124;127,8,2,20262321,00110,00110,7,UNSAT,False,False,,70.07977066599415,70.62805083399871,102.18841354199685,1.4468530893224893,105092,1723798
branch,count1089_last_14_split5_divide2_workers8,count1089,last,14,114,5,115;119;120;124;127,8,2,20262321,00010,00010,8,UNSAT,False,False,,71.15978875002475,71.810616458999,102.18841354199685,1.4230265465043372,105092,1723798
branch,count1089_last_14_split5_divide2_workers8,count1089,last,14,114,5,115;119;120;124;127,8,2,20262321,10000,10000,9,UNSAT,False,False,,69.81097087499802,126.95735283399699,102.18841354199685,0.8049034676677077,105092,1723798
branch,count1089_last_14_split5_divide2_workers8,count1089,last,14,114,5,115;119;120;124;127,8,2,20262321,11000,11000,11,UNSAT,False,False,,64.4960161659983,127.34276766699622,102.18841354199685,0.8024673518108347,105092,1723798
branch,count1089_last_14_split5_divide2_workers8,count1089,last,14,114,5,115;119;120;124;127,8,2,20262321,11011,11011,10,UNSAT,False,False,,65.28504666601657,127.65083545900416,102.18841354199685,0.8005307068657243,105092,1723798
branch,count1089_last_14_split5_divide2_workers8,count1089,last,14,114,5,115;119;120;124;127,8,2,20262321,01001,01001,14,UNSAT,False,False,,62.78910004199133,130.47959408399765,102.18841354199685,0.783175440262421,105092,1723798
branch,count1089_last_14_split5_divide2_workers8,count1089,last,14,114,5,115;119;120;124;127,8,2,20262321,01100,01100,12,UNSAT,False,False,,67.61875716701616,133.01968316698913,102.18841354199685,0.7682202446213349,105092,1723798
branch,count1089_last_14_split5_divide2_workers8,count1089,last,14,114,5,115;119;120;124;127,8,2,20262321,01000,01000,13,UNSAT,False,False,,70.8294014169951,137.29351291700732,102.18841354199685,0.7443062047932943,105092,1723798
branch,count1089_last_14_split5_divide2_workers8,count1089,last,14,114,5,115;119;120;124;127,8,2,20262321,11100,11100,15,UNSAT,False,False,,67.2134838750062,137.97332379198633,102.18841354199685,0.7406389201441568,105092,1723798
branch,count1089_last_14_split5_divide2_workers8,count1089,last,14,114,5,115;119;120;124;127,8,2,20262321,00011,00011,16,SAT,True,True,000102030405060708090A0B0C0D0E0F,86.79531250000582,158.75765991699882,102.18841354199685,0.6436754837242038,105092,1723798
summary,count1089_last_14_split5_divide2_workers8,count1089,last,14,114,5,115;119;120;124;127,8,2,20262321,00011,00011,16,SAT_FOUND,True,True,000102030405060708090A0B0C0D0E0F,86.79531250000582,158.89990304198,102.18841354199685,0.6430992819108238,105092,1723798
branch,count1089_last_14_split5_divide3_workers8,count1089,last,14,114,5,116;120;122;123;124,8,3,20262322,10101,10101,2,UNSAT,False,False,,59.840006499987794,59.97326754100504,102.18841354199685,1.7038993827062763,105092,1723798
branch,count1089_last_14_split5_divide3_workers8,count1089,last,14,114,5,116;120;122;123;124,8,3,20262322,01110,01110,1,UNSAT,False,False,,62.640087207983015,62.71047933300724,102.18841354199685,1.6295269088815696,105092,1723798
branch,count1089_last_14_split5_divide3_workers8,count1089,last,14,114,5,116;120;122;123;124,8,3,20262322,10100,10100,4,UNSAT,False,False,,63.29399141698377,63.57353995798621,102.18841354199685,1.6074048040982147,105092,1723798
branch,count1089_last_14_split5_divide3_workers8,count1089,last,14,114,5,116;120;122;123;124,8,3,20262322,01000,01000,3,UNSAT,False,False,,67.19276479200926,67.40871937500197,102.18841354199685,1.5159524537695444,105092,1723798
branch,count1089_last_14_split5_divide3_workers8,count1089,last,14,114,5,116;120;122;123;124,8,3,20262322,00010,00010,7,UNSAT,False,False,,67.26673995898454,67.83456029099762,102.18841354199685,1.5064358507466933,105092,1723798
branch,count1089_last_14_split5_divide3_workers8,count1089,last,14,114,5,116;120;122;123;124,8,3,20262322,00000,00000,5,UNSAT,False,False,,73.70012504199985,74.06346425000811,102.18841354199685,1.379741206771673,105092,1723798
branch,count1089_last_14_split5_divide3_workers8,count1089,last,14,114,5,116;120;122;123;124,8,3,20262322,10000,10000,6,UNSAT,False,False,,74.90234104197589,75.3735358749982,102.18841354199685,1.3557598480117647,105092,1723798
branch,count1089_last_14_split5_divide3_workers8,count1089,last,14,114,5,116;120;122;123;124,8,3,20262322,01100,01100,8,UNSAT,False,False,,112.44861395898624,113.1250965409854,102.18841354199685,0.9033222217403707,105092,1723798
branch,count1089_last_14_split5_divide3_workers8,count1089,last,14,114,5,116;120;122;123;124,8,3,20262322,01111,01111,9,UNSAT,False,False,,60.882397874986054,121.00767937500495,102.18841354199685,0.844478747710822,105092,1723798
branch,count1089_last_14_split5_divide3_workers8,count1089,last,14,114,5,116;120;122;123;124,8,3,20262322,11111,11111,10,UNSAT,False,False,,64.04392537497915,126.88990695800749,102.18841354199685,0.8053312985390929,105092,1723798
branch,count1089_last_14_split5_divide3_workers8,count1089,last,14,114,5,116;120;122;123;124,8,3,20262322,11010,11010,12,UNSAT,False,False,,64.79105133298435,132.33305079099955,102.18841354199685,0.7722062850601723,105092,1723798
branch,count1089_last_14_split5_divide3_workers8,count1089,last,14,114,5,116;120;122;123;124,8,3,20262322,00101,00101,13,UNSAT,False,False,,65.74915033299476,133.7450173329853,102.18841354199685,0.7640539855595375,105092,1723798
branch,count1089_last_14_split5_divide3_workers8,count1089,last,14,114,5,116;120;122;123;124,8,3,20262322,00001,00001,14,UNSAT,False,False,,65.14604875000077,139.34771754100802,102.18841354199685,0.733333960148463,105092,1723798
branch,count1089_last_14_split5_divide3_workers8,count1089,last,14,114,5,116;120;122;123;124,8,3,20262322,11100,11100,15,UNSAT,False,False,,79.79910725000082,155.31610983298742,102.18841354199685,0.6579382760222414,105092,1723798
branch,count1089_last_14_split5_divide3_workers8,count1089,last,14,114,5,116;120;122;123;124,8,3,20262322,00011,00011,11,UNSAT,False,False,,110.54541404100019,174.27515229099663,102.18841354199685,0.5863624974567077,105092,1723798
branch,count1089_last_14_split5_divide3_workers8,count1089,last,14,114,5,116;120;122;123;124,8,3,20262322,10011,10011,17,UNSAT,False,False,,57.742260208004154,178.8724094160134,102.18841354199685,0.571292206973808,105092,1723798
branch,count1089_last_14_split5_divide3_workers8,count1089,last,14,114,5,116;120;122;123;124,8,3,20262322,01011,01011,16,UNSAT,False,False,,67.73182629200164,181.0084749580128,102.18841354199685,0.5645504364682412,105092,1723798
branch,count1089_last_14_split5_divide3_workers8,count1089,last,14,114,5,116;120;122;123;124,8,3,20262322,00100,00100,18,UNSAT,False,False,,67.04284908401314,194.0712871660071,102.18841354199685,0.5265509135031688,105092,1723798
branch,count1089_last_14_split5_divide3_workers8,count1089,last,14,114,5,116;120;122;123;124,8,3,20262322,10111,10111,20,UNSAT,False,False,,68.84228583300137,202.71507366601145,102.18841354199685,0.5040987416178042,105092,1723798
branch,count1089_last_14_split5_divide3_workers8,count1089,last,14,114,5,116;120;122;123;124,8,3,20262322,10110,10110,19,UNSAT,False,False,,74.65011137499823,207.10417991600116,102.18841354199685,0.49341550510203697,105092,1723798
branch,count1089_last_14_split5_divide3_workers8,count1089,last,14,114,5,116;120;122;123;124,8,3,20262322,11000,11000,21,UNSAT,False,False,,81.69559858299908,221.172241207998,102.18841354199685,0.46203091755034187,105092,1723798
branch,count1089_last_14_split5_divide3_workers8,count1089,last,14,114,5,116;120;122;123;124,8,3,20262322,00110,00110,22,UNSAT,False,False,,75.36692925001262,230.8154531249893,102.18841354199685,0.4427277816908585,105092,1723798
branch,count1089_last_14_split5_divide3_workers8,count1089,last,14,114,5,116;120;122;123;124,8,3,20262322,10010,10010,24,UNSAT,False,False,,63.99996583399479,243.00939650001237,102.18841354199685,0.420512190120153,105092,1723798
branch,count1089_last_14_split5_divide3_workers8,count1089,last,14,114,5,116;120;122;123;124,8,3,20262322,01101,01101,25,UNSAT,False,False,,64.12071045898483,245.257744750008,102.18841354199685,0.4166572339893194,105092,1723798
branch,count1089_last_14_split5_divide3_workers8,count1089,last,14,114,5,116;120;122;123;124,8,3,20262322,00111,00111,26,UNSAT,False,False,,54.013095041998895,248.21151195801212,102.18841354199685,0.41169892861086643,105092,1723798
branch,count1089_last_14_split5_divide3_workers8,count1089,last,14,114,5,116;120;122;123;124,8,3,20262322,01001,01001,23,UNSAT,False,False,,79.58959475002484,254.00344966599368,102.18841354199685,0.402311124814924,105092,1723798
branch,count1089_last_14_split5_divide3_workers8,count1089,last,14,114,5,116;120;122;123;124,8,3,20262322,11001,11001,27,UNSAT,False,False,,75.01011979201576,277.8383445829968,102.18841354199685,0.3677980938713475,105092,1723798
branch,count1089_last_14_split5_divide3_workers8,count1089,last,14,114,5,116;120;122;123;124,8,3,20262322,11101,11101,29,UNSAT,False,False,,65.08098541601794,286.359668124991,102.18841354199685,0.35685337328088185,105092,1723798
branch,count1089_last_14_split5_divide3_workers8,count1089,last,14,114,5,116;120;122;123;124,8,3,20262322,11011,11011,28,UNSAT,False,False,,87.62480304198107,294.83856062500854,102.18841354199685,0.34659107453711097,105092,1723798
branch,count1089_last_14_split5_divide3_workers8,count1089,last,14,114,5,116;120;122;123;124,8,3,20262322,11110,11110,30,UNSAT,False,False,,64.9172697920003,295.84124224999687,102.18841354199685,0.345416388752329,105092,1723798
checkpoint,count1089_last_14_split5_divide3_workers8,count1089,last,14,114,5,116;120;122;123;124,8,3,20262322,,,,RUNNING,False,False,,0.0,300.85293362499215,102.18841354199685,0.33966234701694115,105092,1723798
branch,count1089_last_14_split5_divide3_workers8,count1089,last,14,114,5,116;120;122;123;124,8,3,20262322,10001,10001,31,SAT,True,True,000102030405060708090A0B0C0D0E0F,59.44148249999853,302.54248199998983,102.18841354199685,0.33776550276995576,105092,1723798
summary,count1089_last_14_split5_divide3_workers8,count1089,last,14,114,5,116;120;122;123;124,8,3,20262322,10001,10001,31,SAT_FOUND,True,True,000102030405060708090A0B0C0D0E0F,59.44148249999853,302.55512537498726,102.18841354199685,0.3377513880002673,105092,1723798
branch,count1089_last_16_split5_divide1_workers8,count1089,last,16,112,5,112;117;120;121;122,8,1,20262520,11001,11001,2,UNSAT,False,False,,65.46754620797583,65.61055574999773,274.8117494999897,4.188529518742861,105092,1723796
branch,count1089_last_16_split5_divide1_workers8,count1089,last,16,112,5,112;117;120;121;122,8,1,20262520,01010,01010,5,UNSAT,False,False,,69.55894195800647,69.94695933401817,274.8117494999897,3.9288591257795686,105092,1723796
branch,count1089_last_16_split5_divide1_workers8,count1089,last,16,112,5,112;117;120;121;122,8,1,20262520,11101,11101,8,UNSAT,False,False,,69.3114090829913,70.04360641702078,274.8117494999897,3.92343803464137,105092,1723796
branch,count1089_last_16_split5_divide1_workers8,count1089,last,16,112,5,112;117;120;121;122,8,1,20262520,00101,00101,3,UNSAT,False,False,,81.05450341699179,81.27917433402035,274.8117494999897,3.381084413710192,105092,1723796
branch,count1089_last_16_split5_divide1_workers8,count1089,last,16,112,5,112;117;120;121;122,8,1,20262520,10000,10000,7,UNSAT,False,False,,88.37995866700658,88.97904366700095,274.8117494999897,3.088499698068875,105092,1723796
branch,count1089_last_16_split5_divide1_workers8,count1089,last,16,112,5,112;117;120;121;122,8,1,20262520,01111,01111,1,UNSAT,False,False,,90.11867649998749,90.19992645899765,274.8117494999897,3.0466959374397202,105092,1723796
branch,count1089_last_16_split5_divide1_workers8,count1089,last,16,112,5,112;117;120;121;122,8,1,20262520,11100,11100,6,UNSAT,False,False,,100.05764504199033,100.55121687499923,274.8117494999897,2.7330524487000822,105092,1723796
branch,count1089_last_16_split5_divide1_workers8,count1089,last,16,112,5,112;117;120;121;122,8,1,20262520,10011,10011,4,UNSAT,False,False,,101.9425683330046,102.24517383400234,274.8117494999897,2.6877723338429016,105092,1723796
branch,count1089_last_16_split5_divide1_workers8,count1089,last,16,112,5,112;117;120;121;122,8,1,20262520,10001,10001,11,UNSAT,False,False,,75.56157358302153,145.7553835840081,274.8117494999897,1.885431211819344,105092,1723796
branch,count1089_last_16_split5_divide1_workers8,count1089,last,16,112,5,112;117;120;121;122,8,1,20262520,00111,00111,10,UNSAT,False,False,,79.5620549999876,149.6551352920069,274.8117494999897,1.8363001641325396,105092,1723796
branch,count1089_last_16_split5_divide1_workers8,count1089,last,16,112,5,112;117;120;121;122,8,1,20262520,00010,00010,9,UNSAT,False,False,,84.89622212498216,150.67848912501358,274.8117494999897,1.8238286771775785,105092,1723796
branch,count1089_last_16_split5_divide1_workers8,count1089,last,16,112,5,112;117;120;121;122,8,1,20262520,11000,11000,12,UNSAT,False,False,,82.64024054200854,164.0631085000059,274.8117494999897,1.6750368319394593,105092,1723796
branch,count1089_last_16_split5_divide1_workers8,count1089,last,16,112,5,112;117;120;121;122,8,1,20262520,00110,00110,13,UNSAT,False,False,,77.18534050000017,166.30815245900885,274.8117494999897,1.6524250040461754,105092,1723796
branch,count1089_last_16_split5_divide1_workers8,count1089,last,16,112,5,112;117;120;121;122,8,1,20262520,00100,00100,14,UNSAT,False,False,,76.20856366600492,166.53401933400892,274.8117494999897,1.650183851918049,105092,1723796
branch,count1089_last_16_split5_divide1_workers8,count1089,last,16,112,5,112;117;120;121;122,8,1,20262520,10111,10111,15,UNSAT,False,False,,72.21025512501365,172.91139029202168,274.8117494999897,1.5893212647002226,105092,1723796
branch,count1089_last_16_split5_divide1_workers8,count1089,last,16,112,5,112;117;120;121;122,8,1,20262520,00011,00011,16,UNSAT,False,False,,80.32773512499989,182.7101197919983,274.8117494999897,1.5040860890072325,105092,1723796
branch,count1089_last_16_split5_divide1_workers8,count1089,last,16,112,5,112;117;120;121;122,8,1,20262520,11010,11010,19,UNSAT,False,False,,73.14772941698902,223.95187791701755,274.8117494999897,1.2271017865803187,105092,1723796
branch,count1089_last_16_split5_divide1_workers8,count1089,last,16,112,5,112;117;120;121;122,8,1,20262520,00000,00000,17,UNSAT,False,False,,92.5537365830096,238.43183704200783,274.8117494999897,1.1525799277030788,105092,1723796
branch,count1089_last_16_split5_divide1_workers8,count1089,last,16,112,5,112;117;120;121;122,8,1,20262520,01100,01100,21,UNSAT,False,False,,78.53581925001345,244.96401966700796,274.8117494999897,1.1218453627334954,105092,1723796
branch,count1089_last_16_split5_divide1_workers8,count1089,last,16,112,5,112;117;120;121;122,8,1,20262520,11111,11111,24,UNSAT,False,False,,70.1534001660184,252.98988966702018,274.8117494999897,1.086255857345489,105092,1723796
branch,count1089_last_16_split5_divide1_workers8,count1089,last,16,112,5,112;117;120;121;122,8,1,20262520,01000,01000,18,SAT,True,True,000102030405060708090A0B0C0D0E0F,112.20565875002649,261.9967177090002,274.8117494999897,1.048912947853122,105092,1723796
summary,count1089_last_16_split5_divide1_workers8,count1089,last,16,112,5,112;117;120;121;122,8,1,20262520,01000,01000,18,SAT_FOUND,True,True,000102030405060708090A0B0C0D0E0F,112.20565875002649,262.14498883401393,274.8117494999897,1.0483196750100614,105092,1723796
branch,count1089_last_16_split5_divide2_workers8,count1089,last,16,112,5,112;116;117;118;122,8,2,20262521,00011,00011,5,UNSAT,False,False,,67.89572145798593,68.25173458401696,274.8117494999897,4.026443447553705,105092,1723796
branch,count1089_last_16_split5_divide2_workers8,count1089,last,16,112,5,112;116;117;118;122,8,2,20262521,00001,00001,7,UNSAT,False,False,,70.26197329201386,70.81561004201649,274.8117494999897,3.880666273113198,105092,1723796
branch,count1089_last_16_split5_divide2_workers8,count1089,last,16,112,5,112;116;117;118;122,8,2,20262521,00010,00010,4,UNSAT,False,False,,73.45646908401977,73.7427037920279,274.8117494999897,3.726629691732279,105092,1723796
branch,count1089_last_16_split5_divide2_workers8,count1089,last,16,112,5,112;116;117;118;122,8,2,20262521,10000,10000,2,UNSAT,False,False,,73.71924941698671,73.86574637502781,274.8117494999897,3.720422022201305,105092,1723796
branch,count1089_last_16_split5_divide2_workers8,count1089,last,16,112,5,112;116;117;118;122,8,2,20262521,11110,11110,6,UNSAT,False,False,,76.63324066699715,77.09473929202068,274.8117494999897,3.5645979482342285,105092,1723796
branch,count1089_last_16_split5_divide2_workers8,count1089,last,16,112,5,112;116;117;118;122,8,2,20262521,00110,00110,8,UNSAT,False,False,,91.12630549998721,91.80290987502667,274.8117494999897,2.9934971546555222,105092,1723796
branch,count1089_last_16_split5_divide2_workers8,count1089,last,16,112,5,112;116;117;118;122,8,2,20262521,11111,11111,3,UNSAT,False,False,,96.60395912500098,96.82823029201245,274.8117494999897,2.838136653651713,105092,1723796
branch,count1089_last_16_split5_divide2_workers8,count1089,last,16,112,5,112;116;117;118;122,8,2,20262521,00101,00101,1,UNSAT,False,False,,109.0118500419776,109.09454629200627,274.8117494999897,2.5190237169548233,105092,1723796
branch,count1089_last_16_split5_divide2_workers8,count1089,last,16,112,5,112;116;117;118;122,8,2,20262521,11101,11101,9,UNSAT,False,False,,63.27877500001341,131.6865451670019,274.8117494999897,2.086862778209267,105092,1723796
branch,count1089_last_16_split5_divide2_workers8,count1089,last,16,112,5,112;116;117;118;122,8,2,20262521,11000,11000,10,UNSAT,False,False,,74.16177608299768,145.13100408401806,274.8117494999897,1.8935426736309073,105092,1723796
branch,count1089_last_16_split5_divide2_workers8,count1089,last,16,112,5,112;116;117;118;122,8,2,20262521,01011,01011,12,UNSAT,False,False,,71.34262858398142,145.36158883399912,274.8117494999897,1.890538977348554,105092,1723796
branch,count1089_last_16_split5_divide2_workers8,count1089,last,16,112,5,112;116;117;118;122,8,2,20262521,01100,01100,11,UNSAT,False,False,,100.01973254201584,173.89858612502576,274.8117494999897,1.580298929529028,105092,1723796
branch,count1089_last_16_split5_divide2_workers8,count1089,last,16,112,5,112;116;117;118;122,8,2,20262521,10110,10110,15,UNSAT,False,False,,79.40961091700592,176.3750290000171,274.8117494999897,1.5581103008632988,105092,1723796
branch,count1089_last_16_split5_divide2_workers8,count1089,last,16,112,5,112;116;117;118;122,8,2,20262521,10010,10010,13,UNSAT,False,False,,99.63354295800673,176.8607839170145,274.8117494999897,1.5538308912445797,105092,1723796
branch,count1089_last_16_split5_divide2_workers8,count1089,last,16,112,5,112;116;117;118;122,8,2,20262521,01111,01111,14,UNSAT,False,False,,87.45941904198844,179.42770033402485,274.8117494999897,1.5316015809621184,105092,1723796
branch,count1089_last_16_split5_divide2_workers8,count1089,last,16,112,5,112;116;117;118;122,8,2,20262521,00111,00111,17,UNSAT,False,False,,71.89210212501348,203.69925533400965,274.8117494999897,1.349105322203439,105092,1723796
branch,count1089_last_16_split5_divide2_workers8,count1089,last,16,112,5,112;116;117;118;122,8,2,20262521,10011,10011,16,UNSAT,False,False,,102.50177499998244,211.74268454202684,274.8117494999897,1.2978571141400865,105092,1723796
branch,count1089_last_16_split5_divide2_workers8,count1089,last,16,112,5,112;116;117;118;122,8,2,20262521,10001,10001,19,UNSAT,False,False,,72.17254495900124,217.68632441700902,274.8117494999897,1.2624208260944716,105092,1723796
branch,count1089_last_16_split5_divide2_workers8,count1089,last,16,112,5,112;116;117;118;122,8,2,20262521,01101,01101,18,UNSAT,False,False,,79.15110416602693,224.41109716700157,274.8117494999897,1.2245907308918913,105092,1723796
branch,count1089_last_16_split5_divide2_workers8,count1089,last,16,112,5,112;116;117;118;122,8,2,20262521,10101,10101,21,UNSAT,False,False,,73.11348262499087,249.62542183400365,274.8117494999897,1.100896485145389,105092,1723796
branch,count1089_last_16_split5_divide2_workers8,count1089,last,16,112,5,112;116;117;118;122,8,2,20262521,01010,01010,20,UNSAT,False,False,,77.70131787497667,251.73606704201666,274.8117494999897,1.0916661753284702,105092,1723796
branch,count1089_last_16_split5_divide2_workers8,count1089,last,16,112,5,112;116;117;118;122,8,2,20262521,00000,00000,22,UNSAT,False,False,,75.7315599170106,252.75614200002747,274.8117494999897,1.0872604215487662,105092,1723796
branch,count1089_last_16_split5_divide2_workers8,count1089,last,16,112,5,112;116;117;118;122,8,2,20262521,01000,01000,23,UNSAT,False,False,,95.0701785000274,274.62385912501486,274.8117494999897,1.000684173529472,105092,1723796
branch,count1089_last_16_split5_divide2_workers8,count1089,last,16,112,5,112;116;117;118;122,8,2,20262521,11100,11100,26,UNSAT,False,False,,74.6219295419869,292.44147212500684,274.8117494999897,0.9397153813482337,105092,1723796
branch,count1089_last_16_split5_divide2_workers8,count1089,last,16,112,5,112;116;117;118;122,8,2,20262521,01001,01001,24,UNSAT,False,False,,93.02761366701452,296.8799675000191,274.8117494999897,0.9256661936948372,105092,1723796
checkpoint,count1089_last_16_split5_divide2_workers8,count1089,last,16,112,5,112;116;117;118;122,8,2,20262521,,,,RUNNING,False,False,,0.0,300.89406725001754,274.8117494999897,0.9133172747857615,105092,1723796
branch,count1089_last_16_split5_divide2_workers8,count1089,last,16,112,5,112;116;117;118;122,8,2,20262521,00100,00100,27,UNSAT,False,False,,87.8734802500112,312.41969637500006,274.8117494999897,0.8796236366932857,105092,1723796
branch,count1089_last_16_split5_divide2_workers8,count1089,last,16,112,5,112;116;117;118;122,8,2,20262521,11001,11001,29,UNSAT,False,False,,72.77564912501839,324.637071834004,274.8117494999897,0.8465199243803818,105092,1723796
branch,count1089_last_16_split5_divide2_workers8,count1089,last,16,112,5,112;116;117;118;122,8,2,20262521,10111,10111,30,UNSAT,False,False,,77.20526654098649,330.0973353750014,274.8117494999897,0.8325173215584867,105092,1723796
branch,count1089_last_16_split5_divide2_workers8,count1089,last,16,112,5,112;116;117;118;122,8,2,20262521,11011,11011,28,UNSAT,False,False,,82.04672937499708,331.7727545420057,274.8117494999897,0.8283131925023571,105092,1723796
branch,count1089_last_16_split5_divide2_workers8,count1089,last,16,112,5,112;116;117;118;122,8,2,20262521,01110,01110,25,SAT,True,True,000102030405060708090A0B0C0D0E0F,143.4998809999961,355.3557871670055,274.8117494999897,0.7733425468904415,105092,1723796
summary,count1089_last_16_split5_divide2_workers8,count1089,last,16,112,5,112;116;117;118;122,8,2,20262521,01110,01110,25,SAT_FOUND,True,True,000102030405060708090A0B0C0D0E0F,143.4998809999961,355.39141470901086,274.8117494999897,0.7732650202734959,105092,1723796
branch,count1089_last_16_split5_divide3_workers8,count1089,last,16,112,5,113;115;117;119;126,8,3,20262522,00110,00110,8,UNSAT,False,False,,77.90659445899655,78.61563737498363,274.8117494999897,3.4956372380367906,105092,1723796
branch,count1089_last_16_split5_divide3_workers8,count1089,last,16,112,5,113;115;117;119;126,8,3,20262522,11000,11000,5,UNSAT,False,False,,83.05568416599999,83.44323049997911,274.8117494999897,3.2933977729932025,105092,1723796
branch,count1089_last_16_split5_divide3_workers8,count1089,last,16,112,5,113;115;117;119;126,8,3,20262522,10101,10101,2,UNSAT,False,False,,92.44279454197385,92.58621499998844,274.8117494999897,2.968171336305561,105092,1723796
branch,count1089_last_16_split5_divide3_workers8,count1089,last,16,112,5,113;115;117;119;126,8,3,20262522,10001,10001,4,UNSAT,False,False,,95.69959412500612,96.01083499999368,274.8117494999897,2.862299338402877,105092,1723796
branch,count1089_last_16_split5_divide3_workers8,count1089,last,16,112,5,113;115;117;119;126,8,3,20262522,01111,01111,7,UNSAT,False,False,,99.30427216700627,99.8997424999834,274.8117494999897,2.750875453958606,105092,1723796
branch,count1089_last_16_split5_divide3_workers8,count1089,last,16,112,5,113;115;117;119;126,8,3,20262522,00010,00010,1,UNSAT,False,False,,110.13532737499918,110.22236616699956,274.8117494999897,2.493248503517138,105092,1723796
branch,count1089_last_16_split5_divide3_workers8,count1089,last,16,112,5,113;115;117;119;126,8,3,20262522,11111,11111,6,UNSAT,False,False,,111.17257854199852,111.67058004200226,274.8117494999897,2.46091449866765,105092,1723796
branch,count1089_last_16_split5_divide3_workers8,count1089,last,16,112,5,113;115;117;119;126,8,3,20262522,11001,11001,3,UNSAT,False,False,,114.31897112500155,114.5581978749833,274.8117494999897,2.398883315185266,105092,1723796
branch,count1089_last_16_split5_divide3_workers8,count1089,last,16,112,5,113;115;117;119;126,8,3,20262522,11011,11011,9,UNSAT,False,False,,69.55476191599155,148.32560724997893,274.8117494999897,1.8527599825486554,105092,1723796
branch,count1089_last_16_split5_divide3_workers8,count1089,last,16,112,5,113;115;117;119;126,8,3,20262522,11100,11100,10,UNSAT,False,False,,70.83723008300876,154.40986512499512,274.8117494999897,1.7797551294894853,105092,1723796
branch,count1089_last_16_split5_divide3_workers8,count1089,last,16,112,5,113;115;117;119;126,8,3,20262522,00101,00101,11,SAT,True,True,000102030405060708090A0B0C0D0E0F,81.468143917009,174.19957479200093,274.8117494999897,1.5775684287870533,105092,1723796
summary,count1089_last_16_split5_divide3_workers8,count1089,last,16,112,5,113;115;117;119;126,8,3,20262522,00101,00101,11,SAT_FOUND,True,True,000102030405060708090A0B0C0D0E0F,81.468143917009,174.33353433400043,274.8117494999897,1.576356210237131,105092,1723796
branch,count1089_last_18_split5_divide1_workers8,count1089,last,18,110,5,112;114;119;120;126,8,1,20262720,01100,01100,7,UNSAT,False,False,,107.09775266598444,107.67788954201387,532.9334115839883,4.949330023561131,105092,1723794
branch,count1089_last_18_split5_divide1_workers8,count1089,last,18,110,5,112;114;119;120;126,8,1,20262720,10100,10100,8,UNSAT,False,False,,108.78899762500077,109.47350562500651,532.9334115839883,4.868149681892099,105092,1723794
branch,count1089_last_18_split5_divide1_workers8,count1089,last,18,110,5,112;114;119;120;126,8,1,20262720,00101,00101,1,UNSAT,False,False,,111.5623227909964,111.64482175000012,532.9334115839883,4.773471829955139,105092,1723794
branch,count1089_last_18_split5_divide1_workers8,count1089,last,18,110,5,112;114;119;120;126,8,1,20262720,00111,00111,3,UNSAT,False,False,,122.3869136669964,122.58954433299368,532.9334115839883,4.347299066030992,105092,1723794
branch,count1089_last_18_split5_divide1_workers8,count1089,last,18,110,5,112;114;119;120;126,8,1,20262720,00010,00010,4,UNSAT,False,False,,147.39074895798694,147.66929908300517,532.9334115839883,3.608965539170234,105092,1723794
branch,count1089_last_18_split5_divide1_workers8,count1089,last,18,110,5,112;114;119;120;126,8,1,20262720,01000,01000,5,UNSAT,False,False,,182.43789220799226,182.81558150000637,532.9334115839883,2.915142173392752,105092,1723794
branch,count1089_last_18_split5_divide1_workers8,count1089,last,18,110,5,112;114;119;120;126,8,1,20262720,01110,01110,2,UNSAT,False,False,,189.85321841700352,189.97897208301583,532.9334115839883,2.8052231557033083,105092,1723794
branch,count1089_last_18_split5_divide1_workers8,count1089,last,18,110,5,112;114;119;120;126,8,1,20262720,10000,10000,6,UNSAT,False,False,,191.71046775000286,192.18388699999196,532.9334115839883,2.773038988351873,105092,1723794
branch,count1089_last_18_split5_divide1_workers8,count1089,last,18,110,5,112;114;119;120;126,8,1,20262720,11100,11100,10,UNSAT,False,False,,128.84569354201085,238.460075333016,532.9334115839883,2.234895761228509,105092,1723794
branch,count1089_last_18_split5_divide1_workers8,count1089,last,18,110,5,112;114;119;120;126,8,1,20262720,10010,10010,12,UNSAT,False,False,,119.56197608300135,242.283842542005,532.9334115839883,2.1996242340906127,105092,1723794
branch,count1089_last_18_split5_divide1_workers8,count1089,last,18,110,5,112;114;119;120;126,8,1,20262720,11000,11000,13,UNSAT,False,False,,112.59945466701174,260.38404550001724,532.9334115839883,2.0467206835218827,105092,1723794
branch,count1089_last_18_split5_divide1_workers8,count1089,last,18,110,5,112;114;119;120;126,8,1,20262720,10111,10111,9,UNSAT,False,False,,165.35942008299753,273.1966624170018,532.9334115839883,1.9507317800629997,105092,1723794
branch,count1089_last_18_split5_divide1_workers8,count1089,last,18,110,5,112;114;119;120;126,8,1,20262720,11111,11111,11,UNSAT,False,False,,171.06387474999065,282.887908625009,532.9334115839883,1.883903112629798,105092,1723794
checkpoint,count1089_last_18_split5_divide1_workers8,count1089,last,18,110,5,112;114;119;120;126,8,1,20262720,,,,RUNNING,False,False,,0.0,300.0211339580128,532.9334115839883,1.7763195697359475,105092,1723794
branch,count1089_last_18_split5_divide1_workers8,count1089,last,18,110,5,112;114;119;120;126,8,1,20262720,01011,01011,14,UNSAT,False,False,,121.36444708399358,304.3015795829997,532.9334115839883,1.7513330437334396,105092,1723794
branch,count1089_last_18_split5_divide1_workers8,count1089,last,18,110,5,112;114;119;120;126,8,1,20262720,00011,00011,15,UNSAT,False,False,,142.40401187498355,332.5149536670069,532.9334115839883,1.6027351723787078,105092,1723794
branch,count1089_last_18_split5_divide1_workers8,count1089,last,18,110,5,112;114;119;120;126,8,1,20262720,00000,00000,16,UNSAT,False,False,,143.26432158300304,335.5730012500135,532.9334115839883,1.5881295861073594,105092,1723794
branch,count1089_last_18_split5_divide1_workers8,count1089,last,18,110,5,112;114;119;120;126,8,1,20262720,11110,11110,17,UNSAT,False,False,,113.50716479198309,352.10903116699774,532.9334115839883,1.5135465563541013,105092,1723794
branch,count1089_last_18_split5_divide1_workers8,count1089,last,18,110,5,112;114;119;120;126,8,1,20262720,01101,01101,19,UNSAT,False,False,,132.35958937497344,392.92474870799924,532.9334115839883,1.3563243683080806,105092,1723794
branch,count1089_last_18_split5_divide1_workers8,count1089,last,18,110,5,112;114;119;120;126,8,1,20262720,10001,10001,20,UNSAT,False,False,,124.03813925001305,397.35704862501007,532.9334115839883,1.3411953139578583,105092,1723794
branch,count1089_last_18_split5_divide1_workers8,count1089,last,18,110,5,112;114;119;120;126,8,1,20262720,11101,11101,18,UNSAT,False,False,,166.4066560420033,408.80902191699715,532.9334115839883,1.3036243894152435,105092,1723794
branch,count1089_last_18_split5_divide1_workers8,count1089,last,18,110,5,112;114;119;120;126,8,1,20262720,10101,10101,21,UNSAT,False,False,,137.61746720800875,420.61765370800276,532.9334115839883,1.2670257819324824,105092,1723794
branch,count1089_last_18_split5_divide1_workers8,count1089,last,18,110,5,112;114;119;120;126,8,1,20262720,11001,11001,24,UNSAT,False,False,,115.34017504099756,451.02483762500924,532.9334115839883,1.181605461886069,105092,1723794
branch,count1089_last_18_split5_divide1_workers8,count1089,last,18,110,5,112;114;119;120;126,8,1,20262720,00100,00100,25,UNSAT,False,False,,103.82616225001402,456.06025758301257,532.9334115839883,1.1685592040147967,105092,1723794
branch,count1089_last_18_split5_divide1_workers8,count1089,last,18,110,5,112;114;119;120;126,8,1,20262720,00001,00001,22,SAT,True,True,000102030405060708090A0B0C0D0E0F,207.257071,511.67080358299427,532.9334115839883,1.0415552496880842,105092,1723794
summary,count1089_last_18_split5_divide1_workers8,count1089,last,18,110,5,112;114;119;120;126,8,1,20262720,00001,00001,22,SAT_FOUND,True,True,000102030405060708090A0B0C0D0E0F,207.257071,511.7092255000025,532.9334115839883,1.041477044044393,105092,1723794
branch,count1089_last_18_split5_divide2_workers8,count1089,last,18,110,5,110;114;117;125;127,8,2,20262721,01110,01110,7,UNSAT,False,False,,138.2994400410098,138.9344465000031,532.9334115839883,3.8358623437851063,105092,1723794
branch,count1089_last_18_split5_divide2_workers8,count1089,last,18,110,5,110;114;117;125;127,8,2,20262721,01010,01010,4,UNSAT,False,False,,141.86430158402072,142.19058633301756,532.9334115839883,3.7480217595828127,105092,1723794
branch,count1089_last_18_split5_divide2_workers8,count1089,last,18,110,5,110;114;117;125;127,8,2,20262721,10011,10011,8,UNSAT,False,False,,162.4088875830057,163.16245845801313,532.9334115839883,3.2662747093941893,105092,1723794
branch,count1089_last_18_split5_divide2_workers8,count1089,last,18,110,5,110;114;117;125;127,8,2,20262721,00111,00111,5,SAT,True,True,000102030405060708090A0B0C0D0E0F,170.27728925002157,170.70116516700364,532.9334115839883,3.1220256233318544,105092,1723794
summary,count1089_last_18_split5_divide2_workers8,count1089,last,18,110,5,110;114;117;125;127,8,2,20262721,00111,00111,5,SAT_FOUND,True,True,000102030405060708090A0B0C0D0E0F,170.27728925002157,170.8056802500214,532.9334115839883,3.120115272535976,105092,1723794
branch,count1089_last_18_split5_divide3_workers8,count1089,last,18,110,5,117;122;123;124;127,8,3,20262722,10011,10011,5,SAT,True,True,000102030405060708090A0B0C0D0E0F,127.04578608300653,127.4358356249868,532.9334115839883,4.181974473430566,105092,1723794
summary,count1089_last_18_split5_divide3_workers8,count1089,last,18,110,5,117;122;123;124;127,8,3,20262722,10011,10011,5,SAT_FOUND,True,True,000102030405060708090A0B0C0D0E0F,127.04578608300653,127.55323320900789,532.9334115839883,4.178125463199566,105092,1723794
checkpoint,count1089_last_20_split5_divide1_workers8,count1089,last,20,108,5,111;112;115;119;124,8,1,20262920,,,,RUNNING,False,False,,0.0,300.8666204579931,2441.074447792009,8.113477141718453,105092,1723792
branch,count1089_last_20_split5_divide1_workers8,count1089,last,20,108,5,111;112;115;119;124,8,1,20262920,10110,10110,6,UNSAT,False,False,,342.76050025000586,343.2733577909821,2441.074447792009,7.11116779787603,105092,1723792
branch,count1089_last_20_split5_divide1_workers8,count1089,last,20,108,5,111;112;115;119;124,8,1,20262920,01100,01100,3,UNSAT,False,False,,376.48967124999035,376.6976904159819,2441.074447792009,6.480194888098106,105092,1723792
branch,count1089_last_20_split5_divide1_workers8,count1089,last,20,108,5,111;112;115;119;124,8,1,20262920,00010,00010,8,UNSAT,False,False,,387.8069887079764,388.52517599999555,2441.074447792009,6.282924759017513,105092,1723792
branch,count1089_last_20_split5_divide1_workers8,count1089,last,20,108,5,111;112;115;119;124,8,1,20262920,00101,00101,7,UNSAT,False,False,,411.2296432919975,411.8347168749897,2441.074447792009,5.927315856989746,105092,1723792
branch,count1089_last_20_split5_divide1_workers8,count1089,last,20,108,5,111;112;115;119;124,8,1,20262920,01000,01000,5,UNSAT,False,False,,418.29826883401256,418.6994277499907,2441.074447792009,5.830135619983691,105092,1723792
branch,count1089_last_20_split5_divide1_workers8,count1089,last,20,108,5,111;112;115;119;124,8,1,20262920,00111,00111,2,UNSAT,False,False,,438.6968342910113,438.8311473329959,2441.074447792009,5.562673622024513,105092,1723792
branch,count1089_last_20_split5_divide1_workers8,count1089,last,20,108,5,111;112;115;119;124,8,1,20262920,00011,00011,4,UNSAT,False,False,,482.65452937499504,482.95905879099155,2441.074447792009,5.054412798266662,105092,1723792
checkpoint,count1089_last_20_split5_divide1_workers8,count1089,last,20,108,5,111;112;115;119;124,8,1,20262920,,,,RUNNING,False,False,,0.0,601.5404042909795,2441.074447792009,4.058039045056735,105092,1723792
branch,count1089_last_20_split5_divide1_workers8,count1089,last,20,108,5,111;112;115;119;124,8,1,20262920,11111,11111,1,UNSAT,False,False,,642.2844702089787,642.3392188749858,2441.074447792009,3.8002886575529167,105092,1723792
branch,count1089_last_20_split5_divide1_workers8,count1089,last,20,108,5,111;112;115;119;124,8,1,20262920,00100,00100,9,UNSAT,False,False,,367.88141266599996,711.2671117909777,2441.074447792009,3.4320080421620496,105092,1723792
branch,count1089_last_20_split5_divide1_workers8,count1089,last,20,108,5,111;112;115;119;124,8,1,20262920,11001,11001,10,UNSAT,False,False,,373.660863875004,750.4555358329962,2441.074447792009,3.252790247036351,105092,1723792
branch,count1089_last_20_split5_divide1_workers8,count1089,last,20,108,5,111;112;115;119;124,8,1,20262920,11110,11110,11,UNSAT,False,False,,363.10625991699635,751.7169074579724,2441.074447792009,3.247332105442216,105092,1723792
branch,count1089_last_20_split5_divide1_workers8,count1089,last,20,108,5,111;112;115;119;124,8,1,20262920,10001,10001,15,SAT,True,True,000102030405060708090A0B0C0D0E0F,346.3842627920094,829.4802854579757,2441.074447792009,2.9428962816689896,105092,1723792
summary,count1089_last_20_split5_divide1_workers8,count1089,last,20,108,5,111;112;115;119;124,8,1,20262920,10001,10001,15,SAT_FOUND,True,True,000102030405060708090A0B0C0D0E0F,346.3842627920094,829.5364754579787,2441.074447792009,2.942696939811256,105092,1723792
checkpoint,count1089_last_20_split5_divide2_workers8,count1089,last,20,108,5,111;114;115;116;118,8,2,20262921,,,,RUNNING,False,False,,0.0,300.8271951249917,2441.074447792009,8.114540464926247,105092,1723792
branch,count1089_last_20_split5_divide2_workers8,count1089,last,20,108,5,111;114;115;116;118,8,2,20262921,10001,10001,5,UNSAT,False,False,,327.66754870899604,328.1132701669994,2441.074447792009,7.4397309397135265,105092,1723792
branch,count1089_last_20_split5_divide2_workers8,count1089,last,20,108,5,111;114;115;116;118,8,2,20262921,11010,11010,1,UNSAT,False,False,,335.31294145801803,335.37412941700313,2441.074447792009,7.278660557495729,105092,1723792
branch,count1089_last_20_split5_divide2_workers8,count1089,last,20,108,5,111;114;115;116;118,8,2,20262921,11011,11011,2,UNSAT,False,False,,351.75503525001113,351.9029502920166,2441.074447792009,6.936783126615883,105092,1723792
branch,count1089_last_20_split5_divide2_workers8,count1089,last,20,108,5,111;114;115;116;118,8,2,20262921,01110,01110,6,UNSAT,False,False,,352.54514854200534,353.1030677499948,2441.074447792009,6.9132065698175875,105092,1723792
branch,count1089_last_20_split5_divide2_workers8,count1089,last,20,108,5,111;114;115;116;118,8,2,20262921,11110,11110,7,UNSAT,False,False,,376.83002729099826,377.53391187501256,2441.074447792009,6.465841533727327,105092,1723792
branch,count1089_last_20_split5_divide2_workers8,count1089,last,20,108,5,111;114;115;116;118,8,2,20262921,10100,10100,3,UNSAT,False,False,,467.3492938329873,467.5845151669928,2441.074447792009,5.220605834049499,105092,1723792
branch,count1089_last_20_split5_divide2_workers8,count1089,last,20,108,5,111;114;115;116;118,8,2,20262921,10010,10010,4,UNSAT,False,False,,469.4289174579899,469.77039708400844,2441.074447792009,5.196313907697071,105092,1723792
branch,count1089_last_20_split5_divide2_workers8,count1089,last,20,108,5,111;114;115;116;118,8,2,20262921,00101,00101,8,UNSAT,False,False,,594.9087809160119,595.7252228340076,2441.074447792009,4.097651659231807,105092,1723792
checkpoint,count1089_last_20_split5_divide2_workers8,count1089,last,20,108,5,111;114;115;116;118,8,2,20262921,,,,RUNNING,False,False,,0.0,601.8047342500067,2441.074447792009,4.056256637519102,105092,1723792
branch,count1089_last_20_split5_divide2_workers8,count1089,last,20,108,5,111;114;115;116;118,8,2,20262921,11000,11000,10,UNSAT,False,False,,360.3937904580089,695.8797381249897,2441.074447792009,3.5078970029639778,105092,1723792
branch,count1089_last_20_split5_divide2_workers8,count1089,last,20,108,5,111;114;115;116;118,8,2,20262921,10011,10011,12,SAT,True,True,000102030405060708090A0B0C0D0E0F,353.76184291698155,706.9562797500112,2441.074447792009,3.452935517674734,105092,1723792
summary,count1089_last_20_split5_divide2_workers8,count1089,last,20,108,5,111;114;115;116;118,8,2,20262921,10011,10011,12,SAT_FOUND,True,True,000102030405060708090A0B0C0D0E0F,353.76184291698155,706.9931430839933,2441.074447792009,3.4527554781418868,105092,1723792
branch,count1089_last_20_split5_divide3_workers8,count1089,last,20,108,5,108;112;114;116;126,8,3,20262922,00010,00010,7,UNSAT,False,False,,299.43242445899523,299.9282736250025,2441.074447792009,8.138860729229087,105092,1723792
checkpoint,count1089_last_20_split5_divide3_workers8,count1089,last,20,108,5,108;112;114;116;126,8,3,20262922,,,,RUNNING,False,False,,0.0,300.02229366701795,2441.074447792009,8.136310198672284,105092,1723792
branch,count1089_last_20_split5_divide3_workers8,count1089,last,20,108,5,108;112;114;116;126,8,3,20262922,10000,10000,5,UNSAT,False,False,,335.95452970897895,336.2779446670029,2441.074447792009,7.2590976794784074,105092,1723792
branch,count1089_last_20_split5_divide3_workers8,count1089,last,20,108,5,108;112;114;116;126,8,3,20262922,01100,01100,2,UNSAT,False,False,,341.6550876669935,341.76490129201557,2441.074447792009,7.142554541334459,105092,1723792
branch,count1089_last_20_split5_divide3_workers8,count1089,last,20,108,5,108;112;114;116;126,8,3,20262922,00101,00101,8,UNSAT,False,False,,366.997869874991,367.59801870799856,2441.074447792009,6.640608282851154,105092,1723792
branch,count1089_last_20_split5_divide3_workers8,count1089,last,20,108,5,108;112;114;116;126,8,3,20262922,01101,01101,6,UNSAT,False,False,,395.4993521250144,395.89234824999585,2441.074447792009,6.166005629011383,105092,1723792
branch,count1089_last_20_split5_divide3_workers8,count1089,last,20,108,5,108;112;114;116;126,8,3,20262922,00011,00011,4,UNSAT,False,False,,453.90792612501536,454.15133925000555,2441.074447792009,5.375024219510719,105092,1723792
branch,count1089_last_20_split5_divide3_workers8,count1089,last,20,108,5,108;112;114;116;126,8,3,20262922,00110,00110,1,UNSAT,False,False,,469.5991561250121,469.6551300830033,2441.074447792009,5.197589233956823,105092,1723792
branch,count1089_last_20_split5_divide3_workers8,count1089,last,20,108,5,108;112;114;116;126,8,3,20262922,11101,11101,3,UNSAT,False,False,,480.70776516600745,480.8802544999926,2441.074447792009,5.076262593335586,105092,1723792
checkpoint,count1089_last_20_split5_divide3_workers8,count1089,last,20,108,5,108;112;114;116;126,8,3,20262922,,,,RUNNING,False,False,,0.0,600.5199437919946,2441.074447792009,4.0649348502529286,105092,1723792
branch,count1089_last_20_split5_divide3_workers8,count1089,last,20,108,5,108;112;114;116;126,8,3,20262922,10101,10101,9,UNSAT,False,False,,388.86871045900625,688.927562583005,2441.074447792009,3.543296248214626,105092,1723792
branch,count1089_last_20_split5_divide3_workers8,count1089,last,20,108,5,108;112;114;116;126,8,3,20262922,11100,11100,11,UNSAT,False,False,,379.35922462499,721.2210709580104,2441.074447792009,3.3846410567975886,105092,1723792
checkpoint,count1089_last_20_split5_divide3_workers8,count1089,last,20,108,5,108;112;114;116;126,8,3,20262922,,,,RUNNING,False,False,,0.0,900.9424255829945,2441.074447792009,2.709467751185548,105092,1723792
branch,count1089_last_20_split5_divide3_workers8,count1089,last,20,108,5,108;112;114;116;126,8,3,20262922,01011,01011,14,UNSAT,False,False,,460.24666083298507,914.4896962080093,2441.074447792009,2.6693296358767977,105092,1723792
branch,count1089_last_20_split5_divide3_workers8,count1089,last,20,108,5,108;112;114;116;126,8,3,20262922,00000,00000,13,UNSAT,False,False,,530.4294548330072,926.4253181249951,2441.074447792009,2.6349392660517235,105092,1723792
branch,count1089_last_20_split5_divide3_workers8,count1089,last,20,108,5,108;112;114;116;126,8,3,20262922,00100,00100,12,UNSAT,False,False,,602.5399777920102,970.2290336250153,2441.074447792009,2.5159775302451544,105092,1723792
branch,count1089_last_20_split5_divide3_workers8,count1089,last,20,108,5,108;112;114;116;126,8,3,20262922,11000,11000,16,UNSAT,False,False,,492.1564916249772,973.1523624169931,2441.074447792009,2.508419587791141,105092,1723792
branch,count1089_last_20_split5_divide3_workers8,count1089,last,20,108,5,108;112;114;116;126,8,3,20262922,11111,11111,10,UNSAT,False,False,,798.8330772919871,1135.2246399580035,2441.074447792009,2.1503007967500722,105092,1723792
checkpoint,count1089_last_20_split5_divide3_workers8,count1089,last,20,108,5,108;112;114;116;126,8,3,20262922,,,,RUNNING,False,False,,0.0,1201.553131541994,2441.074447792009,2.0315992557560025,105092,1723792
branch,count1089_last_20_split5_divide3_workers8,count1089,last,20,108,5,108;112;114;116;126,8,3,20262922,10010,10010,15,UNSAT,False,False,,819.1999634999956,1288.966591583012,2441.074447792009,1.8938228994702373,105092,1723792
branch,count1089_last_20_split5_divide3_workers8,count1089,last,20,108,5,108;112;114;116;126,8,3,20262922,00001,00001,17,UNSAT,False,False,,611.0509685830039,1300.1035590000101,2441.074447792009,1.8776000041639682,105092,1723792
branch,count1089_last_20_split5_divide3_workers8,count1089,last,20,108,5,108;112;114;116;126,8,3,20262922,10111,10111,21,UNSAT,False,False,,357.807598082989,1328.138880707993,2441.074447792009,1.8379662573320208,105092,1723792
branch,count1089_last_20_split5_divide3_workers8,count1089,last,20,108,5,108;112;114;116;126,8,3,20262922,10110,10110,20,UNSAT,False,False,,461.7653345419967,1388.3177056669956,2441.074447792009,1.7582967053058167,105092,1723792
branch,count1089_last_20_split5_divide3_workers8,count1089,last,20,108,5,108;112;114;116;126,8,3,20262922,11001,11001,18,UNSAT,False,False,,694.3486314580077,1415.6922026670072,2441.074447792009,1.7242974448777038,105092,1723792
checkpoint,count1089_last_20_split5_divide3_workers8,count1089,last,20,108,5,108;112;114;116;126,8,3,20262922,,,,RUNNING,False,False,,0.0,1502.1310783330118,2441.074447792009,1.6250741915951759,105092,1723792
branch,count1089_last_20_split5_divide3_workers8,count1089,last,20,108,5,108;112;114;116;126,8,3,20262922,01001,01001,23,UNSAT,False,False,,385.49978679200285,1520.8199053330172,2441.074447792009,1.6051042199223986,105092,1723792
branch,count1089_last_20_split5_divide3_workers8,count1089,last,20,108,5,108;112;114;116;126,8,3,20262922,10001,10001,19,UNSAT,False,False,,609.557709707995,1524.1471342919976,2441.074447792009,1.601600260808118,105092,1723792
branch,count1089_last_20_split5_divide3_workers8,count1089,last,20,108,5,108;112;114;116;126,8,3,20262922,00111,00111,22,UNSAT,False,False,,595.6172094579961,1568.871001749998,2441.074447792009,1.5559433790726651,105092,1723792
branch,count1089_last_20_split5_divide3_workers8,count1089,last,20,108,5,108;112;114;116;126,8,3,20262922,01000,01000,24,UNSAT,False,False,,340.20242554100696,1629.2796880420065,2441.074447792009,1.498253777855403,105092,1723792
branch,count1089_last_20_split5_divide3_workers8,count1089,last,20,108,5,108;112;114;116;126,8,3,20262922,10100,10100,25,UNSAT,False,False,,398.881337083003,1699.0821054580156,2441.074447792009,1.436701875648309,105092,1723792
branch,count1089_last_20_split5_divide3_workers8,count1089,last,20,108,5,108;112;114;116;126,8,3,20262922,11010,11010,28,UNSAT,False,False,,306.84477429199615,1722.6492285419954,2441.074447792009,1.4170467250945042,105092,1723792
branch,count1089_last_20_split5_divide3_workers8,count1089,last,20,108,5,108;112;114;116;126,8,3,20262922,01010,01010,26,UNSAT,False,False,,421.90263024999877,1750.1459001250041,2441.074447792009,1.3947833992684011,105092,1723792
branch,count1089_last_20_split5_divide3_workers8,count1089,last,20,108,5,108;112;114;116;126,8,3,20262922,10011,10011,27,SAT,True,True,000102030405060708090A0B0C0D0E0F,377.0267782090232,1765.4579818749917,2441.074447792009,1.3826862337439965,105092,1723792
summary,count1089_last_20_split5_divide3_workers8,count1089,last,20,108,5,108;112;114;116;126,8,3,20262922,10011,10011,27,SAT_FOUND,True,True,000102030405060708090A0B0C0D0E0F,377.0267782090232,1765.4770915830159,2441.074447792009,1.382671267404109,105092,1723792
checkpoint,count1089_last_21_split5_divide1_workers8,count1089,last,21,107,5,111;115;118;124;126,8,1,20263020,,,,RUNNING,False,False,,0.0,300.6553012090153,9604.047899500001,31.943717143451515,105092,1723791
branch,count1089_last_21_split5_divide1_workers8,count1089,last,21,107,5,111;115;118;124;126,8,1,20263020,01111,01111,2,UNSAT,False,False,,402.108556125022,402.2166812090145,9604.047899500001,23.877796093964577,105092,1723791
branch,count1089_last_21_split5_divide1_workers8,count1089,last,21,107,5,111;115;118;124;126,8,1,20263020,11110,11110,5,UNSAT,False,False,,436.82574466700316,437.1326619590109,9604.047899500001,21.970556618806388,105092,1723791
branch,count1089_last_21_split5_divide1_workers8,count1089,last,21,107,5,111;115;118;124;126,8,1,20263020,01011,01011,6,UNSAT,False,False,,464.8485844579991,465.2228105000104,9604.047899500001,20.643974634815947,105092,1723791
branch,count1089_last_21_split5_divide1_workers8,count1089,last,21,107,5,111;115;118;124;126,8,1,20263020,01110,01110,1,UNSAT,False,False,,469.9935771250166,470.04252429201733,9604.047899500001,20.432295809758305,105092,1723791
branch,count1089_last_21_split5_divide1_workers8,count1089,last,21,107,5,111;115;118;124;126,8,1,20263020,00111,00111,3,UNSAT,False,False,,476.07071866697515,476.2381024589995,9604.047899500001,20.166483634784004,105092,1723791
branch,count1089_last_21_split5_divide1_workers8,count1089,last,21,107,5,111;115;118;124;126,8,1,20263020,00110,00110,7,UNSAT,False,False,,528.1346789999807,528.5866944169975,9604.047899500001,18.16929559699331,105092,1723791
checkpoint,count1089_last_21_split5_divide1_workers8,count1089,last,21,107,5,111;115;118;124;126,8,1,20263020,,,,RUNNING,False,False,,0.0,600.9188087919902,9604.047899500001,15.9822720789964,105092,1723791
branch,count1089_last_21_split5_divide1_workers8,count1089,last,21,107,5,111;115;118;124;126,8,1,20263020,10000,10000,8,UNSAT,False,False,,677.0302276249859,677.564333959017,9604.047899500001,14.1743704887526,105092,1723791
branch,count1089_last_21_split5_divide1_workers8,count1089,last,21,107,5,111;115;118;124;126,8,1,20263020,10110,10110,4,UNSAT,False,False,,697.3004181669967,697.5321572920075,9604.047899500001,13.768609517280598,105092,1723791
checkpoint,count1089_last_21_split5_divide1_workers8,count1089,last,21,107,5,111;115;118;124;126,8,1,20263020,,,,RUNNING,False,False,,0.0,901.3932462919911,9604.047899500001,10.654670355039395,105092,1723791
branch,count1089_last_21_split5_divide1_workers8,count1089,last,21,107,5,111;115;118;124;126,8,1,20263020,11010,11010,12,UNSAT,False,False,,462.7227881249855,932.8519144169986,9604.047899500001,10.295361730057886,105092,1723791
branch,count1089_last_21_split5_divide1_workers8,count1089,last,21,107,5,111;115;118;124;126,8,1,20263020,01100,01100,10,UNSAT,False,False,,517.6914434579958,954.9342797920108,9604.047899500001,10.057286771181582,105092,1723791
branch,count1089_last_21_split5_divide1_workers8,count1089,last,21,107,5,111;115;118;124;126,8,1,20263020,11000,11000,11,UNSAT,False,False,,505.28894120798213,970.5930232090177,9604.047899500001,9.895030841811197,105092,1723791
branch,count1089_last_21_split5_divide1_workers8,count1089,last,21,107,5,111;115;118;124;126,8,1,20263020,11101,11101,14,UNSAT,False,False,,539.6504629159754,1068.323927541991,9604.047899500001,8.989827571864911,105092,1723791
branch,count1089_last_21_split5_divide1_workers8,count1089,last,21,107,5,111;115;118;124;126,8,1,20263020,11011,11011,13,UNSAT,False,False,,673.6266957079933,1149.952298624994,9604.047899500001,8.351692423228014,105092,1723791
checkpoint,count1089_last_21_split5_divide1_workers8,count1089,last,21,107,5,111;115;118;124;126,8,1,20263020,,,,RUNNING,False,False,,0.0,1202.202148625016,9604.047899500001,7.988712971844506,105092,1723791
branch,count1089_last_21_split5_divide1_workers8,count1089,last,21,107,5,111;115;118;124;126,8,1,20263020,00001,00001,9,UNSAT,False,False,,807.5789660410082,1209.924194249994,9604.047899500001,7.937726962682439,105092,1723791
branch,count1089_last_21_split5_divide1_workers8,count1089,last,21,107,5,111;115;118;124;126,8,1,20263020,00000,00000,15,UNSAT,False,False,,602.2297313330055,1279.8767284589994,9604.047899500001,7.503885089826965,105092,1723791
branch,count1089_last_21_split5_divide1_workers8,count1089,last,21,107,5,111;115;118;124;126,8,1,20263020,01001,01001,16,UNSAT,False,False,,629.6937234999787,1327.297565292014,9604.047899500001,7.235791092095501,105092,1723791
branch,count1089_last_21_split5_divide1_workers8,count1089,last,21,107,5,111;115;118;124;126,8,1,20263020,11100,11100,18,UNSAT,False,False,,465.6942041669972,1420.7026100840012,9604.047899500001,6.760069159675963,105092,1723791
checkpoint,count1089_last_21_split5_divide1_workers8,count1089,last,21,107,5,111;115;118;124;126,8,1,20263020,,,,RUNNING,False,False,,0.0,1503.058957250003,9604.047899500001,6.38966811858902,105092,1723791
branch,count1089_last_21_split5_divide1_workers8,count1089,last,21,107,5,111;115;118;124;126,8,1,20263020,11001,11001,17,UNSAT,False,False,,621.574147709005,1554.5086082920025,9604.047899500001,6.178188945542304,105092,1723791
branch,count1089_last_21_split5_divide1_workers8,count1089,last,21,107,5,111;115;118;124;126,8,1,20263020,00011,00011,20,UNSAT,False,False,,530.8427833330061,1599.244504000002,9604.047899500001,6.005365580734232,105092,1723791
branch,count1089_last_21_split5_divide1_workers8,count1089,last,21,107,5,111;115;118;124;126,8,1,20263020,01000,01000,19,UNSAT,False,False,,727.8395580830111,1698.5036378340155,9604.047899500001,5.654417032481238,105092,1723791
branch,count1089_last_21_split5_divide1_workers8,count1089,last,21,107,5,111;115;118;124;126,8,1,20263020,10001,10001,21,UNSAT,False,False,,549.5480709170224,1699.5747268749983,9604.047899500001,5.650853562149002,105092,1723791
branch,count1089_last_21_split5_divide1_workers8,count1089,last,21,107,5,111;115;118;124;126,8,1,20263020,00101,00101,22,UNSAT,False,False,,496.2573686670221,1706.258807917009,9604.047899500001,5.628716965408412,105092,1723791
branch,count1089_last_21_split5_divide1_workers8,count1089,last,21,107,5,111;115;118;124;126,8,1,20263020,10011,10011,24,UNSAT,False,False,,442.22934529199847,1769.6030906249944,9604.047899500001,5.427232779135807,105092,1723791
checkpoint,count1089_last_21_split5_divide1_workers8,count1089,last,21,107,5,111;115;118;124;126,8,1,20263020,,,,RUNNING,False,False,,0.0,1803.8150724169973,9604.047899500001,5.3242973996393035,105092,1723791
branch,count1089_last_21_split5_divide1_workers8,count1089,last,21,107,5,111;115;118;124;126,8,1,20263020,01010,01010,25,UNSAT,False,False,,488.20325741701527,1908.9862598750042,9604.047899500001,5.0309675356850665,105092,1723791
branch,count1089_last_21_split5_divide1_workers8,count1089,last,21,107,5,111;115;118;124;126,8,1,20263020,10010,10010,23,UNSAT,False,False,,728.357821291982,2008.3131484170153,9604.047899500001,4.782146602520661,105092,1723791
checkpoint,count1089_last_21_split5_divide1_workers8,count1089,last,21,107,5,111;115;118;124;126,8,1,20263020,,,,RUNNING,False,False,,0.0,2104.4980113340134,9604.047899500001,4.5635813613395255,105092,1723791
branch,count1089_last_21_split5_divide1_workers8,count1089,last,21,107,5,111;115;118;124;126,8,1,20263020,11111,11111,26,UNSAT,False,False,,604.4755444999901,2159.058961292001,9604.047899500001,4.448256426379782,105092,1723791
branch,count1089_last_21_split5_divide1_workers8,count1089,last,21,107,5,111;115;118;124;126,8,1,20263020,00010,00010,31,UNSAT,False,False,,407.92453066702,2177.6058957499918,9604.047899500001,4.4103700849837475,105092,1723791
branch,count1089_last_21_split5_divide1_workers8,count1089,last,21,107,5,111;115;118;124;126,8,1,20263020,01101,01101,30,UNSAT,False,False,,500.26167800000985,2206.5933240840095,9604.047899500001,4.352432228755513,105092,1723791
branch,count1089_last_21_split5_divide1_workers8,count1089,last,21,107,5,111;115;118;124;126,8,1,20263020,10101,10101,29,UNSAT,False,False,,523.1715757499915,2222.819370500016,9604.047899500001,4.320660521029922,105092,1723791
branch,count1089_last_21_split5_divide1_workers8,count1089,last,21,107,5,111;115;118;124;126,8,1,20263020,10111,10111,28,SAT,True,True,000102030405060708090A0B0C0D0E0F,556.3676997500006,2254.9447169589985,9604.047899500001,4.259105701026653,105092,1723791
summary,count1089_last_21_split5_divide1_workers8,count1089,last,21,107,5,111;115;118;124;126,8,1,20263020,10111,10111,28,SAT_FOUND,True,True,000102030405060708090A0B0C0D0E0F,556.3676997500006,2254.961562917015,9604.047899500001,4.259073882871963,105092,1723791
checkpoint,count1089_last_21_split5_divide2_workers8,count1089,last,21,107,5,107;109;115;117;121,8,2,20263021,,,,RUNNING,False,False,,0.0,300.63076079200255,9604.047899500001,31.946324701432516,105092,1723791
branch,count1089_last_21_split5_divide2_workers8,count1089,last,21,107,5,107;109;115;117;121,8,2,20263021,01101,01101,4,UNSAT,False,False,,433.4437395829882,433.672871125018,9604.047899500001,22.145835118958534,105092,1723791
branch,count1089_last_21_split5_divide2_workers8,count1089,last,21,107,5,107;109;115;117;121,8,2,20263021,01001,01001,1,UNSAT,False,False,,499.08436958299717,499.1326737499912,9604.047899500001,19.24147306836206,105092,1723791
branch,count1089_last_21_split5_divide2_workers8,count1089,last,21,107,5,107;109;115;117;121,8,2,20263021,11011,11011,6,UNSAT,False,False,,501.7650516249996,502.1466000000073,9604.047899500001,19.125984123958744,105092,1723791
branch,count1089_last_21_split5_divide2_workers8,count1089,last,21,107,5,107;109;115;117;121,8,2,20263021,01011,01011,2,UNSAT,False,False,,531.2222640409891,531.3255517919897,9604.047899500001,18.07563718158979,105092,1723791
branch,count1089_last_21_split5_divide2_workers8,count1089,last,21,107,5,107;109;115;117;121,8,2,20263021,11100,11100,7,UNSAT,False,False,,531.2282767499855,531.6907775829895,9604.047899500001,18.063220774975626,105092,1723791
branch,count1089_last_21_split5_divide2_workers8,count1089,last,21,107,5,107;109;115;117;121,8,2,20263021,11001,11001,3,UNSAT,False,False,,562.8872290409927,563.0545571669936,9604.047899500001,17.057046741301097,105092,1723791
branch,count1089_last_21_split5_divide2_workers8,count1089,last,21,107,5,107;109;115;117;121,8,2,20263021,11111,11111,8,UNSAT,False,False,,599.1607636249973,599.7219815000135,9604.047899500001,16.014166890262274,105092,1723791
checkpoint,count1089_last_21_split5_divide2_workers8,count1089,last,21,107,5,107;109;115;117;121,8,2,20263021,,,,RUNNING,False,False,,0.0,600.7999142500048,9604.047899500001,15.98543487059082,105092,1723791
branch,count1089_last_21_split5_divide2_workers8,count1089,last,21,107,5,107;109;115;117;121,8,2,20263021,01110,01110,5,UNSAT,False,False,,617.0784896249825,617.3796019580041,9604.047899500001,15.556147091742263,105092,1723791
checkpoint,count1089_last_21_split5_divide2_workers8,count1089,last,21,107,5,107;109;115;117;121,8,2,20263021,,,,RUNNING,False,False,,0.0,901.555004416994,9604.047899500001,10.652758680775804,105092,1723791
branch,count1089_last_21_split5_divide2_workers8,count1089,last,21,107,5,107;109;115;117;121,8,2,20263021,11010,11010,15,UNSAT,False,False,,399.0683618329931,998.8955945420021,9604.047899500001,9.614666389537435,105092,1723791
branch,count1089_last_21_split5_divide2_workers8,count1089,last,21,107,5,107;109;115;117;121,8,2,20263021,10100,10100,12,UNSAT,False,False,,499.0823645420023,1030.4951544170035,9604.047899500001,9.319838000532311,105092,1723791
branch,count1089_last_21_split5_divide2_workers8,count1089,last,21,107,5,107;109;115;117;121,8,2,20263021,11110,11110,10,UNSAT,False,False,,536.5729427089973,1035.8190213750058,9604.047899500001,9.271936217922542,105092,1723791
branch,count1089_last_21_split5_divide2_workers8,count1089,last,21,107,5,107;109;115;117;121,8,2,20263021,10101,10101,14,UNSAT,False,False,,509.0277882920054,1072.1621808329946,9604.047899500001,8.957644721284918,105092,1723791
branch,count1089_last_21_split5_divide2_workers8,count1089,last,21,107,5,107;109;115;117;121,8,2,20263021,10011,10011,16,UNSAT,False,False,,457.78737745800754,1075.2755375830166,9604.047899500001,8.931708723782364,105092,1723791
branch,count1089_last_21_split5_divide2_workers8,count1089,last,21,107,5,107;109;115;117;121,8,2,20263021,10111,10111,9,UNSAT,False,False,,716.5256134170049,1150.312793249992,9604.047899500001,8.349075100143478,105092,1723791
branch,count1089_last_21_split5_divide2_workers8,count1089,last,21,107,5,107;109;115;117;121,8,2,20263021,11000,11000,11,UNSAT,False,False,,653.8118527919869,1156.0522215419915,9604.047899500001,8.307624621567454,105092,1723791
checkpoint,count1089_last_21_split5_divide2_workers8,count1089,last,21,107,5,107;109;115;117;121,8,2,20263021,,,,RUNNING,False,False,,0.0,1202.2941729580052,9604.047899500001,7.988101510856661,105092,1723791
branch,count1089_last_21_split5_divide2_workers8,count1089,last,21,107,5,107;109;115;117;121,8,2,20263021,00101,00101,13,UNSAT,False,False,,670.6300891249848,1202.4327435420128,9604.047899500001,7.987180947193191,105092,1723791
checkpoint,count1089_last_21_split5_divide2_workers8,count1089,last,21,107,5,107;109;115;117;121,8,2,20263021,,,,RUNNING,False,False,,0.0,1502.6603107080155,9604.047899500001,6.391363258256829,105092,1723791
branch,count1089_last_21_split5_divide2_workers8,count1089,last,21,107,5,107;109;115;117;121,8,2,20263021,00100,00100,21,UNSAT,False,False,,492.30055262497626,1567.6768872500106,9604.047899500001,6.1262929737691305,105092,1723791
branch,count1089_last_21_split5_divide2_workers8,count1089,last,21,107,5,107;109;115;117;121,8,2,20263021,00110,00110,19,UNSAT,False,False,,566.8787506670051,1602.7817546669976,9604.047899500001,5.992112071113131,105092,1723791
branch,count1089_last_21_split5_divide2_workers8,count1089,last,21,107,5,107;109;115;117;121,8,2,20263021,00010,00010,17,UNSAT,False,False,,615.145195457997,1614.1312138329959,9604.047899500001,5.949979665341924,105092,1723791
branch,count1089_last_21_split5_divide2_workers8,count1089,last,21,107,5,107;109;115;117;121,8,2,20263021,00111,00111,20,UNSAT,False,False,,562.351758208999,1634.6099332500016,9604.047899500001,5.875437132823989,105092,1723791
branch,count1089_last_21_split5_divide2_workers8,count1089,last,21,107,5,107;109;115;117;121,8,2,20263021,00000,00000,23,UNSAT,False,False,,521.4711448749877,1677.615854292002,9604.047899500001,5.724819466225873,105092,1723791
branch,count1089_last_21_split5_divide2_workers8,count1089,last,21,107,5,107;109;115;117;121,8,2,20263021,10000,10000,18,UNSAT,False,False,,647.7214068329777,1678.3089771250088,9604.047899500001,5.7224551798275005,105092,1723791
branch,count1089_last_21_split5_divide2_workers8,count1089,last,21,107,5,107;109;115;117;121,8,2,20263021,11101,11101,22,UNSAT,False,False,,561.8426549170108,1712.2478868330072,9604.047899500001,5.609028910681709,105092,1723791
branch,count1089_last_21_split5_divide2_workers8,count1089,last,21,107,5,107;109;115;117;121,8,2,20263021,10110,10110,24,UNSAT,False,False,,545.6517772499938,1748.1731826250034,9604.047899500001,5.493762285655736,105092,1723791
checkpoint,count1089_last_21_split5_divide2_workers8,count1089,last,21,107,5,107;109;115;117;121,8,2,20263021,,,,RUNNING,False,False,,0.0,1803.4761117080052,9604.047899500001,5.325298093582378,105092,1723791
branch,count1089_last_21_split5_divide2_workers8,count1089,last,21,107,5,107;109;115;117;121,8,2,20263021,10010,10010,29,UNSAT,False,False,,414.8793773750076,2092.579343167017,9604.047899500001,4.589574073193679,105092,1723791
checkpoint,count1089_last_21_split5_divide2_workers8,count1089,last,21,107,5,107;109;115;117;121,8,2,20263021,,,,RUNNING,False,False,,0.0,2103.5976044580166,9604.047899500001,4.565534719732886,105092,1723791
branch,count1089_last_21_split5_divide2_workers8,count1089,last,21,107,5,107;109;115;117;121,8,2,20263021,00001,00001,25,UNSAT,False,False,,583.9752773329965,2151.728332208004,9604.047899500001,4.463410996519609,105092,1723791
branch,count1089_last_21_split5_divide2_workers8,count1089,last,21,107,5,107;109;115;117;121,8,2,20263021,10001,10001,26,UNSAT,False,False,,584.4372111249832,2187.292569083016,9604.047899500001,4.390838260620219,105092,1723791
branch,count1089_last_21_split5_divide2_workers8,count1089,last,21,107,5,107;109;115;117;121,8,2,20263021,01010,01010,32,SAT,True,True,000102030405060708090A0B0C0D0E0F,451.07974500002456,2199.342432708014,9604.047899500001,4.366781523727843,105092,1723791
summary,count1089_last_21_split5_divide2_workers8,count1089,last,21,107,5,107;109;115;117;121,8,2,20263021,01010,01010,32,SAT_FOUND,True,True,000102030405060708090A0B0C0D0E0F,451.07974500002456,2199.384826041991,9604.047899500001,4.366697353633847,105092,1723791
checkpoint,count1089_last_21_split5_divide3_workers8,count1089,last,21,107,5,109;113;120;121;123,8,3,20263022,,,,RUNNING,False,False,,0.0,300.6915206669946,9604.047899500001,31.93986939903154,105092,1723791
branch,count1089_last_21_split5_divide3_workers8,count1089,last,21,107,5,109;113;120;121;123,8,3,20263022,10101,10101,4,UNSAT,False,False,,446.72688624999137,446.9867779999913,9604.047899500001,21.486201320031412,105092,1723791
branch,count1089_last_21_split5_divide3_workers8,count1089,last,21,107,5,109;113;120;121;123,8,3,20263022,01011,01011,2,UNSAT,False,False,,481.36919512497843,481.48074383399216,9604.047899500001,19.94689927373574,105092,1723791
branch,count1089_last_21_split5_divide3_workers8,count1089,last,21,107,5,109;113;120;121;123,8,3,20263022,10110,10110,7,UNSAT,False,False,,497.9430853340018,498.4768050420098,9604.047899500001,19.26678995362805,105092,1723791
branch,count1089_last_21_split5_divide3_workers8,count1089,last,21,107,5,109;113;120;121;123,8,3,20263022,00000,00000,1,UNSAT,False,False,,503.192816958006,503.2459220419987,9604.047899500001,19.084204121376843,105092,1723791
branch,count1089_last_21_split5_divide3_workers8,count1089,last,21,107,5,109;113;120;121;123,8,3,20263022,00001,00001,3,UNSAT,False,False,,525.857917959016,526.0465387500008,9604.047899500001,18.257030874723128,105092,1723791
branch,count1089_last_21_split5_divide3_workers8,count1089,last,21,107,5,109;113;120;121;123,8,3,20263022,01110,01110,8,UNSAT,False,False,,543.4965694170096,544.1393518339901,9604.047899500001,17.649978570985752,105092,1723791
branch,count1089_last_21_split5_divide3_workers8,count1089,last,21,107,5,109;113;120;121;123,8,3,20263022,11101,11101,5,UNSAT,False,False,,560.6175806250249,560.9647890419874,9604.047899500001,17.1205895398564,105092,1723791
branch,count1089_last_21_split5_divide3_workers8,count1089,last,21,107,5,109;113;120;121;123,8,3,20263022,10111,10111,6,UNSAT,False,False,,586.671763374994,587.1146457499999,9604.047899500001,16.358045177414148,105092,1723791
checkpoint,count1089_last_21_split5_divide3_workers8,count1089,last,21,107,5,109;113;120;121;123,8,3,20263022,,,,RUNNING,False,False,,0.0,601.2383710840077,9604.047899500001,15.97377739245801,105092,1723791
checkpoint,count1089_last_21_split5_divide3_workers8,count1089,last,21,107,5,109;113;120;121;123,8,3,20263022,,,,RUNNING,False,False,,0.0,901.3836093749851,9604.047899500001,10.654784266777826,105092,1723791
branch,count1089_last_21_split5_divide3_workers8,count1089,last,21,107,5,109;113;120;121;123,8,3,20263022,00110,00110,11,UNSAT,False,False,,494.6660369579913,993.2307058339939,9604.047899500001,9.669503613901762,105092,1723791
branch,count1089_last_21_split5_divide3_workers8,count1089,last,21,107,5,109;113;120;121;123,8,3,20263022,00101,00101,9,UNSAT,False,False,,553.1464922080049,1000.2562022499915,9604.047899500001,9.601587951063447,105092,1723791
branch,count1089_last_21_split5_divide3_workers8,count1089,last,21,107,5,109;113;120;121;123,8,3,20263022,01001,01001,12,UNSAT,False,False,,497.73171845800243,1001.064813999983,9604.047899500001,9.59383225260394,105092,1723791
branch,count1089_last_21_split5_divide3_workers8,count1089,last,21,107,5,109;113;120;121;123,8,3,20263022,00100,00100,13,UNSAT,False,False,,484.5928453329834,1010.7375897919992,9604.047899500001,9.50201911603627,105092,1723791
branch,count1089_last_21_split5_divide3_workers8,count1089,last,21,107,5,109;113;120;121;123,8,3,20263022,00010,00010,16,UNSAT,False,False,,477.77763337499346,1064.9914643749944,9604.047899500001,9.017957627609979,105092,1723791
branch,count1089_last_21_split5_divide3_workers8,count1089,last,21,107,5,109;113;120;121;123,8,3,20263022,10011,10011,10,UNSAT,False,False,,634.3053616250108,1115.8914349169936,9604.047899500001,8.606614943876153,105092,1723791
checkpoint,count1089_last_21_split5_divide3_workers8,count1089,last,21,107,5,109;113;120;121;123,8,3,20263022,,,,RUNNING,False,False,,0.0,1202.3042612090067,9604.047899500001,7.988034484584139,105092,1723791
branch,count1089_last_21_split5_divide3_workers8,count1089,last,21,107,5,109;113;120;121;123,8,3,20263022,00011,00011,15,UNSAT,False,False,,685.3342933749955,1246.3883722919854,9604.047899500001,7.705501842767599,105092,1723791
branch,count1089_last_21_split5_divide3_workers8,count1089,last,21,107,5,109;113;120;121;123,8,3,20263022,11001,11001,14,UNSAT,False,False,,759.826249167003,1304.0534835419967,9604.047899500001,7.364765341843209,105092,1723791
branch,count1089_last_21_split5_divide3_workers8,count1089,last,21,107,5,109;113;120;121;123,8,3,20263022,10100,10100,17,UNSAT,False,False,,429.1413435830036,1422.4557907090057,9604.047899500001,6.751737356078379,105092,1723791
checkpoint,count1089_last_21_split5_divide3_workers8,count1089,last,21,107,5,109;113;120;121;123,8,3,20263022,,,,RUNNING,False,False,,0.0,1502.7726126670022,9604.047899500001,6.390885632694287,105092,1723791
branch,count1089_last_21_split5_divide3_workers8,count1089,last,21,107,5,109;113;120;121;123,8,3,20263022,11000,11000,18,UNSAT,False,False,,522.5204585829924,1522.8528939590033,9604.047899500001,6.306615653815444,105092,1723791
branch,count1089_last_21_split5_divide3_workers8,count1089,last,21,107,5,109;113;120;121;123,8,3,20263022,11011,11011,20,UNSAT,False,False,,582.0994580409897,1592.9348015419964,9604.047899500001,6.029153164462895,105092,1723791
branch,count1089_last_21_split5_divide3_workers8,count1089,last,21,107,5,109;113;120;121;123,8,3,20263022,10000,10000,24,SAT,True,True,000102030405060708090A0B0C0D0E0F,297.92502362502273,1602.0557839169924,9604.047899500001,5.994827393599434,105092,1723791
summary,count1089_last_21_split5_divide3_workers8,count1089,last,21,107,5,109;113;120;121;123,8,3,20263022,10000,10000,24,SAT_FOUND,True,True,000102030405060708090A0B0C0D0E0F,297.92502362502273,1602.0908039170026,9604.047899500001,5.994696353052373,105092,1723791
checkpoint,count1089_last_22_split5_divide1_workers8,count1089,last,22,106,5,111;113;118;120;125,8,1,20263120,,,,RUNNING,False,False,,0.0,300.68039912497625,,,105092,1723790
checkpoint,count1089_last_22_split5_divide1_workers8,count1089,last,22,106,5,111;113;118;120;125,8,1,20263120,,,,RUNNING,False,False,,0.0,600.7771116669755,,,105092,1723790
branch,count1089_last_22_split5_divide1_workers8,count1089,last,22,106,5,111;113;118;120;125,8,1,20263120,01001,01001,5,UNSAT,False,False,,795.6368426670088,795.9726995419769,,,105092,1723790
branch,count1089_last_22_split5_divide1_workers8,count1089,last,22,106,5,111;113;118;120;125,8,1,20263120,11000,11000,3,UNSAT,False,False,,829.7151918750023,829.9005797919817,,,105092,1723790
branch,count1089_last_22_split5_divide1_workers8,count1089,last,22,106,5,111;113;118;120;125,8,1,20263120,00001,00001,8,UNSAT,False,False,,843.849852082989,844.459125207999,,,105092,1723790
branch,count1089_last_22_split5_divide1_workers8,count1089,last,22,106,5,111;113;118;120;125,8,1,20263120,10110,10110,2,UNSAT,False,False,,894.44550320899,894.5623654999945,,,105092,1723790
checkpoint,count1089_last_22_split5_divide1_workers8,count1089,last,22,106,5,111;113;118;120;125,8,1,20263120,,,,RUNNING,False,False,,0.0,901.6433049579791,,,105092,1723790
branch,count1089_last_22_split5_divide1_workers8,count1089,last,22,106,5,111;113;118;120;125,8,1,20263120,01000,01000,1,UNSAT,False,False,,1026.3318508750235,1026.3815915419837,,,105092,1723790
branch,count1089_last_22_split5_divide1_workers8,count1089,last,22,106,5,111;113;118;120;125,8,1,20263120,11100,11100,7,UNSAT,False,False,,1064.9184435829811,1065.4236556249962,,,105092,1723790
branch,count1089_last_22_split5_divide1_workers8,count1089,last,22,106,5,111;113;118;120;125,8,1,20263120,00000,00000,4,UNSAT,False,False,,1066.1518747910159,1066.4140712919761,,,105092,1723790
branch,count1089_last_22_split5_divide1_workers8,count1089,last,22,106,5,111;113;118;120;125,8,1,20263120,10010,10010,6,UNSAT,False,False,,1127.6809537079826,1128.092502582993,,,105092,1723790
checkpoint,count1089_last_22_split5_divide1_workers8,count1089,last,22,106,5,111;113;118;120;125,8,1,20263120,,,,RUNNING,False,False,,0.0,1202.4173695829813,,,105092,1723790
checkpoint,count1089_last_22_split5_divide1_workers8,count1089,last,22,106,5,111;113;118;120;125,8,1,20263120,,,,RUNNING,False,False,,0.0,1502.7736305419821,,,105092,1723790
checkpoint,count1089_last_22_split5_divide1_workers8,count1089,last,22,106,5,111;113;118;120;125,8,1,20263120,,,,RUNNING,False,False,,0.0,1803.6731824579765,,,105092,1723790
checkpoint,count1089_last_22_split5_divide1_workers8,count1089,last,22,106,5,111;113;118;120;125,8,1,20263120,,,,RUNNING,False,False,,0.0,2104.436867499986,,,105092,1723790
branch,count1089_last_22_split5_divide1_workers8,count1089,last,22,106,5,111;113;118;120;125,8,1,20263120,11001,11001,10,UNSAT,False,False,,1544.209811082983,2374.2171569999773,,,105092,1723790
checkpoint,count1089_last_22_split5_divide1_workers8,count1089,last,22,106,5,111;113;118;120;125,8,1,20263120,,,,RUNNING,False,False,,0.0,2404.523518916976,,,105092,1723790
branch,count1089_last_22_split5_divide1_workers8,count1089,last,22,106,5,111;113;118;120;125,8,1,20263120,10100,10100,9,UNSAT,False,False,,1644.8113543750078,2440.9351072919962,,,105092,1723790
branch,count1089_last_22_split5_divide1_workers8,count1089,last,22,106,5,111;113;118;120;125,8,1,20263120,10001,10001,11,UNSAT,False,False,,1620.3465928749938,2464.9086261249904,,,105092,1723790
branch,count1089_last_22_split5_divide1_workers8,count1089,last,22,106,5,111;113;118;120;125,8,1,20263120,01011,01011,12,UNSAT,False,False,,1578.8007071249885,2473.4967873749847,,,105092,1723790
branch,count1089_last_22_split5_divide1_workers8,count1089,last,22,106,5,111;113;118;120;125,8,1,20263120,00110,00110,14,UNSAT,False,False,,1497.7514280420146,2563.286406874977,,,105092,1723790
branch,count1089_last_22_split5_divide1_workers8,count1089,last,22,106,5,111;113;118;120;125,8,1,20263120,00111,00111,15,UNSAT,False,False,,1614.2040087909845,2680.7349620419845,,,105092,1723790
checkpoint,count1089_last_22_split5_divide1_workers8,count1089,last,22,106,5,111;113;118;120;125,8,1,20263120,,,,RUNNING,False,False,,0.0,2704.9201412079856,,,105092,1723790
branch,count1089_last_22_split5_divide1_workers8,count1089,last,22,106,5,111;113;118;120;125,8,1,20263120,11101,11101,16,UNSAT,False,False,,1632.9080267500249,2761.1118822079734,,,105092,1723790
checkpoint,count1089_last_22_split5_divide1_workers8,count1089,last,22,106,5,111;113;118;120;125,8,1,20263120,,,,RUNNING,False,False,,0.0,3005.4520742079767,,,105092,1723790
branch,count1089_last_22_split5_divide1_workers8,count1089,last,22,106,5,111;113;118;120;125,8,1,20263120,01101,01101,13,UNSAT,False,False,,1989.7312642499746,3016.2373568329785,,,105092,1723790
checkpoint,count1089_last_22_split5_divide1_workers8,count1089,last,22,106,5,111;113;118;120;125,8,1,20263120,,,,RUNNING,False,False,,0.0,3306.250016874983,,,105092,1723790
checkpoint,count1089_last_22_split5_divide1_workers8,count1089,last,22,106,5,111;113;118;120;125,8,1,20263120,,,,RUNNING,False,False,,0.0,3606.8313633329817,,,105092,1723790
branch,count1089_last_22_split5_divide1_workers8,count1089,last,22,106,5,111;113;118;120;125,8,1,20263120,00010,00010,17,UNSAT,False,False,,1526.8117432500003,3901.224223541998,,,105092,1723790
checkpoint,count1089_last_22_split5_divide1_workers8,count1089,last,22,106,5,111;113;118;120;125,8,1,20263120,,,,RUNNING,False,False,,0.0,3907.333562791988,,,105092,1723790
checkpoint,count1089_last_22_split5_divide1_workers8,count1089,last,22,106,5,111;113;118;120;125,8,1,20263120,,,,RUNNING,False,False,,0.0,4207.3900247919955,,,105092,1723790
branch,count1089_last_22_split5_divide1_workers8,count1089,last,22,106,5,111;113;118;120;125,8,1,20263120,10101,10101,21,SAT,True,True,000102030405060708090A0B0C0D0E0F,1738.8570368340006,4302.269420707977,,,105092,1723790
summary,count1089_last_22_split5_divide1_workers8,count1089,last,22,106,5,111;113;118;120;125,8,1,20263120,10101,10101,21,SAT_FOUND,True,True,000102030405060708090A0B0C0D0E0F,1738.8570368340006,4302.444712707977,,,105092,1723790
checkpoint,count1089_last_22_split5_divide2_workers8,count1089,last,22,106,5,108;113;114;120;127,8,2,20263121,,,,RUNNING,False,False,,0.0,300.4204812500102,,,105092,1723790
checkpoint,count1089_last_22_split5_divide2_workers8,count1089,last,22,106,5,108;113;114;120;127,8,2,20263121,,,,RUNNING,False,False,,0.0,600.4408698750194,,,105092,1723790
checkpoint,count1089_last_22_split5_divide2_workers8,count1089,last,22,106,5,108;113;114;120;127,8,2,20263121,,,,RUNNING,False,False,,0.0,900.600314625015,,,105092,1723790
branch,count1089_last_22_split5_divide2_workers8,count1089,last,22,106,5,108;113;114;120;127,8,2,20263121,01110,01110,8,UNSAT,False,False,,947.8528155419917,948.6423132079944,,,105092,1723790
branch,count1089_last_22_split5_divide2_workers8,count1089,last,22,106,5,108;113;114;120;127,8,2,20263121,01101,01101,4,UNSAT,False,False,,1087.3855497910117,1087.7122825410042,,,105092,1723790
branch,count1089_last_22_split5_divide2_workers8,count1089,last,22,106,5,108;113;114;120;127,8,2,20263121,10011,10011,1,UNSAT,False,False,,1093.0202841669961,1093.0794060000044,,,105092,1723790
branch,count1089_last_22_split5_divide2_workers8,count1089,last,22,106,5,108;113;114;120;127,8,2,20263121,10001,10001,6,SAT,True,True,000102030405060708090A0B0C0D0E0F,1125.5933407910052,1126.129468708008,,,105092,1723790
summary,count1089_last_22_split5_divide2_workers8,count1089,last,22,106,5,108;113;114;120;127,8,2,20263121,10001,10001,6,SAT_FOUND,True,True,000102030405060708090A0B0C0D0E0F,1125.5933407910052,1126.2077567499946,,,105092,1723790
checkpoint,count1089_last_22_split5_divide3_workers8,count1089,last,22,106,5,111;112;117;123;126,8,3,20263122,,,,RUNNING,False,False,,0.0,300.68400066599133,,,105092,1723790
checkpoint,count1089_last_22_split5_divide3_workers8,count1089,last,22,106,5,111;112;117;123;126,8,3,20263122,,,,RUNNING,False,False,,0.0,600.92491099998,,,105092,1723790
checkpoint,count1089_last_22_split5_divide3_workers8,count1089,last,22,106,5,111;112;117;123;126,8,3,20263122,,,,RUNNING,False,False,,0.0,901.1502996659838,,,105092,1723790
branch,count1089_last_22_split5_divide3_workers8,count1089,last,22,106,5,111;112;117;123;126,8,3,20263122,00011,00011,4,UNSAT,False,False,,1057.7017304999754,1057.9537252080045,,,105092,1723790
branch,count1089_last_22_split5_divide3_workers8,count1089,last,22,106,5,111;112;117;123;126,8,3,20263122,10110,10110,3,UNSAT,False,False,,1062.9110827080149,1063.0965069159865,,,105092,1723790
branch,count1089_last_22_split5_divide3_workers8,count1089,last,22,106,5,111;112;117;123;126,8,3,20263122,00101,00101,5,UNSAT,False,False,,1078.622111833014,1078.9475635409763,,,105092,1723790
branch,count1089_last_22_split5_divide3_workers8,count1089,last,22,106,5,111;112;117;123;126,8,3,20263122,10000,10000,7,UNSAT,False,False,,1084.5360612499935,1085.0292501249933,,,105092,1723790
checkpoint,count1089_last_22_split5_divide3_workers8,count1089,last,22,106,5,111;112;117;123;126,8,3,20263122,,,,RUNNING,False,False,,0.0,1201.561373332981,,,105092,1723790
branch,count1089_last_22_split5_divide3_workers8,count1089,last,22,106,5,111;112;117;123;126,8,3,20263122,00110,00110,6,UNSAT,False,False,,1298.6537555419782,1299.0563903749862,,,105092,1723790
branch,count1089_last_22_split5_divide3_workers8,count1089,last,22,106,5,111;112;117;123;126,8,3,20263122,11110,11110,2,UNSAT,False,False,,1454.567497333017,1454.679193707998,,,105092,1723790
checkpoint,count1089_last_22_split5_divide3_workers8,count1089,last,22,106,5,111;112;117;123;126,8,3,20263122,,,,RUNNING,False,False,,0.0,1501.9440160829981,,,105092,1723790
branch,count1089_last_22_split5_divide3_workers8,count1089,last,22,106,5,111;112;117;123;126,8,3,20263122,00100,00100,1,UNSAT,False,False,,1545.9649685000186,1546.023158875003,,,105092,1723790
branch,count1089_last_22_split5_divide3_workers8,count1089,last,22,106,5,111;112;117;123;126,8,3,20263122,00111,00111,8,UNSAT,False,False,,1608.5039222080086,1609.0889115000027,,,105092,1723790
checkpoint,count1089_last_22_split5_divide3_workers8,count1089,last,22,106,5,111;112;117;123;126,8,3,20263122,,,,RUNNING,False,False,,0.0,1802.9156628329947,,,105092,1723790
checkpoint,count1089_last_22_split5_divide3_workers8,count1089,last,22,106,5,111;112;117;123;126,8,3,20263122,,,,RUNNING,False,False,,0.0,2103.0861790409836,,,105092,1723790
branch,count1089_last_22_split5_divide3_workers8,count1089,last,22,106,5,111;112;117;123;126,8,3,20263122,10100,10100,10,UNSAT,False,False,,1066.909302791988,2130.122177249985,,,105092,1723790
branch,count1089_last_22_split5_divide3_workers8,count1089,last,22,106,5,111;112;117;123;126,8,3,20263122,11011,11011,9,UNSAT,False,False,,1086.581059417018,2144.6558757500025,,,105092,1723790
branch,count1089_last_22_split5_divide3_workers8,count1089,last,22,106,5,111;112;117;123;126,8,3,20263122,11100,11100,11,UNSAT,False,False,,1089.2496993330133,2168.2878545830026,,,105092,1723790
branch,count1089_last_22_split5_divide3_workers8,count1089,last,22,106,5,111;112;117;123;126,8,3,20263122,11000,11000,12,UNSAT,False,False,,1164.980358040979,2250.1274107909994,,,105092,1723790
checkpoint,count1089_last_22_split5_divide3_workers8,count1089,last,22,106,5,111;112;117;123;126,8,3,20263122,,,,RUNNING,False,False,,0.0,2403.7971616249997,,,105092,1723790
branch,count1089_last_22_split5_divide3_workers8,count1089,last,22,106,5,111;112;117;123;126,8,3,20263122,00010,00010,14,UNSAT,False,False,,1180.7540589580021,2635.5282124999794,,,105092,1723790
branch,count1089_last_22_split5_divide3_workers8,count1089,last,22,106,5,111;112;117;123;126,8,3,20263122,01001,01001,13,UNSAT,False,False,,1377.6508832499967,2676.8104362500017,,,105092,1723790
branch,count1089_last_22_split5_divide3_workers8,count1089,last,22,106,5,111;112;117;123;126,8,3,20263122,11010,11010,15,UNSAT,False,False,,1151.7137422089872,2697.8316785829957,,,105092,1723790
checkpoint,count1089_last_22_split5_divide3_workers8,count1089,last,22,106,5,111;112;117;123;126,8,3,20263122,,,,RUNNING,False,False,,0.0,2703.91737279098,,,105092,1723790
checkpoint,count1089_last_22_split5_divide3_workers8,count1089,last,22,106,5,111;112;117;123;126,8,3,20263122,,,,RUNNING,False,False,,0.0,3003.9367261659936,,,105092,1723790
branch,count1089_last_22_split5_divide3_workers8,count1089,last,22,106,5,111;112;117;123;126,8,3,20263122,01110,01110,16,UNSAT,False,False,,1446.8833097500028,3056.055676958,,,105092,1723790
branch,count1089_last_22_split5_divide3_workers8,count1089,last,22,106,5,111;112;117;123;126,8,3,20263122,00000,00000,17,UNSAT,False,False,,1000.0991492080211,3130.3102585409943,,,105092,1723790
branch,count1089_last_22_split5_divide3_workers8,count1089,last,22,106,5,111;112;117;123;126,8,3,20263122,11001,11001,20,UNSAT,False,False,,912.7423077909916,3162.9683175410028,,,105092,1723790
branch,count1089_last_22_split5_divide3_workers8,count1089,last,22,106,5,111;112;117;123;126,8,3,20263122,00001,00001,18,UNSAT,False,False,,1072.2110282499925,3216.9722510409774,,,105092,1723790
checkpoint,count1089_last_22_split5_divide3_workers8,count1089,last,22,106,5,111;112;117;123;126,8,3,20263122,,,,RUNNING,False,False,,0.0,3304.325169207994,,,105092,1723790
branch,count1089_last_22_split5_divide3_workers8,count1089,last,22,106,5,111;112;117;123;126,8,3,20263122,10101,10101,19,SAT,True,True,000102030405060708090A0B0C0D0E0F,1189.4762415000005,3357.8666708329984,,,105092,1723790
summary,count1089_last_22_split5_divide3_workers8,count1089,last,22,106,5,111;112;117;123;126,8,3,20263122,10101,10101,19,SAT_FOUND,True,True,000102030405060708090A0B0C0D0E0F,1189.4762415000005,3357.923440915998,,,105092,1723790
checkpoint,count1089_last_24_split5_divide1_workers8,count1089,last,24,104,5,112;113;116;118;125,8,1,20263320,,,,RUNNING,False,False,,0.0,300.6137206669955,,,105092,1723788
checkpoint,count1089_last_24_split5_divide1_workers8,count1089,last,24,104,5,112;113;116;118;125,8,1,20263320,,,,RUNNING,False,False,,0.0,600.7693414170062,,,105092,1723788
checkpoint,count1089_last_24_split5_divide1_workers8,count1089,last,24,104,5,112;113;116;118;125,8,1,20263320,,,,RUNNING,False,False,,0.0,901.6957214580034,,,105092,1723788
checkpoint,count1089_last_24_split5_divide1_workers8,count1089,last,24,104,5,112;113;116;118;125,8,1,20263320,,,,RUNNING,False,False,,0.0,1201.7694198329991,,,105092,1723788
checkpoint,count1089_last_24_split5_divide1_workers8,count1089,last,24,104,5,112;113;116;118;125,8,1,20263320,,,,RUNNING,False,False,,0.0,1501.8877470000007,,,105092,1723788
checkpoint,count1089_last_24_split5_divide1_workers8,count1089,last,24,104,5,112;113;116;118;125,8,1,20263320,,,,RUNNING,False,False,,0.0,1801.9834353750048,,,105092,1723788
checkpoint,count1089_last_24_split5_divide1_workers8,count1089,last,24,104,5,112;113;116;118;125,8,1,20263320,,,,RUNNING,False,False,,0.0,2102.206025666994,,,105092,1723788
checkpoint,count1089_last_24_split5_divide1_workers8,count1089,last,24,104,5,112;113;116;118;125,8,1,20263320,,,,RUNNING,False,False,,0.0,2402.282895957993,,,105092,1723788
checkpoint,count1089_last_24_split5_divide1_workers8,count1089,last,24,104,5,112;113;116;118;125,8,1,20263320,,,,RUNNING,False,False,,0.0,2702.3320665420033,,,105092,1723788
checkpoint,count1089_last_24_split5_divide1_workers8,count1089,last,24,104,5,112;113;116;118;125,8,1,20263320,,,,RUNNING,False,False,,0.0,3003.2956641250057,,,105092,1723788
checkpoint,count1089_last_24_split5_divide1_workers8,count1089,last,24,104,5,112;113;116;118;125,8,1,20263320,,,,RUNNING,False,False,,0.0,3304.16280416699,,,105092,1723788
branch,count1089_last_24_split5_divide1_workers8,count1089,last,24,104,5,112;113;116;118;125,8,1,20263320,01001,01001,3,UNSAT,False,False,,3376.520185500005,3376.728995667014,,,105092,1723788
branch,count1089_last_24_split5_divide1_workers8,count1089,last,24,104,5,112;113;116;118;125,8,1,20263320,11111,11111,6,UNSAT,False,False,,3409.687812042015,3410.1159084170067,,,105092,1723788
checkpoint,count1089_last_24_split5_divide1_workers8,count1089,last,24,104,5,112;113;116;118;125,8,1,20263320,,,,RUNNING,False,False,,0.0,3605.0054924169963,,,105092,1723788
branch,count1089_last_24_split5_divide1_workers8,count1089,last,24,104,5,112;113;116;118;125,8,1,20263320,01010,01010,4,UNSAT,False,False,,3618.8481717080285,3619.122654417006,,,105092,1723788
checkpoint,count1089_last_24_split5_divide1_workers8,count1089,last,24,104,5,112;113;116;118;125,8,1,20263320,,,,RUNNING,False,False,,0.0,3905.1316210000077,,,105092,1723788
branch,count1089_last_24_split5_divide1_workers8,count1089,last,24,104,5,112;113;116;118;125,8,1,20263320,11010,11010,5,UNSAT,False,False,,4041.386800708977,4041.740644042002,,,105092,1723788
branch,count1089_last_24_split5_divide1_workers8,count1089,last,24,104,5,112;113;116;118;125,8,1,20263320,00110,00110,8,UNSAT,False,False,,4139.577017666015,4140.195600042003,,,105092,1723788
branch,count1089_last_24_split5_divide1_workers8,count1089,last,24,104,5,112;113;116;118;125,8,1,20263320,00010,00010,2,UNSAT,False,False,,4151.098195833998,4151.214892167016,,,105092,1723788
checkpoint,count1089_last_24_split5_divide1_workers8,count1089,last,24,104,5,112;113;116;118;125,8,1,20263320,,,,RUNNING,False,False,,0.0,4205.446763707994,,,105092,1723788
branch,count1089_last_24_split5_divide1_workers8,count1089,last,24,104,5,112;113;116;118;125,8,1,20263320,01100,01100,1,UNSAT,False,False,,4215.804004042002,4215.851014457992,,,105092,1723788
checkpoint,count1089_last_24_split5_divide1_workers8,count1089,last,24,104,5,112;113;116;118;125,8,1,20263320,,,,RUNNING,False,False,,0.0,4505.951794833003,,,105092,1723788
branch,count1089_last_24_split5_divide1_workers8,count1089,last,24,104,5,112;113;116;118;125,8,1,20263320,00011,00011,7,UNSAT,False,False,,4571.169322375004,4571.69123895801,,,105092,1723788
checkpoint,count1089_last_24_split5_divide1_workers8,count1089,last,24,104,5,112;113;116;118;125,8,1,20263320,,,,RUNNING,False,False,,0.0,4806.449246375007,,,105092,1723788
checkpoint,count1089_last_24_split5_divide1_workers8,count1089,last,24,104,5,112;113;116;118;125,8,1,20263320,,,,RUNNING,False,False,,0.0,5107.358154791989,,,105092,1723788
checkpoint,count1089_last_24_split5_divide1_workers8,count1089,last,24,104,5,112;113;116;118;125,8,1,20263320,,,,RUNNING,False,False,,0.0,5407.396800541988,,,105092,1723788
checkpoint,count1089_last_24_split5_divide1_workers8,count1089,last,24,104,5,112;113;116;118;125,8,1,20263320,,,,RUNNING,False,False,,0.0,5708.388000375009,,,105092,1723788
checkpoint,count1089_last_24_split5_divide1_workers8,count1089,last,24,104,5,112;113;116;118;125,8,1,20263320,,,,RUNNING,False,False,,0.0,6008.541171124991,,,105092,1723788
checkpoint,count1089_last_24_split5_divide1_workers8,count1089,last,24,104,5,112;113;116;118;125,8,1,20263320,,,,RUNNING,False,False,,0.0,6308.681395124993,,,105092,1723788
checkpoint,count1089_last_24_split5_divide1_workers8,count1089,last,24,104,5,112;113;116;118;125,8,1,20263320,,,,RUNNING,False,False,,0.0,6608.8232653750165,,,105092,1723788
checkpoint,count1089_last_24_split5_divide1_workers8,count1089,last,24,104,5,112;113;116;118;125,8,1,20263320,,,,RUNNING,False,False,,0.0,6909.753512249998,,,105092,1723788
branch,count1089_last_24_split5_divide1_workers8,count1089,last,24,104,5,112;113;116;118;125,8,1,20263320,10011,10011,11,UNSAT,False,False,,3304.586433208984,6923.820114875009,,,105092,1723788
branch,count1089_last_24_split5_divide1_workers8,count1089,last,24,104,5,112;113;116;118;125,8,1,20263320,00111,00111,9,SAT,True,True,000102030405060708090A0B0C0D0E0F,3710.753602667013,7087.629850083002,,,105092,1723788
summary,count1089_last_24_split5_divide1_workers8,count1089,last,24,104,5,112;113;116;118;125,8,1,20263320,00111,00111,9,SAT_FOUND,True,True,000102030405060708090A0B0C0D0E0F,3710.753602667013,7087.734490000003,,,105092,1723788
checkpoint,count1089_last_24_split5_divide2_workers8,count1089,last,24,104,5,105;107;112;113;115,8,2,20263321,,,,RUNNING,False,False,,0.0,300.7731115419883,,,105092,1723788
checkpoint,count1089_last_24_split5_divide2_workers8,count1089,last,24,104,5,105;107;112;113;115,8,2,20263321,,,,RUNNING,False,False,,0.0,600.9969632079883,,,105092,1723788
checkpoint,count1089_last_24_split5_divide2_workers8,count1089,last,24,104,5,105;107;112;113;115,8,2,20263321,,,,RUNNING,False,False,,0.0,901.1137717500096,,,105092,1723788
checkpoint,count1089_last_24_split5_divide2_workers8,count1089,last,24,104,5,105;107;112;113;115,8,2,20263321,,,,RUNNING,False,False,,0.0,1201.314424125012,,,105092,1723788
checkpoint,count1089_last_24_split5_divide2_workers8,count1089,last,24,104,5,105;107;112;113;115,8,2,20263321,,,,RUNNING,False,False,,0.0,1501.5403124580043,,,105092,1723788
checkpoint,count1089_last_24_split5_divide2_workers8,count1089,last,24,104,5,105;107;112;113;115,8,2,20263321,,,,RUNNING,False,False,,0.0,1802.4300501249963,,,105092,1723788
checkpoint,count1089_last_24_split5_divide2_workers8,count1089,last,24,104,5,105;107;112;113;115,8,2,20263321,,,,RUNNING,False,False,,0.0,2103.426038833015,,,105092,1723788
checkpoint,count1089_last_24_split5_divide2_workers8,count1089,last,24,104,5,105;107;112;113;115,8,2,20263321,,,,RUNNING,False,False,,0.0,2404.4061276669963,,,105092,1723788
checkpoint,count1089_last_24_split5_divide2_workers8,count1089,last,24,104,5,105;107;112;113;115,8,2,20263321,,,,RUNNING,False,False,,0.0,2704.549133583001,,,105092,1723788
checkpoint,count1089_last_24_split5_divide2_workers8,count1089,last,24,104,5,105;107;112;113;115,8,2,20263321,,,,RUNNING,False,False,,0.0,3004.6886356250034,,,105092,1723788
checkpoint,count1089_last_24_split5_divide2_workers8,count1089,last,24,104,5,105;107;112;113;115,8,2,20263321,,,,RUNNING,False,False,,0.0,3305.0149639169977,,,105092,1723788
checkpoint,count1089_last_24_split5_divide2_workers8,count1089,last,24,104,5,105;107;112;113;115,8,2,20263321,,,,RUNNING,False,False,,0.0,3605.2140744169883,,,105092,1723788
checkpoint,count1089_last_24_split5_divide2_workers8,count1089,last,24,104,5,105;107;112;113;115,8,2,20263321,,,,RUNNING,False,False,,0.0,3905.99496916699,,,105092,1723788
checkpoint,count1089_last_24_split5_divide2_workers8,count1089,last,24,104,5,105;107;112;113;115,8,2,20263321,,,,RUNNING,False,False,,0.0,4206.990440207999,,,105092,1723788
branch,count1089_last_24_split5_divide2_workers8,count1089,last,24,104,5,105;107;112;113;115,8,2,20263321,10101,10101,1,UNSAT,False,False,,4432.914856874995,4432.978808832995,,,105092,1723788
checkpoint,count1089_last_24_split5_divide2_workers8,count1089,last,24,104,5,105;107;112;113;115,8,2,20263321,,,,RUNNING,False,False,,0.0,4507.483204082993,,,105092,1723788
branch,count1089_last_24_split5_divide2_workers8,count1089,last,24,104,5,105;107;112;113;115,8,2,20263321,11000,11000,3,UNSAT,False,False,,4616.465119583998,4616.674824624992,,,105092,1723788
checkpoint,count1089_last_24_split5_divide2_workers8,count1089,last,24,104,5,105;107;112;113;115,8,2,20263321,,,,RUNNING,False,False,,0.0,4807.72294800001,,,105092,1723788
checkpoint,count1089_last_24_split5_divide2_workers8,count1089,last,24,104,5,105;107;112;113;115,8,2,20263321,,,,RUNNING,False,False,,0.0,5107.978392249992,,,105092,1723788
branch,count1089_last_24_split5_divide2_workers8,count1089,last,24,104,5,105;107;112;113;115,8,2,20263321,11011,11011,6,UNSAT,False,False,,5161.9418655829795,5162.371455249988,,,105092,1723788
branch,count1089_last_24_split5_divide2_workers8,count1089,last,24,104,5,105;107;112;113;115,8,2,20263321,10100,10100,2,UNSAT,False,False,,5343.112822083,5343.253284792008,,,105092,1723788
checkpoint,count1089_last_24_split5_divide2_workers8,count1089,last,24,104,5,105;107;112;113;115,8,2,20263321,,,,RUNNING,False,False,,0.0,5408.003505500004,,,105092,1723788
branch,count1089_last_24_split5_divide2_workers8,count1089,last,24,104,5,105;107;112;113;115,8,2,20263321,10110,10110,5,UNSAT,False,False,,5410.303356958,5410.638941749989,,,105092,1723788
checkpoint,count1089_last_24_split5_divide2_workers8,count1089,last,24,104,5,105;107;112;113;115,8,2,20263321,,,,RUNNING,False,False,,0.0,5708.9656709170085,,,105092,1723788
branch,count1089_last_24_split5_divide2_workers8,count1089,last,24,104,5,105;107;112;113;115,8,2,20263321,01110,01110,7,UNSAT,False,False,,5786.952496249985,5787.515506625001,,,105092,1723788
branch,count1089_last_24_split5_divide2_workers8,count1089,last,24,104,5,105;107;112;113;115,8,2,20263321,01011,01011,8,UNSAT,False,False,,5967.4034867909795,5968.014917833003,,,105092,1723788
checkpoint,count1089_last_24_split5_divide2_workers8,count1089,last,24,104,5,105;107;112;113;115,8,2,20263321,,,,RUNNING,False,False,,0.0,6009.245341500005,,,105092,1723788
branch,count1089_last_24_split5_divide2_workers8,count1089,last,24,104,5,105;107;112;113;115,8,2,20263321,01111,01111,4,UNSAT,False,False,,6173.67415454099,6173.956923457998,,,105092,1723788
checkpoint,count1089_last_24_split5_divide2_workers8,count1089,last,24,104,5,105;107;112;113;115,8,2,20263321,,,,RUNNING,False,False,,0.0,6309.653883541992,,,105092,1723788
checkpoint,count1089_last_24_split5_divide2_workers8,count1089,last,24,104,5,105;107;112;113;115,8,2,20263321,,,,RUNNING,False,False,,0.0,6610.106735083013,,,105092,1723788
checkpoint,count1089_last_24_split5_divide2_workers8,count1089,last,24,104,5,105;107;112;113;115,8,2,20263321,,,,RUNNING,False,False,,0.0,6910.466699874989,,,105092,1723788
checkpoint,count1089_last_24_split5_divide2_workers8,count1089,last,24,104,5,105;107;112;113;115,8,2,20263321,,,,RUNNING,False,False,,0.0,7210.821998375002,,,105092,1723788
checkpoint,count1089_last_24_split5_divide2_workers8,count1089,last,24,104,5,105;107;112;113;115,8,2,20263321,,,,RUNNING,False,False,,0.0,7510.903196833009,,,105092,1723788
checkpoint,count1089_last_24_split5_divide2_workers8,count1089,last,24,104,5,105;107;112;113;115,8,2,20263321,,,,RUNNING,False,False,,0.0,7811.206500625005,,,105092,1723788
checkpoint,count1089_last_24_split5_divide2_workers8,count1089,last,24,104,5,105;107;112;113;115,8,2,20263321,,,,RUNNING,False,False,,0.0,8112.197513374995,,,105092,1723788
checkpoint,count1089_last_24_split5_divide2_workers8,count1089,last,24,104,5,105;107;112;113;115,8,2,20263321,,,,RUNNING,False,False,,0.0,8412.281980708009,,,105092,1723788
checkpoint,count1089_last_24_split5_divide2_workers8,count1089,last,24,104,5,105;107;112;113;115,8,2,20263321,,,,RUNNING,False,False,,0.0,8713.193603958003,,,105092,1723788
checkpoint,count1089_last_24_split5_divide2_workers8,count1089,last,24,104,5,105;107;112;113;115,8,2,20263321,,,,PAUSED,False,False,,0.0,8930.520157457999,,,105092,1723788
checkpoint,count1089_last_24_split5_divide2_workers8,count1089,last,24,104,5,105;107;112;113;115,8,2,20263321,,,,RUNNING,False,False,,0.0,9231.150068165996,,,105092,1723788
checkpoint,count1089_last_24_split5_divide2_workers8,count1089,last,24,104,5,105;107;112;113;115,8,2,20263321,,,,RUNNING,False,False,,0.0,9532.135846165998,,,105092,1723788
checkpoint,count1089_last_24_split5_divide2_workers8,count1089,last,24,104,5,105;107;112;113;115,8,2,20263321,,,,RUNNING,False,False,,0.0,9832.307944666012,,,105092,1723788
checkpoint,count1089_last_24_split5_divide2_workers8,count1089,last,24,104,5,105;107;112;113;115,8,2,20263321,,,,RUNNING,False,False,,0.0,10133.183769583004,,,105092,1723788
checkpoint,count1089_last_24_split5_divide2_workers8,count1089,last,24,104,5,105;107;112;113;115,8,2,20263321,,,,RUNNING,False,False,,0.0,10433.212957498996,,,105092,1723788
checkpoint,count1089_last_24_split5_divide2_workers8,count1089,last,24,104,5,105;107;112;113;115,8,2,20263321,,,,RUNNING,False,False,,0.0,10733.573778249003,,,105092,1723788
checkpoint,count1089_last_24_split5_divide2_workers8,count1089,last,24,104,5,105;107;112;113;115,8,2,20263321,,,,RUNNING,False,False,,0.0,11033.772986624012,,,105092,1723788
checkpoint,count1089_last_24_split5_divide2_workers8,count1089,last,24,104,5,105;107;112;113;115,8,2,20263321,,,,RUNNING,False,False,,0.0,11334.009491499019,,,105092,1723788
checkpoint,count1089_last_24_split5_divide2_workers8,count1089,last,24,104,5,105;107;112;113;115,8,2,20263321,,,,RUNNING,False,False,,0.0,11634.21236395801,,,105092,1723788
branch,count1089_last_24_split5_divide2_workers8,count1089,last,24,104,5,105;107;112;113;115,8,2,20263321,01101,01101,13,UNSAT,False,False,,2852.2466891249933,11783.199233666004,,,105092,1723788
branch,count1089_last_24_split5_divide2_workers8,count1089,last,24,104,5,105;107;112;113;115,8,2,20263321,10000,10000,16,UNSAT,False,False,,2904.7872418329935,11836.109429999022,,,105092,1723788
checkpoint,count1089_last_24_split5_divide2_workers8,count1089,last,24,104,5,105;107;112;113;115,8,2,20263321,,,,RUNNING,False,False,,0.0,11934.532549166004,,,105092,1723788
checkpoint,count1089_last_24_split5_divide2_workers8,count1089,last,24,104,5,105;107;112;113;115,8,2,20263321,,,,RUNNING,False,False,,0.0,12234.722905624018,,,105092,1723788
branch,count1089_last_24_split5_divide2_workers8,count1089,last,24,104,5,105;107;112;113;115,8,2,20263321,00110,00110,14,UNSAT,False,False,,3442.390372334019,12373.465550291003,,,105092,1723788
branch,count1089_last_24_split5_divide2_workers8,count1089,last,24,104,5,105;107;112;113;115,8,2,20263321,00011,00011,12,UNSAT,False,False,,3583.8603161670035,12514.719208291004,,,105092,1723788
branch,count1089_last_24_split5_divide2_workers8,count1089,last,24,104,5,105;107;112;113;115,8,2,20263321,11010,11010,10,UNSAT,False,False,,3598.3900319999957,12529.052301874006,,,105092,1723788
checkpoint,count1089_last_24_split5_divide2_workers8,count1089,last,24,104,5,105;107;112;113;115,8,2,20263321,,,,RUNNING,False,False,,0.0,12535.13139049901,,,105092,1723788
branch,count1089_last_24_split5_divide2_workers8,count1089,last,24,104,5,105;107;112;113;115,8,2,20263321,01000,01000,9,UNSAT,False,False,,3660.1435102909745,12590.722967833019,,,105092,1723788
branch,count1089_last_24_split5_divide2_workers8,count1089,last,24,104,5,105;107;112;113;115,8,2,20263321,11100,11100,15,UNSAT,False,False,,3714.328903082991,12645.513220999012,,,105092,1723788
checkpoint,count1089_last_24_split5_divide2_workers8,count1089,last,24,104,5,105;107;112;113;115,8,2,20263321,,,,RUNNING,False,False,,0.0,12835.278989291022,,,105092,1723788
checkpoint,count1089_last_24_split5_divide2_workers8,count1089,last,24,104,5,105;107;112;113;115,8,2,20263321,,,,RUNNING,False,False,,0.0,13135.467927666003,,,105092,1723788
branch,count1089_last_24_split5_divide2_workers8,count1089,last,24,104,5,105;107;112;113;115,8,2,20263321,00100,00100,11,UNSAT,False,False,,4339.5951331660035,13270.352042415994,,,105092,1723788
checkpoint,count1089_last_24_split5_divide2_workers8,count1089,last,24,104,5,105;107;112;113;115,8,2,20263321,,,,RUNNING,False,False,,0.0,13436.06223291601,,,105092,1723788
checkpoint,count1089_last_24_split5_divide2_workers8,count1089,last,24,104,5,105;107;112;113;115,8,2,20263321,,,,RUNNING,False,False,,0.0,13736.19819174902,,,105092,1723788
checkpoint,count1089_last_24_split5_divide2_workers8,count1089,last,24,104,5,105;107;112;113;115,8,2,20263321,,,,RUNNING,False,False,,0.0,14036.52180204101,,,105092,1723788
checkpoint,count1089_last_24_split5_divide2_workers8,count1089,last,24,104,5,105;107;112;113;115,8,2,20263321,,,,RUNNING,False,False,,0.0,14336.714621583,,,105092,1723788
checkpoint,count1089_last_24_split5_divide2_workers8,count1089,last,24,104,5,105;107;112;113;115,8,2,20263321,,,,RUNNING,False,False,,0.0,14636.88784458302,,,105092,1723788
checkpoint,count1089_last_24_split5_divide2_workers8,count1089,last,24,104,5,105;107;112;113;115,8,2,20263321,,,,RUNNING,False,False,,0.0,14936.99950437402,,,105092,1723788
checkpoint,count1089_last_24_split5_divide2_workers8,count1089,last,24,104,5,105;107;112;113;115,8,2,20263321,,,,RUNNING,False,False,,0.0,15237.149611083005,,,105092,1723788
branch,count1089_last_24_split5_divide2_workers8,count1089,last,24,104,5,105;107;112;113;115,8,2,20263321,01100,01100,18,UNSAT,False,False,,3555.6229002499895,15391.831892123999,,,105092,1723788
checkpoint,count1089_last_24_split5_divide2_workers8,count1089,last,24,104,5,105;107;112;113;115,8,2,20263321,,,,RUNNING,False,False,,0.0,15537.438257916016,,,105092,1723788
branch,count1089_last_24_split5_divide2_workers8,count1089,last,24,104,5,105;107;112;113;115,8,2,20263321,10010,10010,17,UNSAT,False,False,,3797.968149583001,15581.286235748994,,,105092,1723788
branch,count1089_last_24_split5_divide2_workers8,count1089,last,24,104,5,105;107;112;113;115,8,2,20263321,10001,10001,21,UNSAT,False,False,,3264.3871362089994,15793.523640041007,,,105092,1723788
branch,count1089_last_24_split5_divide2_workers8,count1089,last,24,104,5,105;107;112;113;115,8,2,20263321,00001,00001,22,UNSAT,False,False,,3242.258547083009,15833.07142320802,,,105092,1723788
checkpoint,count1089_last_24_split5_divide2_workers8,count1089,last,24,104,5,105;107;112;113;115,8,2,20263321,,,,RUNNING,False,False,,0.0,15838.146501999,,,105092,1723788
branch,count1089_last_24_split5_divide2_workers8,count1089,last,24,104,5,105;107;112;113;115,8,2,20263321,00101,00101,20,UNSAT,False,False,,3338.993743750005,15853.793080708012,,,105092,1723788
branch,count1089_last_24_split5_divide2_workers8,count1089,last,24,104,5,105;107;112;113;115,8,2,20263321,10011,10011,19,UNSAT,False,False,,3663.19520341701,16036.753346623998,,,105092,1723788
checkpoint,count1089_last_24_split5_divide2_workers8,count1089,last,24,104,5,105;107;112;113;115,8,2,20263321,,,,RUNNING,False,False,,0.0,16138.233023791021,,,105092,1723788
branch,count1089_last_24_split5_divide2_workers8,count1089,last,24,104,5,105;107;112;113;115,8,2,20263321,11001,11001,24,UNSAT,False,False,,3046.623689375003,16317.064546416019,,,105092,1723788
checkpoint,count1089_last_24_split5_divide2_workers8,count1089,last,24,104,5,105;107;112;113;115,8,2,20263321,,,,RUNNING,False,False,,0.0,16438.568901332997,,,105092,1723788
branch,count1089_last_24_split5_divide2_workers8,count1089,last,24,104,5,105;107;112;113;115,8,2,20263321,01001,01001,23,UNSAT,False,False,,3957.008980041981,16602.598617458018,,,105092,1723788
checkpoint,count1089_last_24_split5_divide2_workers8,count1089,last,24,104,5,105;107;112;113;115,8,2,20263321,,,,RUNNING,False,False,,0.0,16739.224347790994,,,105092,1723788
checkpoint,count1089_last_24_split5_divide2_workers8,count1089,last,24,104,5,105;107;112;113;115,8,2,20263321,,,,RUNNING,False,False,,0.0,17039.380038208008,,,105092,1723788
checkpoint,count1089_last_24_split5_divide2_workers8,count1089,last,24,104,5,105;107;112;113;115,8,2,20263321,,,,RUNNING,False,False,,0.0,17339.523605291004,,,105092,1723788
checkpoint,count1089_last_24_split5_divide2_workers8,count1089,last,24,104,5,105;107;112;113;115,8,2,20263321,,,,RUNNING,False,False,,0.0,17639.617771040997,,,105092,1723788
checkpoint,count1089_last_24_split5_divide2_workers8,count1089,last,24,104,5,105;107;112;113;115,8,2,20263321,,,,RUNNING,False,False,,0.0,17939.773478541,,,105092,1723788
checkpoint,count1089_last_24_split5_divide2_workers8,count1089,last,24,104,5,105;107;112;113;115,8,2,20263321,,,,RUNNING,False,False,,0.0,18239.91263454102,,,105092,1723788
checkpoint,count1089_last_24_split5_divide2_workers8,count1089,last,24,104,5,105;107;112;113;115,8,2,20263321,,,,RUNNING,False,False,,0.0,18540.061848333018,,,105092,1723788
checkpoint,count1089_last_24_split5_divide2_workers8,count1089,last,24,104,5,105;107;112;113;115,8,2,20263321,,,,RUNNING,False,False,,0.0,18840.176063791005,,,105092,1723788
branch,count1089_last_24_split5_divide2_workers8,count1089,last,24,104,5,105;107;112;113;115,8,2,20263321,11110,11110,26,UNSAT,False,False,,3435.331721374998,19016.698911415995,,,105092,1723788
branch,count1089_last_24_split5_divide2_workers8,count1089,last,24,104,5,105;107;112;113;115,8,2,20263321,11111,11111,29,UNSAT,False,False,,3211.662699083012,19065.53874370802,,,105092,1723788
checkpoint,count1089_last_24_split5_divide2_workers8,count1089,last,24,104,5,105;107;112;113;115,8,2,20263321,,,,RUNNING,False,False,,0.0,19140.68646633302,,,105092,1723788
branch,count1089_last_24_split5_divide2_workers8,count1089,last,24,104,5,105;107;112;113;115,8,2,20263321,00111,00111,30,UNSAT,False,False,,3221.028513916972,19257.861734458013,,,105092,1723788
branch,count1089_last_24_split5_divide2_workers8,count1089,last,24,104,5,105;107;112;113;115,8,2,20263321,11101,11101,25,UNSAT,False,False,,3994.678708708001,19386.59605916601,,,105092,1723788
checkpoint,count1089_last_24_split5_divide2_workers8,count1089,last,24,104,5,105;107;112;113;115,8,2,20263321,,,,RUNNING,False,False,,0.0,19440.711081457994,,,105092,1723788
branch,count1089_last_24_split5_divide2_workers8,count1089,last,24,104,5,105;107;112;113;115,8,2,20263321,10111,10111,27,UNSAT,False,False,,3769.208361541998,19562.81514487401,,,105092,1723788
branch,count1089_last_24_split5_divide2_workers8,count1089,last,24,104,5,105;107;112;113;115,8,2,20263321,00010,00010,31,UNSAT,False,False,,3378.4306895830086,19695.573245208012,,,105092,1723788
checkpoint,count1089_last_24_split5_divide2_workers8,count1089,last,24,104,5,105;107;112;113;115,8,2,20263321,,,,RUNNING,False,False,,0.0,19741.668676333007,,,105092,1723788
branch,count1089_last_24_split5_divide2_workers8,count1089,last,24,104,5,105;107;112;113;115,8,2,20263321,00000,00000,28,SAT,True,True,000102030405060708090A0B0C0D0E0F,4192.261803625006,20025.411722916004,,,105092,1723788
summary,count1089_last_24_split5_divide2_workers8,count1089,last,24,104,5,105;107;112;113;115,8,2,20263321,00000,00000,28,SAT_FOUND,True,True,000102030405060708090A0B0C0D0E0F,4192.261803625006,20025.42623254101,,,105092,1723788
checkpoint,count1089_last_24_split5_divide3_workers8,count1089,last,24,104,5,105;120;121;124;125,8,3,20263322,,,,RUNNING,False,False,,0.0,300.80077724999865,,,105092,1723788
checkpoint,count1089_last_24_split5_divide3_workers8,count1089,last,24,104,5,105;120;121;124;125,8,3,20263322,,,,RUNNING,False,False,,0.0,600.9358121669793,,,105092,1723788
checkpoint,count1089_last_24_split5_divide3_workers8,count1089,last,24,104,5,105;120;121;124;125,8,3,20263322,,,,RUNNING,False,False,,0.0,901.0395064170007,,,105092,1723788
checkpoint,count1089_last_24_split5_divide3_workers8,count1089,last,24,104,5,105;120;121;124;125,8,3,20263322,,,,RUNNING,False,False,,0.0,1201.1850132499821,,,105092,1723788
checkpoint,count1089_last_24_split5_divide3_workers8,count1089,last,24,104,5,105;120;121;124;125,8,3,20263322,,,,RUNNING,False,False,,0.0,1501.3316003340005,,,105092,1723788
checkpoint,count1089_last_24_split5_divide3_workers8,count1089,last,24,104,5,105;120;121;124;125,8,3,20263322,,,,RUNNING,False,False,,0.0,1801.508941041975,,,105092,1723788
checkpoint,count1089_last_24_split5_divide3_workers8,count1089,last,24,104,5,105;120;121;124;125,8,3,20263322,,,,RUNNING,False,False,,0.0,2101.6877166249906,,,105092,1723788
checkpoint,count1089_last_24_split5_divide3_workers8,count1089,last,24,104,5,105;120;121;124;125,8,3,20263322,,,,RUNNING,False,False,,0.0,2401.852424458979,,,105092,1723788
checkpoint,count1089_last_24_split5_divide3_workers8,count1089,last,24,104,5,105;120;121;124;125,8,3,20263322,,,,RUNNING,False,False,,0.0,2702.0095071249816,,,105092,1723788
checkpoint,count1089_last_24_split5_divide3_workers8,count1089,last,24,104,5,105;120;121;124;125,8,3,20263322,,,,RUNNING,False,False,,0.0,3002.1603708749753,,,105092,1723788
checkpoint,count1089_last_24_split5_divide3_workers8,count1089,last,24,104,5,105;120;121;124;125,8,3,20263322,,,,RUNNING,False,False,,0.0,3302.3127644999768,,,105092,1723788
branch,count1089_last_24_split5_divide3_workers8,count1089,last,24,104,5,105;120;121;124;125,8,3,20263322,10011,10011,4,UNSAT,False,False,,3450.030757667002,3450.290493791981,,,105092,1723788
checkpoint,count1089_last_24_split5_divide3_workers8,count1089,last,24,104,5,105;120;121;124;125,8,3,20263322,,,,RUNNING,False,False,,0.0,3602.994989250001,,,105092,1723788
branch,count1089_last_24_split5_divide3_workers8,count1089,last,24,104,5,105;120;121;124;125,8,3,20263322,10100,10100,2,UNSAT,False,False,,3644.212509874982,3644.316985374986,,,105092,1723788
branch,count1089_last_24_split5_divide3_workers8,count1089,last,24,104,5,105;120;121;124;125,8,3,20263322,10001,10001,3,UNSAT,False,False,,3657.9476333330094,3658.1322754169814,,,105092,1723788
branch,count1089_last_24_split5_divide3_workers8,count1089,last,24,104,5,105;120;121;124;125,8,3,20263322,11000,11000,5,UNSAT,False,False,,3674.445848208008,3674.8040610419994,,,105092,1723788
branch,count1089_last_24_split5_divide3_workers8,count1089,last,24,104,5,105;120;121;124;125,8,3,20263322,01110,01110,6,UNSAT,False,False,,3713.1197115000105,3713.5734562499856,,,105092,1723788
checkpoint,count1089_last_24_split5_divide3_workers8,count1089,last,24,104,5,105;120;121;124;125,8,3,20263322,,,,RUNNING,False,False,,0.0,3903.354079791985,,,105092,1723788
checkpoint,count1089_last_24_split5_divide3_workers8,count1089,last,24,104,5,105;120;121;124;125,8,3,20263322,,,,RUNNING,False,False,,0.0,4203.534891874995,,,105092,1723788
branch,count1089_last_24_split5_divide3_workers8,count1089,last,24,104,5,105;120;121;124;125,8,3,20263322,10111,10111,7,UNSAT,False,False,,4284.220893583988,4284.790647208982,,,105092,1723788
branch,count1089_last_24_split5_divide3_workers8,count1089,last,24,104,5,105;120;121;124;125,8,3,20263322,11100,11100,8,UNSAT,False,False,,4368.929101833026,4369.618917083979,,,105092,1723788
checkpoint,count1089_last_24_split5_divide3_workers8,count1089,last,24,104,5,105;120;121;124;125,8,3,20263322,,,,RUNNING,False,False,,0.0,4504.247804499988,,,105092,1723788
branch,count1089_last_24_split5_divide3_workers8,count1089,last,24,104,5,105;120;121;124;125,8,3,20263322,11010,11010,1,UNSAT,False,False,,4564.943809417018,4564.987169375003,,,105092,1723788
checkpoint,count1089_last_24_split5_divide3_workers8,count1089,last,24,104,5,105;120;121;124;125,8,3,20263322,,,,RUNNING,False,False,,0.0,4804.933744374983,,,105092,1723788
checkpoint,count1089_last_24_split5_divide3_workers8,count1089,last,24,104,5,105;120;121;124;125,8,3,20263322,,,,RUNNING,False,False,,0.0,5105.087850333977,,,105092,1723788
checkpoint,count1089_last_24_split5_divide3_workers8,count1089,last,24,104,5,105;120;121;124;125,8,3,20263322,,,,RUNNING,False,False,,0.0,5405.243653083977,,,105092,1723788
checkpoint,count1089_last_24_split5_divide3_workers8,count1089,last,24,104,5,105;120;121;124;125,8,3,20263322,,,,RUNNING,False,False,,0.0,5705.420450249978,,,105092,1723788
checkpoint,count1089_last_24_split5_divide3_workers8,count1089,last,24,104,5,105;120;121;124;125,8,3,20263322,,,,RUNNING,False,False,,0.0,6005.559638958977,,,105092,1723788
checkpoint,count1089_last_24_split5_divide3_workers8,count1089,last,24,104,5,105;120;121;124;125,8,3,20263322,,,,RUNNING,False,False,,0.0,6305.710493666993,,,105092,1723788
branch,count1089_last_24_split5_divide3_workers8,count1089,last,24,104,5,105;120;121;124;125,8,3,20263322,10000,10000,9,UNSAT,False,False,,3113.499095292005,6563.878219584003,,,105092,1723788
checkpoint,count1089_last_24_split5_divide3_workers8,count1089,last,24,104,5,105;120;121;124;125,8,3,20263322,,,,RUNNING,False,False,,0.0,6606.0841525,,,105092,1723788
checkpoint,count1089_last_24_split5_divide3_workers8,count1089,last,24,104,5,105;120;121;124;125,8,3,20263322,,,,RUNNING,False,False,,0.0,6906.239420999977,,,105092,1723788
branch,count1089_last_24_split5_divide3_workers8,count1089,last,24,104,5,105;120;121;124;125,8,3,20263322,01000,01000,13,UNSAT,False,False,,3379.200949083024,7092.843841499998,,,105092,1723788
checkpoint,count1089_last_24_split5_divide3_workers8,count1089,last,24,104,5,105;120;121;124;125,8,3,20263322,,,,RUNNING,False,False,,0.0,7206.331941333978,,,105092,1723788
branch,count1089_last_24_split5_divide3_workers8,count1089,last,24,104,5,105;120;121;124;125,8,3,20263322,10010,10010,10,UNSAT,False,False,,3754.430258959008,7398.816769708996,,,105092,1723788
checkpoint,count1089_last_24_split5_divide3_workers8,count1089,last,24,104,5,105;120;121;124;125,8,3,20263322,,,,RUNNING,False,False,,0.0,7507.311820000003,,,105092,1723788
branch,count1089_last_24_split5_divide3_workers8,count1089,last,24,104,5,105;120;121;124;125,8,3,20263322,01100,01100,12,UNSAT,False,False,,3906.54866083301,7581.432242999988,,,105092,1723788
branch,count1089_last_24_split5_divide3_workers8,count1089,last,24,104,5,105;120;121;124;125,8,3,20263322,01111,01111,11,UNSAT,False,False,,3940.0589212090126,7598.266601791984,,,105092,1723788
checkpoint,count1089_last_24_split5_divide3_workers8,count1089,last,24,104,5,105;120;121;124;125,8,3,20263322,,,,RUNNING,False,False,,0.0,7808.14398199998,,,105092,1723788
branch,count1089_last_24_split5_divide3_workers8,count1089,last,24,104,5,105;120;121;124;125,8,3,20263322,10101,10101,14,UNSAT,False,False,,3537.121967290994,7821.993181500002,,,105092,1723788
branch,count1089_last_24_split5_divide3_workers8,count1089,last,24,104,5,105;120;121;124;125,8,3,20263322,01001,01001,15,UNSAT,False,False,,3489.7399498750165,7859.439089833992,,,105092,1723788
branch,count1089_last_24_split5_divide3_workers8,count1089,last,24,104,5,105;120;121;124;125,8,3,20263322,11101,11101,16,UNSAT,False,False,,3480.028417832975,8045.087173499982,,,105092,1723788
checkpoint,count1089_last_24_split5_divide3_workers8,count1089,last,24,104,5,105;120;121;124;125,8,3,20263322,,,,RUNNING,False,False,,0.0,8108.395245458989,,,105092,1723788
checkpoint,count1089_last_24_split5_divide3_workers8,count1089,last,24,104,5,105;120;121;124;125,8,3,20263322,,,,RUNNING,False,False,,0.0,8408.587107083993,,,105092,1723788
checkpoint,count1089_last_24_split5_divide3_workers8,count1089,last,24,104,5,105;120;121;124;125,8,3,20263322,,,,RUNNING,False,False,,0.0,8708.721651834,,,105092,1723788
checkpoint,count1089_last_24_split5_divide3_workers8,count1089,last,24,104,5,105;120;121;124;125,8,3,20263322,,,,RUNNING,False,False,,0.0,9008.862593833997,,,105092,1723788
checkpoint,count1089_last_24_split5_divide3_workers8,count1089,last,24,104,5,105;120;121;124;125,8,3,20263322,,,,RUNNING,False,False,,0.0,9308.969805125002,,,105092,1723788
checkpoint,count1089_last_24_split5_divide3_workers8,count1089,last,24,104,5,105;120;121;124;125,8,3,20263322,,,,RUNNING,False,False,,0.0,9609.145460583997,,,105092,1723788
checkpoint,count1089_last_24_split5_divide3_workers8,count1089,last,24,104,5,105;120;121;124;125,8,3,20263322,,,,RUNNING,False,False,,0.0,9909.294406959001,,,105092,1723788
checkpoint,count1089_last_24_split5_divide3_workers8,count1089,last,24,104,5,105;120;121;124;125,8,3,20263322,,,,RUNNING,False,False,,0.0,10209.469230916991,,,105092,1723788
checkpoint,count1089_last_24_split5_divide3_workers8,count1089,last,24,104,5,105;120;121;124;125,8,3,20263322,,,,RUNNING,False,False,,0.0,10509.572956749995,,,105092,1723788
checkpoint,count1089_last_24_split5_divide3_workers8,count1089,last,24,104,5,105;120;121;124;125,8,3,20263322,,,,RUNNING,False,False,,0.0,10809.756443083985,,,105092,1723788
branch,count1089_last_24_split5_divide3_workers8,count1089,last,24,104,5,105;120;121;124;125,8,3,20263322,01011,01011,17,UNSAT,False,False,,4404.2345117499935,10968.188339708984,,,105092,1723788
branch,count1089_last_24_split5_divide3_workers8,count1089,last,24,104,5,105;120;121;124;125,8,3,20263322,11001,11001,19,UNSAT,False,False,,3684.024639332987,11082.946035916975,,,105092,1723788
branch,count1089_last_24_split5_divide3_workers8,count1089,last,24,104,5,105;120;121;124;125,8,3,20263322,00101,00101,18,UNSAT,False,False,,3997.8444028329977,11090.767727291997,,,105092,1723788
checkpoint,count1089_last_24_split5_divide3_workers8,count1089,last,24,104,5,105;120;121;124;125,8,3,20263322,,,,RUNNING,False,False,,0.0,11109.899461624998,,,105092,1723788
branch,count1089_last_24_split5_divide3_workers8,count1089,last,24,104,5,105;120;121;124;125,8,3,20263322,11110,11110,20,UNSAT,False,False,,3551.0157255830127,11132.524603291997,,,105092,1723788
branch,count1089_last_24_split5_divide3_workers8,count1089,last,24,104,5,105;120;121;124;125,8,3,20263322,00010,00010,22,UNSAT,False,False,,3376.671957249986,11198.736671333987,,,105092,1723788
branch,count1089_last_24_split5_divide3_workers8,count1089,last,24,104,5,105;120;121;124;125,8,3,20263322,00000,00000,24,UNSAT,False,False,,3209.3293937910057,11254.492304833984,,,105092,1723788
checkpoint,count1089_last_24_split5_divide3_workers8,count1089,last,24,104,5,105;120;121;124;125,8,3,20263322,,,,RUNNING,False,False,,0.0,11410.1611385,,,105092,1723788
branch,count1089_last_24_split5_divide3_workers8,count1089,last,24,104,5,105;120;121;124;125,8,3,20263322,11011,11011,23,UNSAT,False,False,,3614.7687453750113,11474.289851624984,,,105092,1723788
branch,count1089_last_24_split5_divide3_workers8,count1089,last,24,104,5,105;120;121;124;125,8,3,20263322,01101,01101,21,UNSAT,False,False,,3994.3565966669994,11592.713045791985,,,105092,1723788
checkpoint,count1089_last_24_split5_divide3_workers8,count1089,last,24,104,5,105;120;121;124;125,8,3,20263322,,,,RUNNING,False,False,,0.0,11710.193028583977,,,105092,1723788
checkpoint,count1089_last_24_split5_divide3_workers8,count1089,last,24,104,5,105;120;121;124;125,8,3,20263322,,,,RUNNING,False,False,,0.0,12010.37371437499,,,105092,1723788
branch,count1089_last_24_split5_divide3_workers8,count1089,last,24,104,5,105;120;121;124;125,8,3,20263322,00011,00011,30,SAT,True,True,000102030405060708090A0B0C0D0E0F,941.3163418750046,12195.900605083996,,,105092,1723788
summary,count1089_last_24_split5_divide3_workers8,count1089,last,24,104,5,105;120;121;124;125,8,3,20263322,00011,00011,30,SAT_FOUND,True,True,000102030405060708090A0B0C0D0E0F,941.3163418750046,12195.936797666975,,,105092,1723788
