row_type,phase,experiment,kat,position_mode,base_trial,base_seed,divide_trial,divide_seed,unknown_bits,known_bits,split_bits,split_positions,max_workers,branch_id,assignment,branch_order,status,satisfiable,correct,recovered_key,branch_solve_time,experiment_wall_time,baseline_solve_time,variables,clauses
branch,worker_scaling,count1089_random1_20_split5_divide1_workers1,count1089,random,1,20262917,1,20261019,20,108,5,19;54;103;109;115,1,11001,11001,1,UNSAT,False,False,,149.83301324999775,149.86756654200144,2247.9578224160014,105092,1723792
checkpoint,worker_scaling,count1089_random1_20_split5_divide1_workers1,count1089,random,1,20262917,1,20261019,20,108,5,19;54;103;109;115,1,,,,RUNNING,False,False,,0.0,300.0724917089974,2247.9578224160014,105092,1723792
branch,worker_scaling,count1089_random1_20_split5_divide1_workers1,count1089,random,1,20262917,1,20261019,20,108,5,19;54;103;109;115,1,00011,00011,2,UNSAT,False,False,,162.17459566699108,312.1023656250036,2247.9578224160014,105092,1723792
branch,worker_scaling,count1089_random1_20_split5_divide1_workers1,count1089,random,1,20262917,1,20261019,20,108,5,19;54;103;109;115,1,01101,01101,3,UNSAT,False,False,,178.5768328330014,490.722900666995,2247.9578224160014,105092,1723792
checkpoint,worker_scaling,count1089_random1_20_split5_divide1_workers1,count1089,random,1,20262917,1,20261019,20,108,5,19;54;103;109;115,1,,,,RUNNING,False,False,,0.0,600.8735213750042,2247.9578224160014,105092,1723792
branch,worker_scaling,count1089_random1_20_split5_divide1_workers1,count1089,random,1,20262917,1,20261019,20,108,5,19;54;103;109;115,1,00100,00100,4,UNSAT,False,False,,143.22501554101473,633.9932974170079,2247.9578224160014,105092,1723792
branch,worker_scaling,count1089_random1_20_split5_divide1_workers1,count1089,random,1,20262917,1,20261019,20,108,5,19;54;103;109;115,1,10111,10111,5,UNSAT,False,False,,165.16173095899285,799.1973773750069,2247.9578224160014,105092,1723792
checkpoint,worker_scaling,count1089_random1_20_split5_divide1_workers1,count1089,random,1,20262917,1,20261019,20,108,5,19;54;103;109;115,1,,,,RUNNING,False,False,,0.0,901.3481289590127,2247.9578224160014,105092,1723792
branch,worker_scaling,count1089_random1_20_split5_divide1_workers1,count1089,random,1,20262917,1,20261019,20,108,5,19;54;103;109;115,1,01011,01011,6,UNSAT,False,False,,147.78754166699946,947.0312844169966,2247.9578224160014,105092,1723792
branch,worker_scaling,count1089_random1_20_split5_divide1_workers1,count1089,random,1,20262917,1,20261019,20,108,5,19;54;103;109;115,1,10000,10000,7,UNSAT,False,False,,166.84629937499994,1113.9244435839937,2247.9578224160014,105092,1723792
checkpoint,worker_scaling,count1089_random1_20_split5_divide1_workers1,count1089,random,1,20262917,1,20261019,20,108,5,19;54;103;109;115,1,,,,RUNNING,False,False,,0.0,1202.0561052919948,2247.9578224160014,105092,1723792
branch,worker_scaling,count1089_random1_20_split5_divide1_workers1,count1089,random,1,20262917,1,20261019,20,108,5,19;54;103;109;115,1,10010,10010,8,UNSAT,False,False,,105.04647633302375,1219.0194336249842,2247.9578224160014,105092,1723792
branch,worker_scaling,count1089_random1_20_split5_divide1_workers1,count1089,random,1,20262917,1,20261019,20,108,5,19;54;103;109;115,1,00110,00110,9,UNSAT,False,False,,159.84188604101655,1378.904174708994,2247.9578224160014,105092,1723792
checkpoint,worker_scaling,count1089_random1_20_split5_divide1_workers1,count1089,random,1,20262917,1,20261019,20,108,5,19;54;103;109;115,1,,,,RUNNING,False,False,,0.0,1502.0687166249845,2247.9578224160014,105092,1723792
branch,worker_scaling,count1089_random1_20_split5_divide1_workers1,count1089,random,1,20262917,1,20261019,20,108,5,19;54;103;109;115,1,10011,10011,10,UNSAT,False,False,,129.45317908300785,1508.3989893750113,2247.9578224160014,105092,1723792
branch,worker_scaling,count1089_random1_20_split5_divide1_workers1,count1089,random,1,20262917,1,20261019,20,108,5,19;54;103;109;115,1,11000,11000,11,UNSAT,False,False,,103.48651716698078,1611.9279951670032,2247.9578224160014,105092,1723792
branch,worker_scaling,count1089_random1_20_split5_divide1_workers1,count1089,random,1,20262917,1,20261019,20,108,5,19;54;103;109;115,1,01111,01111,12,UNSAT,False,False,,138.10726179199992,1750.0790880839922,2247.9578224160014,105092,1723792
checkpoint,worker_scaling,count1089_random1_20_split5_divide1_workers1,count1089,random,1,20262917,1,20261019,20,108,5,19;54;103;109;115,1,,,,RUNNING,False,False,,0.0,1802.1678699589975,2247.9578224160014,105092,1723792
branch,worker_scaling,count1089_random1_20_split5_divide1_workers1,count1089,random,1,20262917,1,20261019,20,108,5,19;54;103;109;115,1,10101,10101,13,UNSAT,False,False,,125.93085729199811,1876.0520250000118,2247.9578224160014,105092,1723792
branch,worker_scaling,count1089_random1_20_split5_divide1_workers1,count1089,random,1,20262917,1,20261019,20,108,5,19;54;103;109;115,1,00001,00001,14,UNSAT,False,False,,133.31142391698086,2009.4052022499964,2247.9578224160014,105092,1723792
checkpoint,worker_scaling,count1089_random1_20_split5_divide1_workers1,count1089,random,1,20262917,1,20261019,20,108,5,19;54;103;109;115,1,,,,RUNNING,False,False,,0.0,2102.5455621249857,2247.9578224160014,105092,1723792
branch,worker_scaling,count1089_random1_20_split5_divide1_workers1,count1089,random,1,20262917,1,20261019,20,108,5,19;54;103;109;115,1,01001,01001,15,UNSAT,False,False,,181.5943505410105,2191.0403524590074,2247.9578224160014,105092,1723792
branch,worker_scaling,count1089_random1_20_split5_divide1_workers1,count1089,random,1,20262917,1,20261019,20,108,5,19;54;103;109;115,1,10110,10110,16,UNSAT,False,False,,123.43801983300364,2314.5202228339913,2247.9578224160014,105092,1723792
checkpoint,worker_scaling,count1089_random1_20_split5_divide1_workers1,count1089,random,1,20262917,1,20261019,20,108,5,19;54;103;109;115,1,,,,RUNNING,False,False,,0.0,2402.6510776669893,2247.9578224160014,105092,1723792
branch,worker_scaling,count1089_random1_20_split5_divide1_workers1,count1089,random,1,20262917,1,20261019,20,108,5,19;54;103;109;115,1,11010,11010,17,UNSAT,False,False,,200.96020362499985,2515.5259411669977,2247.9578224160014,105092,1723792
branch,worker_scaling,count1089_random1_20_split5_divide1_workers1,count1089,random,1,20262917,1,20261019,20,108,5,19;54;103;109;115,1,11011,11011,18,UNSAT,False,False,,117.32324404199608,2632.8936872500053,2247.9578224160014,105092,1723792
checkpoint,worker_scaling,count1089_random1_20_split5_divide1_workers1,count1089,random,1,20262917,1,20261019,20,108,5,19;54;103;109;115,1,,,,RUNNING,False,False,,0.0,2703.00411441701,2247.9578224160014,105092,1723792
branch,worker_scaling,count1089_random1_20_split5_divide1_workers1,count1089,random,1,20262917,1,20261019,20,108,5,19;54;103;109;115,1,10001,10001,19,UNSAT,False,False,,127.76778304198524,2760.7067411669996,2247.9578224160014,105092,1723792
branch,worker_scaling,count1089_random1_20_split5_divide1_workers1,count1089,random,1,20262917,1,20261019,20,108,5,19;54;103;109;115,1,00000,00000,20,UNSAT,False,False,,156.0083320410049,2916.756333541998,2247.9578224160014,105092,1723792
checkpoint,worker_scaling,count1089_random1_20_split5_divide1_workers1,count1089,random,1,20262917,1,20261019,20,108,5,19;54;103;109;115,1,,,,RUNNING,False,False,,0.0,3003.895243042003,2247.9578224160014,105092,1723792
branch,worker_scaling,count1089_random1_20_split5_divide1_workers1,count1089,random,1,20262917,1,20261019,20,108,5,19;54;103;109;115,1,01010,01010,21,SAT,True,True,000102030405060708090A0B0C0D0E0F,144.83364491700195,3061.6352948340063,2247.9578224160014,105092,1723792
summary,worker_scaling,count1089_random1_20_split5_divide1_workers1,count1089,random,1,20262917,1,20261019,20,108,5,19;54;103;109;115,1,01010,01010,21,SAT_FOUND,True,True,000102030405060708090A0B0C0D0E0F,144.83364491700195,3061.6358032920107,2247.9578224160014,105092,1723792
branch,worker_scaling,count1089_random1_20_split5_divide1_workers2,count1089,random,1,20262917,1,20261019,20,108,5,19;54;103;109;115,2,11001,11001,1,UNSAT,False,False,,154.36706687498372,154.39336583399563,2247.9578224160014,105092,1723792
branch,worker_scaling,count1089_random1_20_split5_divide1_workers2,count1089,random,1,20262917,1,20261019,20,108,5,19;54;103;109;115,2,00011,00011,2,UNSAT,False,False,,171.07994841702748,171.1702892500034,2247.9578224160014,105092,1723792
checkpoint,worker_scaling,count1089_random1_20_split5_divide1_workers2,count1089,random,1,20262917,1,20261019,20,108,5,19;54;103;109;115,2,,,,RUNNING,False,False,,0.0,300.3479923340201,2247.9578224160014,105092,1723792
branch,worker_scaling,count1089_random1_20_split5_divide1_workers2,count1089,random,1,20262917,1,20261019,20,108,5,19;54;103;109;115,2,00100,00100,4,UNSAT,False,False,,151.71912037499715,322.9378803340078,2247.9578224160014,105092,1723792
branch,worker_scaling,count1089_random1_20_split5_divide1_workers2,count1089,random,1,20262917,1,20261019,20,108,5,19;54;103;109;115,2,01101,01101,3,UNSAT,False,False,,184.64330549997976,339.0914447090181,2247.9578224160014,105092,1723792
branch,worker_scaling,count1089_random1_20_split5_divide1_workers2,count1089,random,1,20262917,1,20261019,20,108,5,19;54;103;109;115,2,01011,01011,6,UNSAT,False,False,,154.08921287499834,493.23318454201217,2247.9578224160014,105092,1723792
branch,worker_scaling,count1089_random1_20_split5_divide1_workers2,count1089,random,1,20262917,1,20261019,20,108,5,19;54;103;109;115,2,10111,10111,5,UNSAT,False,False,,171.60563050000928,494.5988531670009,2247.9578224160014,105092,1723792
checkpoint,worker_scaling,count1089_random1_20_split5_divide1_workers2,count1089,random,1,20262917,1,20261019,20,108,5,19;54;103;109;115,2,,,,RUNNING,False,False,,0.0,600.8306076670124,2247.9578224160014,105092,1723792
branch,worker_scaling,count1089_random1_20_split5_divide1_workers2,count1089,random,1,20262917,1,20261019,20,108,5,19;54;103;109;115,2,10010,10010,8,UNSAT,False,False,,106.50053104097606,601.1576005840034,2247.9578224160014,105092,1723792
branch,worker_scaling,count1089_random1_20_split5_divide1_workers2,count1089,random,1,20262917,1,20261019,20,108,5,19;54;103;109;115,2,10000,10000,7,UNSAT,False,False,,167.6255620830052,660.9122907090059,2247.9578224160014,105092,1723792
branch,worker_scaling,count1089_random1_20_split5_divide1_workers2,count1089,random,1,20262917,1,20261019,20,108,5,19;54;103;109;115,2,00110,00110,9,UNSAT,False,False,,162.37332970800344,763.576518167014,2247.9578224160014,105092,1723792
branch,worker_scaling,count1089_random1_20_split5_divide1_workers2,count1089,random,1,20262917,1,20261019,20,108,5,19;54;103;109;115,2,10011,10011,10,UNSAT,False,False,,130.85199437499978,791.8110265000141,2247.9578224160014,105092,1723792
branch,worker_scaling,count1089_random1_20_split5_divide1_workers2,count1089,random,1,20262917,1,20261019,20,108,5,19;54;103;109;115,2,11000,11000,11,UNSAT,False,False,,109.61694950002129,873.2552540840115,2247.9578224160014,105092,1723792
checkpoint,worker_scaling,count1089_random1_20_split5_divide1_workers2,count1089,random,1,20262917,1,20261019,20,108,5,19;54;103;109;115,2,,,,RUNNING,False,False,,0.0,901.3543692500098,2247.9578224160014,105092,1723792
branch,worker_scaling,count1089_random1_20_split5_divide1_workers2,count1089,random,1,20262917,1,20261019,20,108,5,19;54;103;109;115,2,01111,01111,12,UNSAT,False,False,,150.79891616600798,942.6636912920221,2247.9578224160014,105092,1723792
branch,worker_scaling,count1089_random1_20_split5_divide1_workers2,count1089,random,1,20262917,1,20261019,20,108,5,19;54;103;109;115,2,10101,10101,13,UNSAT,False,False,,138.63258887498523,1011.9422882090148,2247.9578224160014,105092,1723792
branch,worker_scaling,count1089_random1_20_split5_divide1_workers2,count1089,random,1,20262917,1,20261019,20,108,5,19;54;103;109;115,2,00001,00001,14,UNSAT,False,False,,149.6494402079843,1092.363792500022,2247.9578224160014,105092,1723792
checkpoint,worker_scaling,count1089_random1_20_split5_divide1_workers2,count1089,random,1,20262917,1,20261019,20,108,5,19;54;103;109;115,2,,,,RUNNING,False,False,,0.0,1201.6253399169946,2247.9578224160014,105092,1723792
branch,worker_scaling,count1089_random1_20_split5_divide1_workers2,count1089,random,1,20262917,1,20261019,20,108,5,19;54;103;109;115,2,01001,01001,15,UNSAT,False,False,,202.82321845798288,1214.8161234590225,2247.9578224160014,105092,1723792
branch,worker_scaling,count1089_random1_20_split5_divide1_workers2,count1089,random,1,20262917,1,20261019,20,108,5,19;54;103;109;115,2,10110,10110,16,UNSAT,False,False,,138.9595396660152,1231.3724988750182,2247.9578224160014,105092,1723792
branch,worker_scaling,count1089_random1_20_split5_divide1_workers2,count1089,random,1,20262917,1,20261019,20,108,5,19;54;103;109;115,2,11011,11011,18,UNSAT,False,False,,134.2720870419871,1365.6998512920109,2247.9578224160014,105092,1723792
branch,worker_scaling,count1089_random1_20_split5_divide1_workers2,count1089,random,1,20262917,1,20261019,20,108,5,19;54;103;109;115,2,11010,11010,17,UNSAT,False,False,,232.12528766700416,1446.9975057500124,2247.9578224160014,105092,1723792
checkpoint,worker_scaling,count1089_random1_20_split5_divide1_workers2,count1089,random,1,20262917,1,20261019,20,108,5,19;54;103;109;115,2,,,,RUNNING,False,False,,0.0,1502.1548872920102,2247.9578224160014,105092,1723792
branch,worker_scaling,count1089_random1_20_split5_divide1_workers2,count1089,random,1,20262917,1,20261019,20,108,5,19;54;103;109;115,2,10001,10001,19,UNSAT,False,False,,145.20443204202456,1510.9611368750047,2247.9578224160014,105092,1723792
branch,worker_scaling,count1089_random1_20_split5_divide1_workers2,count1089,random,1,20262917,1,20261019,20,108,5,19;54;103;109;115,2,00000,00000,20,UNSAT,False,False,,183.4937113749911,1630.548420584004,2247.9578224160014,105092,1723792
branch,worker_scaling,count1089_random1_20_split5_divide1_workers2,count1089,random,1,20262917,1,20261019,20,108,5,19;54;103;109;115,2,01010,01010,21,SAT,True,True,000102030405060708090A0B0C0D0E0F,168.24143666698365,1679.261857125006,2247.9578224160014,105092,1723792
summary,worker_scaling,count1089_random1_20_split5_divide1_workers2,count1089,random,1,20262917,1,20261019,20,108,5,19;54;103;109;115,2,01010,01010,21,SAT_FOUND,True,True,000102030405060708090A0B0C0D0E0F,168.24143666698365,1679.2766753339965,2247.9578224160014,105092,1723792
branch,worker_scaling,count1089_random1_20_split5_divide1_workers4,count1089,random,1,20262917,1,20261019,20,108,5,19;54;103;109;115,4,00100,00100,4,UNSAT,False,False,,254.12421091701253,254.38413958402816,2247.9578224160014,105092,1723792
branch,worker_scaling,count1089_random1_20_split5_divide1_workers4,count1089,random,1,20262917,1,20261019,20,108,5,19;54;103;109;115,4,11001,11001,1,UNSAT,False,False,,254.66396974999225,254.70944816700649,2247.9578224160014,105092,1723792
branch,worker_scaling,count1089_random1_20_split5_divide1_workers4,count1089,random,1,20262917,1,20261019,20,108,5,19;54;103;109;115,4,00011,00011,2,UNSAT,False,False,,287.19189095901675,287.2991541670053,2247.9578224160014,105092,1723792
checkpoint,worker_scaling,count1089_random1_20_split5_divide1_workers4,count1089,random,1,20262917,1,20261019,20,108,5,19;54;103;109;115,4,,,,RUNNING,False,False,,0.0,300.3679729170108,2247.9578224160014,105092,1723792
branch,worker_scaling,count1089_random1_20_split5_divide1_workers4,count1089,random,1,20262917,1,20261019,20,108,5,19;54;103;109;115,4,01101,01101,3,UNSAT,False,False,,309.8412885830039,310.0222069170268,2247.9578224160014,105092,1723792
branch,worker_scaling,count1089_random1_20_split5_divide1_workers4,count1089,random,1,20262917,1,20261019,20,108,5,19;54;103;109;115,4,10010,10010,8,UNSAT,False,False,,183.54369750001933,493.6333254170022,2247.9578224160014,105092,1723792
branch,worker_scaling,count1089_random1_20_split5_divide1_workers4,count1089,random,1,20262917,1,20261019,20,108,5,19;54;103;109;115,4,01011,01011,6,UNSAT,False,False,,257.7239498329873,512.5352952500107,2247.9578224160014,105092,1723792
branch,worker_scaling,count1089_random1_20_split5_divide1_workers4,count1089,random,1,20262917,1,20261019,20,108,5,19;54;103;109;115,4,10111,10111,5,UNSAT,False,False,,285.8826410420006,540.3675424170215,2247.9578224160014,105092,1723792
branch,worker_scaling,count1089_random1_20_split5_divide1_workers4,count1089,random,1,20262917,1,20261019,20,108,5,19;54;103;109;115,4,10000,10000,7,UNSAT,False,False,,289.94655841600616,577.3162394170067,2247.9578224160014,105092,1723792
checkpoint,worker_scaling,count1089_random1_20_split5_divide1_workers4,count1089,random,1,20262917,1,20261019,20,108,5,19;54;103;109;115,4,,,,RUNNING,False,False,,0.0,600.4048866670055,2247.9578224160014,105092,1723792
branch,worker_scaling,count1089_random1_20_split5_divide1_workers4,count1089,random,1,20262917,1,20261019,20,108,5,19;54;103;109;115,4,11000,11000,11,UNSAT,False,False,,181.56845854199491,722.00271887501,2247.9578224160014,105092,1723792
branch,worker_scaling,count1089_random1_20_split5_divide1_workers4,count1089,random,1,20262917,1,20261019,20,108,5,19;54;103;109;115,4,10011,10011,10,UNSAT,False,False,,228.06465620800736,740.6679362920113,2247.9578224160014,105092,1723792
branch,worker_scaling,count1089_random1_20_split5_divide1_workers4,count1089,random,1,20262917,1,20261019,20,108,5,19;54;103;109;115,4,00110,00110,9,UNSAT,False,False,,281.9672996659938,775.6697121250036,2247.9578224160014,105092,1723792
branch,worker_scaling,count1089_random1_20_split5_divide1_workers4,count1089,random,1,20262917,1,20261019,20,108,5,19;54;103;109;115,4,01111,01111,12,UNSAT,False,False,,252.73962062501232,830.1330468750093,2247.9578224160014,105092,1723792
checkpoint,worker_scaling,count1089_random1_20_split5_divide1_workers4,count1089,random,1,20262917,1,20261019,20,108,5,19;54;103;109;115,4,,,,RUNNING,False,False,,0.0,901.3015175840119,2247.9578224160014,105092,1723792
branch,worker_scaling,count1089_random1_20_split5_divide1_workers4,count1089,random,1,20262917,1,20261019,20,108,5,19;54;103;109;115,4,10101,10101,13,UNSAT,False,False,,226.35928908298956,948.4290414170246,2247.9578224160014,105092,1723792
branch,worker_scaling,count1089_random1_20_split5_divide1_workers4,count1089,random,1,20262917,1,20261019,20,108,5,19;54;103;109;115,4,00001,00001,14,UNSAT,False,False,,242.49155299999984,983.2343862090202,2247.9578224160014,105092,1723792
branch,worker_scaling,count1089_random1_20_split5_divide1_workers4,count1089,random,1,20262917,1,20261019,20,108,5,19;54;103;109;115,4,10110,10110,16,UNSAT,False,False,,214.83845399998245,1045.0423572920263,2247.9578224160014,105092,1723792
branch,worker_scaling,count1089_random1_20_split5_divide1_workers4,count1089,random,1,20262917,1,20261019,20,108,5,19;54;103;109;115,4,01001,01001,15,UNSAT,False,False,,318.5131666249945,1094.2539735420141,2247.9578224160014,105092,1723792
branch,worker_scaling,count1089_random1_20_split5_divide1_workers4,count1089,random,1,20262917,1,20261019,20,108,5,19;54;103;109;115,4,11011,11011,18,UNSAT,False,False,,205.67248549999204,1188.978377042018,2247.9578224160014,105092,1723792
checkpoint,worker_scaling,count1089_random1_20_split5_divide1_workers4,count1089,random,1,20262917,1,20261019,20,108,5,19;54;103;109;115,4,,,,RUNNING,False,False,,0.0,1202.0541140420246,2247.9578224160014,105092,1723792
branch,worker_scaling,count1089_random1_20_split5_divide1_workers4,count1089,random,1,20262917,1,20261019,20,108,5,19;54;103;109;115,4,10001,10001,19,UNSAT,False,False,,228.3320184170152,1273.4455839590228,2247.9578224160014,105092,1723792
branch,worker_scaling,count1089_random1_20_split5_divide1_workers4,count1089,random,1,20262917,1,20261019,20,108,5,19;54;103;109;115,4,11010,11010,17,UNSAT,False,False,,361.88313479101635,1310.3812200000102,2247.9578224160014,105092,1723792
branch,worker_scaling,count1089_random1_20_split5_divide1_workers4,count1089,random,1,20262917,1,20261019,20,108,5,19;54;103;109;115,4,00000,00000,20,UNSAT,False,False,,285.5150579159963,1379.8408947920252,2247.9578224160014,105092,1723792
branch,worker_scaling,count1089_random1_20_split5_divide1_workers4,count1089,random,1,20262917,1,20261019,20,108,5,19;54;103;109;115,4,01010,01010,21,SAT,True,True,000102030405060708090A0B0C0D0E0F,258.5575695830048,1447.6108322090004,2247.9578224160014,105092,1723792
summary,worker_scaling,count1089_random1_20_split5_divide1_workers4,count1089,random,1,20262917,1,20261019,20,108,5,19;54;103;109;115,4,01010,01010,21,SAT_FOUND,True,True,000102030405060708090A0B0C0D0E0F,258.5575695830048,1447.6490218340186,2247.9578224160014,105092,1723792
checkpoint,worker_scaling,count1089_random1_20_split5_divide1_workers6,count1089,random,1,20262917,1,20261019,20,108,5,19;54;103;109;115,6,,,,RUNNING,False,False,,0.0,300.9414338329807,2247.9578224160014,105092,1723792
branch,worker_scaling,count1089_random1_20_split5_divide1_workers6,count1089,random,1,20262917,1,20261019,20,108,5,19;54;103;109;115,6,11001,11001,1,UNSAT,False,False,,327.7758199579839,327.83041345799575,2247.9578224160014,105092,1723792
branch,worker_scaling,count1089_random1_20_split5_divide1_workers6,count1089,random,1,20262917,1,20261019,20,108,5,19;54;103;109;115,6,00100,00100,4,UNSAT,False,False,,334.71194133299286,334.9772104169824,2247.9578224160014,105092,1723792
branch,worker_scaling,count1089_random1_20_split5_divide1_workers6,count1089,random,1,20262917,1,20261019,20,108,5,19;54;103;109;115,6,01011,01011,6,UNSAT,False,False,,336.49128770799143,336.92598695799825,2247.9578224160014,105092,1723792
branch,worker_scaling,count1089_random1_20_split5_divide1_workers6,count1089,random,1,20262917,1,20261019,20,108,5,19;54;103;109;115,6,10111,10111,5,UNSAT,False,False,,373.93724204198224,374.28566912497627,2247.9578224160014,105092,1723792
branch,worker_scaling,count1089_random1_20_split5_divide1_workers6,count1089,random,1,20262917,1,20261019,20,108,5,19;54;103;109;115,6,00011,00011,2,UNSAT,False,False,,376.83842400001595,376.95858574999147,2247.9578224160014,105092,1723792
branch,worker_scaling,count1089_random1_20_split5_divide1_workers6,count1089,random,1,20262917,1,20261019,20,108,5,19;54;103;109;115,6,01101,01101,3,UNSAT,False,False,,412.3091055830009,412.49972679198254,2247.9578224160014,105092,1723792
branch,worker_scaling,count1089_random1_20_split5_divide1_workers6,count1089,random,1,20262917,1,20261019,20,108,5,19;54;103;109;115,6,10010,10010,8,UNSAT,False,False,,242.3137930840021,577.399118166999,2247.9578224160014,105092,1723792
checkpoint,worker_scaling,count1089_random1_20_split5_divide1_workers6,count1089,random,1,20262917,1,20261019,20,108,5,19;54;103;109;115,6,,,,RUNNING,False,False,,0.0,601.5012792499911,2247.9578224160014,105092,1723792
branch,worker_scaling,count1089_random1_20_split5_divide1_workers6,count1089,random,1,20262917,1,20261019,20,108,5,19;54;103;109;115,6,11000,11000,11,UNSAT,False,False,,241.07968254201114,618.1298988749913,2247.9578224160014,105092,1723792
branch,worker_scaling,count1089_random1_20_split5_divide1_workers6,count1089,random,1,20262917,1,20261019,20,108,5,19;54;103;109;115,6,10011,10011,10,UNSAT,False,False,,297.17951112499577,671.5563529169885,2247.9578224160014,105092,1723792
branch,worker_scaling,count1089_random1_20_split5_divide1_workers6,count1089,random,1,20262917,1,20261019,20,108,5,19;54;103;109;115,6,00110,00110,9,UNSAT,False,False,,369.83406887500314,706.8458625829953,2247.9578224160014,105092,1723792
branch,worker_scaling,count1089_random1_20_split5_divide1_workers6,count1089,random,1,20262917,1,20261019,20,108,5,19;54;103;109;115,6,10000,10000,7,UNSAT,False,False,,386.6819097909902,714.6113835829892,2247.9578224160014,105092,1723792
branch,worker_scaling,count1089_random1_20_split5_divide1_workers6,count1089,random,1,20262917,1,20261019,20,108,5,19;54;103;109;115,6,01111,01111,12,UNSAT,False,False,,331.99046037500375,744.5714279579988,2247.9578224160014,105092,1723792
branch,worker_scaling,count1089_random1_20_split5_divide1_workers6,count1089,random,1,20262917,1,20261019,20,108,5,19;54;103;109;115,6,10101,10101,13,UNSAT,False,False,,296.19241537500056,873.6818149169849,2247.9578224160014,105092,1723792
checkpoint,worker_scaling,count1089_random1_20_split5_divide1_workers6,count1089,random,1,20262917,1,20261019,20,108,5,19;54;103;109;115,6,,,,RUNNING,False,False,,0.0,901.803325957997,2247.9578224160014,105092,1723792
branch,worker_scaling,count1089_random1_20_split5_divide1_workers6,count1089,random,1,20262917,1,20261019,20,108,5,19;54;103;109;115,6,00001,00001,14,UNSAT,False,False,,319.25534179099486,937.4733489579812,2247.9578224160014,105092,1723792
branch,worker_scaling,count1089_random1_20_split5_divide1_workers6,count1089,random,1,20262917,1,20261019,20,108,5,19;54;103;109;115,6,10110,10110,16,UNSAT,False,False,,284.31253258301876,991.2443147079903,2247.9578224160014,105092,1723792
branch,worker_scaling,count1089_random1_20_split5_divide1_workers6,count1089,random,1,20262917,1,20261019,20,108,5,19;54;103;109;115,6,11011,11011,18,UNSAT,False,False,,275.26430849998724,1019.922088583,2247.9578224160014,105092,1723792
branch,worker_scaling,count1089_random1_20_split5_divide1_workers6,count1089,random,1,20262917,1,20261019,20,108,5,19;54;103;109;115,6,01001,01001,15,UNSAT,False,False,,426.2163419589924,1097.8610387079825,2247.9578224160014,105092,1723792
branch,worker_scaling,count1089_random1_20_split5_divide1_workers6,count1089,random,1,20262917,1,20261019,20,108,5,19;54;103;109;115,6,10001,10001,19,UNSAT,False,False,,301.1714827090036,1174.9309267919743,2247.9578224160014,105092,1723792
branch,worker_scaling,count1089_random1_20_split5_divide1_workers6,count1089,random,1,20262917,1,20261019,20,108,5,19;54;103;109;115,6,11010,11010,17,UNSAT,False,False,,480.01603791699745,1194.7105189579888,2247.9578224160014,105092,1723792
checkpoint,worker_scaling,count1089_random1_20_split5_divide1_workers6,count1089,random,1,20262917,1,20261019,20,108,5,19;54;103;109;115,6,,,,RUNNING,False,False,,0.0,1202.7832577079826,2247.9578224160014,105092,1723792
branch,worker_scaling,count1089_random1_20_split5_divide1_workers6,count1089,random,1,20262917,1,20261019,20,108,5,19;54;103;109;115,6,00000,00000,20,UNSAT,False,False,,372.33971154197934,1309.8866945419868,2247.9578224160014,105092,1723792
branch,worker_scaling,count1089_random1_20_split5_divide1_workers6,count1089,random,1,20262917,1,20261019,20,108,5,19;54;103;109;115,6,01010,01010,21,SAT,True,True,000102030405060708090A0B0C0D0E0F,339.53156937498716,1330.8529279169743,2247.9578224160014,105092,1723792
summary,worker_scaling,count1089_random1_20_split5_divide1_workers6,count1089,random,1,20262917,1,20261019,20,108,5,19;54;103;109;115,6,01010,01010,21,SAT_FOUND,True,True,000102030405060708090A0B0C0D0E0F,339.53156937498716,1330.8873766670004,2247.9578224160014,105092,1723792
branch,worker_scaling,count1089_random1_20_split5_divide1_workers8,count1089,random,1,20262917,1,20261019,20,108,5,19;54;103;109;115,8,10010,10010,8,UNSAT,False,False,,247.46100245899288,248.03903341697878,2247.9578224160014,105092,1723792
checkpoint,worker_scaling,count1089_random1_20_split5_divide1_workers8,count1089,random,1,20262917,1,20261019,20,108,5,19;54;103;109;115,8,,,,RUNNING,False,False,,0.0,300.3532744589902,2247.9578224160014,105092,1723792
branch,worker_scaling,count1089_random1_20_split5_divide1_workers8,count1089,random,1,20262917,1,20261019,20,108,5,19;54;103;109;115,8,11001,11001,1,UNSAT,False,False,,334.98880812499556,335.03873637499055,2247.9578224160014,105092,1723792
branch,worker_scaling,count1089_random1_20_split5_divide1_workers8,count1089,random,1,20262917,1,20261019,20,108,5,19;54;103;109;115,8,00100,00100,4,UNSAT,False,False,,345.32633820798947,345.5742798339925,2247.9578224160014,105092,1723792
branch,worker_scaling,count1089_random1_20_split5_divide1_workers8,count1089,random,1,20262917,1,20261019,20,108,5,19;54;103;109;115,8,01011,01011,6,UNSAT,False,False,,346.00080408298527,346.39926254199236,2247.9578224160014,105092,1723792
branch,worker_scaling,count1089_random1_20_split5_divide1_workers8,count1089,random,1,20262917,1,20261019,20,108,5,19;54;103;109;115,8,10111,10111,5,UNSAT,False,False,,383.53454016600153,383.85955500000273,2247.9578224160014,105092,1723792
branch,worker_scaling,count1089_random1_20_split5_divide1_workers8,count1089,random,1,20262917,1,20261019,20,108,5,19;54;103;109;115,8,00011,00011,2,UNSAT,False,False,,386.3372887079895,386.44506187498337,2247.9578224160014,105092,1723792
branch,worker_scaling,count1089_random1_20_split5_divide1_workers8,count1089,random,1,20262917,1,20261019,20,108,5,19;54;103;109;115,8,10000,10000,7,UNSAT,False,False,,395.00152737498865,395.48718533400097,2247.9578224160014,105092,1723792
branch,worker_scaling,count1089_random1_20_split5_divide1_workers8,count1089,random,1,20262917,1,20261019,20,108,5,19;54;103;109;115,8,01101,01101,3,UNSAT,False,False,,423.43849212498753,423.61852887499845,2247.9578224160014,105092,1723792
branch,worker_scaling,count1089_random1_20_split5_divide1_workers8,count1089,random,1,20262917,1,20261019,20,108,5,19;54;103;109;115,8,11000,11000,11,UNSAT,False,False,,247.41698812501272,593.0645674169937,2247.9578224160014,105092,1723792
checkpoint,worker_scaling,count1089_random1_20_split5_divide1_workers8,count1089,random,1,20262917,1,20261019,20,108,5,19;54;103;109;115,8,,,,RUNNING,False,False,,0.0,601.1465576249757,2247.9578224160014,105092,1723792
branch,worker_scaling,count1089_random1_20_split5_divide1_workers8,count1089,random,1,20262917,1,20261019,20,108,5,19;54;103;109;115,8,00110,00110,9,UNSAT,False,False,,377.8466463749937,625.9952164589777,2247.9578224160014,105092,1723792
branch,worker_scaling,count1089_random1_20_split5_divide1_workers8,count1089,random,1,20262917,1,20261019,20,108,5,19;54;103;109;115,8,10011,10011,10,UNSAT,False,False,,305.47687437498826,640.5929758339771,2247.9578224160014,105092,1723792
branch,worker_scaling,count1089_random1_20_split5_divide1_workers8,count1089,random,1,20262917,1,20261019,20,108,5,19;54;103;109;115,8,01111,01111,12,UNSAT,False,False,,342.907347750006,689.387418792001,2247.9578224160014,105092,1723792
branch,worker_scaling,count1089_random1_20_split5_divide1_workers8,count1089,random,1,20262917,1,20261019,20,108,5,19;54;103;109;115,8,10101,10101,13,UNSAT,False,False,,306.3165000830195,690.2445192089945,2247.9578224160014,105092,1723792
branch,worker_scaling,count1089_random1_20_split5_divide1_workers8,count1089,random,1,20262917,1,20261019,20,108,5,19;54;103;109;115,8,00001,00001,14,UNSAT,False,False,,328.938313458988,715.4553804589959,2247.9578224160014,105092,1723792
branch,worker_scaling,count1089_random1_20_split5_divide1_workers8,count1089,random,1,20262917,1,20261019,20,108,5,19;54;103;109;115,8,10110,10110,16,UNSAT,False,False,,293.64011287500034,717.3283158749982,2247.9578224160014,105092,1723792
branch,worker_scaling,count1089_random1_20_split5_divide1_workers8,count1089,random,1,20262917,1,20261019,20,108,5,19;54;103;109;115,8,01001,01001,15,UNSAT,False,False,,443.3884313330054,838.9554901669908,2247.9578224160014,105092,1723792
checkpoint,worker_scaling,count1089_random1_20_split5_divide1_workers8,count1089,random,1,20262917,1,20261019,20,108,5,19;54;103;109;115,8,,,,RUNNING,False,False,,0.0,901.230231374997,2247.9578224160014,105092,1723792
branch,worker_scaling,count1089_random1_20_split5_divide1_workers8,count1089,random,1,20262917,1,20261019,20,108,5,19;54;103;109;115,8,11011,11011,18,UNSAT,False,False,,282.7437562920095,908.8064562919899,2247.9578224160014,105092,1723792
branch,worker_scaling,count1089_random1_20_split5_divide1_workers8,count1089,random,1,20262917,1,20261019,20,108,5,19;54;103;109;115,8,10001,10001,19,UNSAT,False,False,,306.6099109160132,947.274013916991,2247.9578224160014,105092,1723792
branch,worker_scaling,count1089_random1_20_split5_divide1_workers8,count1089,random,1,20262917,1,20261019,20,108,5,19;54;103;109;115,8,01010,01010,21,SAT,True,True,000102030405060708090A0B0C0D0E0F,351.31981466599973,1041.6380870419962,2247.9578224160014,105092,1723792
summary,worker_scaling,count1089_random1_20_split5_divide1_workers8,count1089,random,1,20262917,1,20261019,20,108,5,19;54;103;109;115,8,01010,01010,21,SAT_FOUND,True,True,000102030405060708090A0B0C0D0E0F,351.31981466599973,1041.6793178340013,2247.9578224160014,105092,1723792
checkpoint,split_depth,count1089_random1_20_split3_divide1_workers8,count1089,random,1,20262917,1,20261019,20,108,3,19;54;109,8,,,,RUNNING,False,False,,0.0,300.6868579170259,2247.9578224160014,105092,1723792
checkpoint,split_depth,count1089_random1_20_split3_divide1_workers8,count1089,random,1,20262917,1,20261019,20,108,3,19;54;109,8,,,,RUNNING,False,False,,0.0,600.8489471250214,2247.9578224160014,105092,1723792
branch,split_depth,count1089_random1_20_split3_divide1_workers8,count1089,random,1,20262917,1,20261019,20,108,3,19;54;109,8,001,001,2,UNSAT,False,False,,815.7846393749933,815.8953638340172,2247.9578224160014,105092,1723792
branch,split_depth,count1089_random1_20_split3_divide1_workers8,count1089,random,1,20262917,1,20261019,20,108,3,19;54;109,8,111,111,3,UNSAT,False,False,,840.4372387499898,840.6121781670081,2247.9578224160014,105092,1723792
branch,split_depth,count1089_random1_20_split3_divide1_workers8,count1089,random,1,20262917,1,20261019,20,108,3,19;54;109,8,101,101,8,UNSAT,False,False,,900.983987707994,901.5867685420089,2247.9578224160014,105092,1723792
checkpoint,split_depth,count1089_random1_20_split3_divide1_workers8,count1089,random,1,20262917,1,20261019,20,108,3,19;54;109,8,,,,RUNNING,False,False,,0.0,901.5876002090226,2247.9578224160014,105092,1723792
branch,split_depth,count1089_random1_20_split3_divide1_workers8,count1089,random,1,20262917,1,20261019,20,108,3,19;54;109,8,011,011,5,SAT,True,True,000102030405060708090A0B0C0D0E0F,931.8198955830012,932.1463888340222,2247.9578224160014,105092,1723792
summary,split_depth,count1089_random1_20_split3_divide1_workers8,count1089,random,1,20262917,1,20261019,20,108,3,19;54;109,8,011,011,5,SAT_FOUND,True,True,000102030405060708090A0B0C0D0E0F,931.8198955830012,932.2081182920083,2247.9578224160014,105092,1723792
checkpoint,split_depth,count1089_random1_20_split3_divide2_workers8,count1089,random,1,20262917,2,20261020,20,108,3,28;70;115,8,,,,RUNNING,False,False,,0.0,300.73053612501826,2247.9578224160014,105092,1723792
checkpoint,split_depth,count1089_random1_20_split3_divide2_workers8,count1089,random,1,20262917,2,20261020,20,108,3,28;70;115,8,,,,RUNNING,False,False,,0.0,600.8285358330177,2247.9578224160014,105092,1723792
branch,split_depth,count1089_random1_20_split3_divide2_workers8,count1089,random,1,20262917,2,20261020,20,108,3,28;70;115,8,111,111,1,UNSAT,False,False,,875.2193115830014,875.267813375016,2247.9578224160014,105092,1723792
branch,split_depth,count1089_random1_20_split3_divide2_workers8,count1089,random,1,20262917,2,20261020,20,108,3,28;70;115,8,110,110,6,UNSAT,False,False,,896.2355878330127,896.6738662499993,2247.9578224160014,105092,1723792
checkpoint,split_depth,count1089_random1_20_split3_divide2_workers8,count1089,random,1,20262917,2,20261020,20,108,3,28;70;115,8,,,,RUNNING,False,False,,0.0,901.6828745829989,2247.9578224160014,105092,1723792
branch,split_depth,count1089_random1_20_split3_divide2_workers8,count1089,random,1,20262917,2,20261020,20,108,3,28;70;115,8,001,001,4,UNSAT,False,False,,929.3799080419994,929.6408874579938,2247.9578224160014,105092,1723792
branch,split_depth,count1089_random1_20_split3_divide2_workers8,count1089,random,1,20262917,2,20261020,20,108,3,28;70;115,8,010,010,2,UNSAT,False,False,,974.0292189999891,974.1362945000001,2247.9578224160014,105092,1723792
branch,split_depth,count1089_random1_20_split3_divide2_workers8,count1089,random,1,20262917,2,20261020,20,108,3,28;70;115,8,100,100,5,UNSAT,False,False,,1065.6871122089797,1066.0328145830135,2247.9578224160014,105092,1723792
branch,split_depth,count1089_random1_20_split3_divide2_workers8,count1089,random,1,20262917,2,20261020,20,108,3,28;70;115,8,000,000,3,SAT,True,True,000102030405060708090A0B0C0D0E0F,1068.9004719999793,1069.0872851670138,2247.9578224160014,105092,1723792
summary,split_depth,count1089_random1_20_split3_divide2_workers8,count1089,random,1,20262917,2,20261020,20,108,3,28;70;115,8,000,000,3,SAT_FOUND,True,True,000102030405060708090A0B0C0D0E0F,1068.9004719999793,1069.120708625007,2247.9578224160014,105092,1723792
checkpoint,split_depth,count1089_random1_20_split3_divide3_workers8,count1089,random,1,20262917,3,20261021,20,108,3,25;63;76,8,,,,RUNNING,False,False,,0.0,300.7412631669722,2247.9578224160014,105092,1723792
checkpoint,split_depth,count1089_random1_20_split3_divide3_workers8,count1089,random,1,20262917,3,20261021,20,108,3,25;63;76,8,,,,RUNNING,False,False,,0.0,600.8623267499788,2247.9578224160014,105092,1723792
branch,split_depth,count1089_random1_20_split3_divide3_workers8,count1089,random,1,20262917,3,20261021,20,108,3,25;63;76,8,100,100,4,UNSAT,False,False,,818.7431591250061,818.994874749973,2247.9578224160014,105092,1723792
branch,split_depth,count1089_random1_20_split3_divide3_workers8,count1089,random,1,20262917,3,20261021,20,108,3,25;63;76,8,110,110,8,UNSAT,False,False,,825.5327584999905,826.1343373329728,2247.9578224160014,105092,1723792
branch,split_depth,count1089_random1_20_split3_divide3_workers8,count1089,random,1,20262917,3,20261021,20,108,3,25;63;76,8,111,111,6,UNSAT,False,False,,839.6795494580001,840.1066165419761,2247.9578224160014,105092,1723792
branch,split_depth,count1089_random1_20_split3_divide3_workers8,count1089,random,1,20262917,3,20261021,20,108,3,25;63;76,8,101,101,3,UNSAT,False,False,,870.734558666998,870.912460957974,2247.9578224160014,105092,1723792
checkpoint,split_depth,count1089_random1_20_split3_divide3_workers8,count1089,random,1,20262917,3,20261021,20,108,3,25;63;76,8,,,,RUNNING,False,False,,0.0,900.9675176669843,2247.9578224160014,105092,1723792
branch,split_depth,count1089_random1_20_split3_divide3_workers8,count1089,random,1,20262917,3,20261021,20,108,3,25;63;76,8,010,010,5,UNSAT,False,False,,911.7102087500098,912.0398252079904,2247.9578224160014,105092,1723792
branch,split_depth,count1089_random1_20_split3_divide3_workers8,count1089,random,1,20262917,3,20261021,20,108,3,25;63;76,8,001,001,1,UNSAT,False,False,,975.416157959,975.4638319999794,2247.9578224160014,105092,1723792
branch,split_depth,count1089_random1_20_split3_divide3_workers8,count1089,random,1,20262917,3,20261021,20,108,3,25;63;76,8,000,000,7,UNSAT,False,False,,1001.2047174159961,1001.7027705829823,2247.9578224160014,105092,1723792
branch,split_depth,count1089_random1_20_split3_divide3_workers8,count1089,random,1,20262917,3,20261021,20,108,3,25;63;76,8,011,011,2,SAT,True,True,000102030405060708090A0B0C0D0E0F,1016.7716633749951,1016.8739622079884,2247.9578224160014,105092,1723792
summary,split_depth,count1089_random1_20_split3_divide3_workers8,count1089,random,1,20262917,3,20261021,20,108,3,25;63;76,8,011,011,2,SAT_FOUND,True,True,000102030405060708090A0B0C0D0E0F,1016.7716633749951,1016.8746327499975,2247.9578224160014,105092,1723792
checkpoint,split_depth,count1089_random1_20_split4_divide1_workers8,count1089,random,1,20262917,1,20261019,20,108,4,19;54;109;115,8,,,,RUNNING,False,False,,0.0,300.6967501670006,2247.9578224160014,105092,1723792
branch,split_depth,count1089_random1_20_split4_divide1_workers8,count1089,random,1,20262917,1,20261019,20,108,4,19;54;109;115,8,1001,1001,6,UNSAT,False,False,,447.4767252500169,447.8923442920204,2247.9578224160014,105092,1723792
branch,split_depth,count1089_random1_20_split4_divide1_workers8,count1089,random,1,20262917,1,20261019,20,108,4,19;54;109;115,8,1100,1100,2,UNSAT,False,False,,499.51412104201154,499.619436375011,2247.9578224160014,105092,1723792
branch,split_depth,count1089_random1_20_split4_divide1_workers8,count1089,random,1,20262917,1,20261019,20,108,4,19;54;109;115,8,0010,0010,5,UNSAT,False,False,,535.4442221249919,535.7813265840232,2247.9578224160014,105092,1723792
branch,split_depth,count1089_random1_20_split4_divide1_workers8,count1089,random,1,20262917,1,20261019,20,108,4,19;54;109;115,8,1000,1000,7,UNSAT,False,False,,567.434310667013,567.9682207920123,2247.9578224160014,105092,1723792
checkpoint,split_depth,count1089_random1_20_split4_divide1_workers8,count1089,random,1,20262917,1,20261019,20,108,4,19;54;109;115,8,,,,RUNNING,False,False,,0.0,601.1626653750136,2247.9578224160014,105092,1723792
branch,split_depth,count1089_random1_20_split4_divide1_workers8,count1089,random,1,20262917,1,20261019,20,108,4,19;54;109;115,8,1101,1101,8,UNSAT,False,False,,624.0320666670159,624.642474000022,2247.9578224160014,105092,1723792
branch,split_depth,count1089_random1_20_split4_divide1_workers8,count1089,random,1,20262917,1,20261019,20,108,4,19;54;109;115,8,0000,0000,4,UNSAT,False,False,,629.5667709579866,629.8240014170005,2247.9578224160014,105092,1723792
branch,split_depth,count1089_random1_20_split4_divide1_workers8,count1089,random,1,20262917,1,20261019,20,108,4,19;54;109;115,8,1011,1011,3,UNSAT,False,False,,633.2261002080049,633.4064195000101,2247.9578224160014,105092,1723792
branch,split_depth,count1089_random1_20_split4_divide1_workers8,count1089,random,1,20262917,1,20261019,20,108,4,19;54;109;115,8,0101,0101,1,UNSAT,False,False,,740.6598833340104,740.7083015420067,2247.9578224160014,105092,1723792
checkpoint,split_depth,count1089_random1_20_split4_divide1_workers8,count1089,random,1,20262917,1,20261019,20,108,4,19;54;109;115,8,,,,RUNNING,False,False,,0.0,901.3608355420001,2247.9578224160014,105092,1723792
branch,split_depth,count1089_random1_20_split4_divide1_workers8,count1089,random,1,20262917,1,20261019,20,108,4,19;54;109;115,8,0011,0011,10,UNSAT,False,False,,482.3587812089827,982.060912667017,2247.9578224160014,105092,1723792
branch,split_depth,count1089_random1_20_split4_divide1_workers8,count1089,random,1,20262917,1,20261019,20,108,4,19;54;109;115,8,0111,0111,9,UNSAT,False,False,,630.2430176670023,1078.2321047919977,2247.9578224160014,105092,1723792
branch,split_depth,count1089_random1_20_split4_divide1_workers8,count1089,random,1,20262917,1,20261019,20,108,4,19;54;109;115,8,1110,1110,14,UNSAT,False,False,,494.52212320800754,1124.4223459589994,2247.9578224160014,105092,1723792
branch,split_depth,count1089_random1_20_split4_divide1_workers8,count1089,random,1,20262917,1,20261019,20,108,4,19;54;109;115,8,0110,0110,13,SAT,True,True,000102030405060708090A0B0C0D0E0F,503.14012687499053,1127.8510954590165,2247.9578224160014,105092,1723792
summary,split_depth,count1089_random1_20_split4_divide1_workers8,count1089,random,1,20262917,1,20261019,20,108,4,19;54;109;115,8,0110,0110,13,SAT_FOUND,True,True,000102030405060708090A0B0C0D0E0F,503.14012687499053,1127.8686698749952,2247.9578224160014,105092,1723792
checkpoint,split_depth,count1089_random1_20_split4_divide2_workers8,count1089,random,1,20262917,2,20261020,20,108,4,28;70;76;115,8,,,,RUNNING,False,False,,0.0,300.734578625008,2247.9578224160014,105092,1723792
branch,split_depth,count1089_random1_20_split4_divide2_workers8,count1089,random,1,20262917,2,20261020,20,108,4,28;70;76;115,8,1011,1011,4,UNSAT,False,False,,432.53185320898774,432.7858996250143,2247.9578224160014,105092,1723792
branch,split_depth,count1089_random1_20_split4_divide2_workers8,count1089,random,1,20262917,2,20261020,20,108,4,28;70;76;115,8,0101,0101,6,UNSAT,False,False,,468.1714202920266,468.601034042018,2247.9578224160014,105092,1723792
branch,split_depth,count1089_random1_20_split4_divide2_workers8,count1089,random,1,20262917,2,20261020,20,108,4,28;70;76;115,8,0110,0110,1,UNSAT,False,False,,488.3233844169881,488.3744265420246,2247.9578224160014,105092,1723792
branch,split_depth,count1089_random1_20_split4_divide2_workers8,count1089,random,1,20262917,2,20261020,20,108,4,28;70;76;115,8,1101,1101,8,UNSAT,False,False,,512.6613920829841,513.2889880420116,2247.9578224160014,105092,1723792
branch,split_depth,count1089_random1_20_split4_divide2_workers8,count1089,random,1,20262917,2,20261020,20,108,4,28;70;76;115,8,1100,1100,7,UNSAT,False,False,,515.5130077080103,516.0409936250071,2247.9578224160014,105092,1723792
branch,split_depth,count1089_random1_20_split4_divide2_workers8,count1089,random,1,20262917,2,20261020,20,108,4,28;70;76;115,8,0001,0001,3,UNSAT,False,False,,564.6202804589993,564.8013479590009,2247.9578224160014,105092,1723792
branch,split_depth,count1089_random1_20_split4_divide2_workers8,count1089,random,1,20262917,2,20261020,20,108,4,28;70;76;115,8,1111,1111,5,UNSAT,False,False,,592.1087582499895,592.4410636670073,2247.9578224160014,105092,1723792
checkpoint,split_depth,count1089_random1_20_split4_divide2_workers8,count1089,random,1,20262917,2,20261020,20,108,4,28;70;76;115,8,,,,RUNNING,False,False,,0.0,601.5330900000117,2247.9578224160014,105092,1723792
branch,split_depth,count1089_random1_20_split4_divide2_workers8,count1089,random,1,20262917,2,20261020,20,108,4,28;70;76;115,8,0100,0100,2,UNSAT,False,False,,673.6529684580164,673.766005042009,2247.9578224160014,105092,1723792
checkpoint,split_depth,count1089_random1_20_split4_divide2_workers8,count1089,random,1,20262917,2,20261020,20,108,4,28;70;76;115,8,,,,RUNNING,False,False,,0.0,901.6908367919968,2247.9578224160014,105092,1723792
branch,split_depth,count1089_random1_20_split4_divide2_workers8,count1089,random,1,20262917,2,20261020,20,108,4,28;70;76;115,8,0000,0000,10,UNSAT,False,False,,456.1353557080147,924.8125019170111,2247.9578224160014,105092,1723792
branch,split_depth,count1089_random1_20_split4_divide2_workers8,count1089,random,1,20262917,2,20261020,20,108,4,28;70;76;115,8,1110,1110,14,UNSAT,False,False,,456.34603604199947,1021.2243321250135,2247.9578224160014,105092,1723792
branch,split_depth,count1089_random1_20_split4_divide2_workers8,count1089,random,1,20262917,2,20261020,20,108,4,28;70;76;115,8,0011,0011,12,UNSAT,False,False,,555.6530304159969,1069.0127652500232,2247.9578224160014,105092,1723792
branch,split_depth,count1089_random1_20_split4_divide2_workers8,count1089,random,1,20262917,2,20261020,20,108,4,28;70;76;115,8,1001,1001,9,UNSAT,False,False,,637.1892890000017,1070.0718284590112,2247.9578224160014,105092,1723792
branch,split_depth,count1089_random1_20_split4_divide2_workers8,count1089,random,1,20262917,2,20261020,20,108,4,28;70;76;115,8,0010,0010,11,SAT,True,True,000102030405060708090A0B0C0D0E0F,583.2900531660125,1071.7428373750008,2247.9578224160014,105092,1723792
summary,split_depth,count1089_random1_20_split4_divide2_workers8,count1089,random,1,20262917,2,20261020,20,108,4,28;70;76;115,8,0010,0010,11,SAT_FOUND,True,True,000102030405060708090A0B0C0D0E0F,583.2900531660125,1071.7565587919962,2247.9578224160014,105092,1723792
checkpoint,split_depth,count1089_random1_20_split4_divide3_workers8,count1089,random,1,20262917,3,20261021,20,108,4,25;33;63;76,8,,,,RUNNING,False,False,,0.0,300.6537914170185,2247.9578224160014,105092,1723792
branch,split_depth,count1089_random1_20_split4_divide3_workers8,count1089,random,1,20262917,3,20261021,20,108,4,25;33;63;76,8,0110,0110,5,UNSAT,False,False,,540.1086132080236,540.432444917009,2247.9578224160014,105092,1723792
branch,split_depth,count1089_random1_20_split4_divide3_workers8,count1089,random,1,20262917,3,20261021,20,108,4,25;33;63;76,8,0111,0111,3,UNSAT,False,False,,549.1198608749837,549.3003115419997,2247.9578224160014,105092,1723792
branch,split_depth,count1089_random1_20_split4_divide3_workers8,count1089,random,1,20262917,3,20261021,20,108,4,25;33;63;76,8,0011,0011,2,SAT,True,True,000102030405060708090A0B0C0D0E0F,578.3134202499932,578.4286945420026,2247.9578224160014,105092,1723792
summary,split_depth,count1089_random1_20_split4_divide3_workers8,count1089,random,1,20262917,3,20261021,20,108,4,25;33;63;76,8,0011,0011,2,SAT_FOUND,True,True,000102030405060708090A0B0C0D0E0F,578.3134202499932,578.5158546250022,2247.9578224160014,105092,1723792
branch,split_depth,count1089_random1_20_split5_divide2_workers8,count1089,random,1,20262917,2,20261020,20,108,5,28;63;70;76;115,8,11010,11010,1,UNSAT,False,False,,234.49221208298695,234.54967983299866,2247.9578224160014,105092,1723792
branch,split_depth,count1089_random1_20_split5_divide2_workers8,count1089,random,1,20262917,2,20261020,20,108,5,28;63;70;76;115,8,01010,01010,6,SAT,True,True,000102030405060708090A0B0C0D0E0F,255.6997389169992,256.1035940409929,2247.9578224160014,105092,1723792
summary,split_depth,count1089_random1_20_split5_divide2_workers8,count1089,random,1,20262917,2,20261020,20,108,5,28;63;70;76;115,8,01010,01010,6,SAT_FOUND,True,True,000102030405060708090A0B0C0D0E0F,255.6997389169992,256.206694374996,2247.9578224160014,105092,1723792
branch,split_depth,count1089_random1_20_split5_divide3_workers8,count1089,random,1,20262917,3,20261021,20,108,5,25;33;63;76;103,8,01010,01010,4,UNSAT,False,False,,265.59846800001105,265.844007333013,2247.9578224160014,105092,1723792
checkpoint,split_depth,count1089_random1_20_split5_divide3_workers8,count1089,random,1,20262917,3,20261021,20,108,5,25;33;63;76;103,8,,,,RUNNING,False,False,,0.0,300.0528985830024,2247.9578224160014,105092,1723792
branch,split_depth,count1089_random1_20_split5_divide3_workers8,count1089,random,1,20262917,3,20261021,20,108,5,25;33;63;76;103,8,10010,10010,1,UNSAT,False,False,,315.4432058330276,315.49560049999855,2247.9578224160014,105092,1723792
branch,split_depth,count1089_random1_20_split5_divide3_workers8,count1089,random,1,20262917,3,20261021,20,108,5,25;33;63;76;103,8,01100,01100,6,UNSAT,False,False,,361.9079774170241,362.3196401669993,2247.9578224160014,105092,1723792
branch,split_depth,count1089_random1_20_split5_divide3_workers8,count1089,random,1,20262917,3,20261021,20,108,5,25;33;63;76;103,8,10110,10110,8,UNSAT,False,False,,366.2638611669827,366.8452622079931,2247.9578224160014,105092,1723792
branch,split_depth,count1089_random1_20_split5_divide3_workers8,count1089,random,1,20262917,3,20261021,20,108,5,25;33;63;76;103,8,11110,11110,2,UNSAT,False,False,,379.70379312499426,379.816461667011,2247.9578224160014,105092,1723792
branch,split_depth,count1089_random1_20_split5_divide3_workers8,count1089,random,1,20262917,3,20261021,20,108,5,25;33;63;76;103,8,00111,00111,7,UNSAT,False,False,,394.7919964999892,395.28406150001683,2247.9578224160014,105092,1723792
branch,split_depth,count1089_random1_20_split5_divide3_workers8,count1089,random,1,20262917,3,20261021,20,108,5,25;33;63;76;103,8,00110,00110,3,SAT,True,True,000102030405060708090A0B0C0D0E0F,400.19396362500265,400.3758467500156,2247.9578224160014,105092,1723792
summary,split_depth,count1089_random1_20_split5_divide3_workers8,count1089,random,1,20262917,3,20261021,20,108,5,25;33;63;76;103,8,00110,00110,3,SAT_FOUND,True,True,000102030405060708090A0B0C0D0E0F,400.19396362500265,400.4283854170062,2247.9578224160014,105092,1723792
branch,split_depth,count1089_random1_20_split6_divide1_workers8,count1089,random,1,20262917,1,20261019,20,108,6,19;54;97;103;109;115,8,100110,100110,7,UNSAT,False,False,,182.700171125005,183.19771791700623,2247.9578224160014,105092,1723792
branch,split_depth,count1089_random1_20_split6_divide1_workers8,count1089,random,1,20262917,1,20261019,20,108,6,19;54;97;103;109;115,8,001000,001000,4,UNSAT,False,False,,192.0013286670146,192.24541829200462,2247.9578224160014,105092,1723792
branch,split_depth,count1089_random1_20_split6_divide1_workers8,count1089,random,1,20262917,1,20261019,20,108,6,19;54;97;103;109;115,8,001101,001101,5,UNSAT,False,False,,203.62971550002112,203.96450058399932,2247.9578224160014,105092,1723792
branch,split_depth,count1089_random1_20_split6_divide1_workers8,count1089,random,1,20262917,1,20261019,20,108,6,19;54;97;103;109;115,8,101011,101011,3,UNSAT,False,False,,208.17467350000516,208.34989483401296,2247.9578224160014,105092,1723792
branch,split_depth,count1089_random1_20_split6_divide1_workers8,count1089,random,1,20262917,1,20261019,20,108,6,19;54;97;103;109;115,8,001010,001010,1,UNSAT,False,False,,248.50851470799535,248.56035137499566,2247.9578224160014,105092,1723792
branch,split_depth,count1089_random1_20_split6_divide1_workers8,count1089,random,1,20262917,1,20261019,20,108,6,19;54;97;103;109;115,8,110010,110010,2,UNSAT,False,False,,284.5538681250182,284.65881774999434,2247.9578224160014,105092,1723792
branch,split_depth,count1089_random1_20_split6_divide1_workers8,count1089,random,1,20262917,1,20261019,20,108,6,19;54;97;103;109;115,8,111001,111001,6,UNSAT,False,False,,292.6631059999927,293.07309287501266,2247.9578224160014,105092,1723792
checkpoint,split_depth,count1089_random1_20_split6_divide1_workers8,count1089,random,1,20262917,1,20261019,20,108,6,19;54;97;103;109;115,8,,,,RUNNING,False,False,,0.0,300.14812566700857,2247.9578224160014,105092,1723792
branch,split_depth,count1089_random1_20_split6_divide1_workers8,count1089,random,1,20262917,1,20261019,20,108,6,19;54;97;103;109;115,8,110111,110111,8,UNSAT,False,False,,301.89371829101583,302.48630166699877,2247.9578224160014,105092,1723792
branch,split_depth,count1089_random1_20_split6_divide1_workers8,count1089,random,1,20262917,1,20261019,20,108,6,19;54;97;103;109;115,8,110001,110001,9,UNSAT,False,False,,163.6224482920079,346.9322365419939,2247.9578224160014,105092,1723792
branch,split_depth,count1089_random1_20_split6_divide1_workers8,count1089,random,1,20262917,1,20261019,20,108,6,19;54;97;103;109;115,8,111000,111000,11,UNSAT,False,False,,153.99702954199165,358.04081983401556,2247.9578224160014,105092,1723792
branch,split_depth,count1089_random1_20_split6_divide1_workers8,count1089,random,1,20262917,1,20261019,20,108,6,19;54;97;103;109;115,8,011010,011010,10,UNSAT,False,False,,191.8889599579852,384.2213991250028,2247.9578224160014,105092,1723792
branch,split_depth,count1089_random1_20_split6_divide1_workers8,count1089,random,1,20262917,1,20261019,20,108,6,19;54;97;103;109;115,8,011101,011101,12,UNSAT,False,False,,192.34197470801882,400.75612766700215,2247.9578224160014,105092,1723792
branch,split_depth,count1089_random1_20_split6_divide1_workers8,count1089,random,1,20262917,1,20261019,20,108,6,19;54;97;103;109;115,8,011110,011110,16,UNSAT,False,False,,179.19846162499744,481.76211887501995,2247.9578224160014,105092,1723792
branch,split_depth,count1089_random1_20_split6_divide1_workers8,count1089,random,1,20262917,1,20261019,20,108,6,19;54;97;103;109;115,8,011011,011011,17,UNSAT,False,False,,152.07545525001478,499.0866951250064,2247.9578224160014,105092,1723792
branch,split_depth,count1089_random1_20_split6_divide1_workers8,count1089,random,1,20262917,1,20261019,20,108,6,19;54;97;103;109;115,8,010010,010010,13,SAT,True,True,000102030405060708090A0B0C0D0E0F,252.397503959015,501.03987854201114,2247.9578224160014,105092,1723792
summary,split_depth,count1089_random1_20_split6_divide1_workers8,count1089,random,1,20262917,1,20261019,20,108,6,19;54;97;103;109;115,8,010010,010010,13,SAT_FOUND,True,True,000102030405060708090A0B0C0D0E0F,252.397503959015,501.07395495902165,2247.9578224160014,105092,1723792
branch,split_depth,count1089_random1_20_split6_divide2_workers8,count1089,random,1,20262917,2,20261020,20,108,6,28;63;70;76;115;126,8,110000,110000,1,UNSAT,False,False,,148.89227212499827,148.93975733299158,2247.9578224160014,105092,1723792
branch,split_depth,count1089_random1_20_split6_divide2_workers8,count1089,random,1,20262917,2,20261020,20,108,6,28;63;70;76;115;126,8,001110,001110,5,UNSAT,False,False,,163.779088625015,164.11749308300205,2247.9578224160014,105092,1723792
branch,split_depth,count1089_random1_20_split6_divide2_workers8,count1089,random,1,20262917,2,20261020,20,108,6,28;63;70;76;115;126,8,011011,011011,2,UNSAT,False,False,,181.26502683400759,181.37897870800225,2247.9578224160014,105092,1723792
branch,split_depth,count1089_random1_20_split6_divide2_workers8,count1089,random,1,20262917,2,20261020,20,108,6,28;63;70;76;115;126,8,001000,001000,6,UNSAT,False,False,,185.6798166250228,186.1067034160078,2247.9578224160014,105092,1723792
branch,split_depth,count1089_random1_20_split6_divide2_workers8,count1089,random,1,20262917,2,20261020,20,108,6,28;63;70;76;115;126,8,110110,110110,7,UNSAT,False,False,,187.412192082993,187.93402225000318,2247.9578224160014,105092,1723792
branch,split_depth,count1089_random1_20_split6_divide2_workers8,count1089,random,1,20262917,2,20261020,20,108,6,28;63;70;76;115;126,8,011000,011000,8,UNSAT,False,False,,236.4598666249949,237.0938762910082,2247.9578224160014,105092,1723792
branch,split_depth,count1089_random1_20_split6_divide2_workers8,count1089,random,1,20262917,2,20261020,20,108,6,28;63;70;76;115;126,8,101001,101001,4,UNSAT,False,False,,245.96749862501747,246.22766329100705,2247.9578224160014,105092,1723792
branch,split_depth,count1089_random1_20_split6_divide2_workers8,count1089,random,1,20262917,2,20261020,20,108,6,28;63;70;76;115;126,8,011001,011001,3,UNSAT,False,False,,266.9880458339758,267.17624349999824,2247.9578224160014,105092,1723792
checkpoint,split_depth,count1089_random1_20_split6_divide2_workers8,count1089,random,1,20262917,2,20261020,20,108,6,28;63;70;76;115;126,8,,,,RUNNING,False,False,,0.0,300.3650041660003,2247.9578224160014,105092,1723792
branch,split_depth,count1089_random1_20_split6_divide2_workers8,count1089,random,1,20262917,2,20261020,20,108,6,28;63;70;76;115;126,8,001111,001111,10,UNSAT,False,False,,145.17446666699834,309.39350162501796,2247.9578224160014,105092,1723792
branch,split_depth,count1089_random1_20_split6_divide2_workers8,count1089,random,1,20262917,2,20261020,20,108,6,28;63;70;76;115;126,8,111100,111100,11,UNSAT,False,False,,182.89754058400285,364.34553395799594,2247.9578224160014,105092,1723792
branch,split_depth,count1089_random1_20_split6_divide2_workers8,count1089,random,1,20262917,2,20261020,20,108,6,28;63;70;76;115;126,8,010111,010111,9,UNSAT,False,False,,243.35501908301376,392.41793791600503,2247.9578224160014,105092,1723792
branch,split_depth,count1089_random1_20_split6_divide2_workers8,count1089,random,1,20262917,2,20261020,20,108,6,28;63;70;76;115;126,8,100111,100111,14,UNSAT,False,False,,168.683075708017,405.8424312080024,2247.9578224160014,105092,1723792
branch,split_depth,count1089_random1_20_split6_divide2_workers8,count1089,random,1,20262917,2,20261020,20,108,6,28;63;70;76;115;126,8,011111,011111,13,UNSAT,False,False,,282.80487991598784,470.8088182499923,2247.9578224160014,105092,1723792
branch,split_depth,count1089_random1_20_split6_divide2_workers8,count1089,random,1,20262917,2,20261020,20,108,6,28;63;70;76;115;126,8,101101,101101,17,UNSAT,False,False,,231.1430177920265,540.6121232500009,2247.9578224160014,105092,1723792
branch,split_depth,count1089_random1_20_split6_divide2_workers8,count1089,random,1,20262917,2,20261020,20,108,6,28;63;70;76;115;126,8,010110,010110,19,UNSAT,False,False,,151.9487846250122,544.4325260829937,2247.9578224160014,105092,1723792
branch,split_depth,count1089_random1_20_split6_divide2_workers8,count1089,random,1,20262917,2,20261020,20,108,6,28;63;70;76;115;126,8,011110,011110,15,UNSAT,False,False,,304.7291233750002,551.026864125015,2247.9578224160014,105092,1723792
branch,split_depth,count1089_random1_20_split6_divide2_workers8,count1089,random,1,20262917,2,20261020,20,108,6,28;63;70;76;115;126,8,000000,000000,18,UNSAT,False,False,,205.0076035829843,569.4322088749905,2247.9578224160014,105092,1723792
branch,split_depth,count1089_random1_20_split6_divide2_workers8,count1089,random,1,20262917,2,20261020,20,108,6,28;63;70;76;115;126,8,001100,001100,20,UNSAT,False,False,,179.48394974999246,585.4001342910051,2247.9578224160014,105092,1723792
branch,split_depth,count1089_random1_20_split6_divide2_workers8,count1089,random,1,20262917,2,20261020,20,108,6,28;63;70;76;115;126,8,100010,100010,12,UNSAT,False,False,,400.5401541249885,586.732315583009,2247.9578224160014,105092,1723792
checkpoint,split_depth,count1089_random1_20_split6_divide2_workers8,count1089,random,1,20262917,2,20261020,20,108,6,28;63;70;76;115;126,8,,,,RUNNING,False,False,,0.0,600.852883250016,2247.9578224160014,105092,1723792
branch,split_depth,count1089_random1_20_split6_divide2_workers8,count1089,random,1,20262917,2,20261020,20,108,6,28;63;70;76;115;126,8,010000,010000,16,UNSAT,False,False,,349.52119283299544,616.7833378750074,2247.9578224160014,105092,1723792
branch,split_depth,count1089_random1_20_split6_divide2_workers8,count1089,random,1,20262917,2,20261020,20,108,6,28;63;70;76;115;126,8,000110,000110,23,UNSAT,False,False,,144.01326804200653,688.5293315000017,2247.9578224160014,105092,1723792
branch,split_depth,count1089_random1_20_split6_divide2_workers8,count1089,random,1,20262917,2,20261020,20,108,6,28;63;70;76;115;126,8,000001,000001,26,UNSAT,False,False,,166.83960845900583,752.3306885829952,2247.9578224160014,105092,1723792
branch,split_depth,count1089_random1_20_split6_divide2_workers8,count1089,random,1,20262917,2,20261020,20,108,6,28;63;70;76;115;126,8,001011,001011,25,UNSAT,False,False,,207.11118550001993,776.6317387500021,2247.9578224160014,105092,1723792
branch,split_depth,count1089_random1_20_split6_divide2_workers8,count1089,random,1,20262917,2,20261020,20,108,6,28;63;70;76;115;126,8,100110,100110,24,UNSAT,False,False,,229.36025191599037,780.4618183750135,2247.9578224160014,105092,1723792
branch,split_depth,count1089_random1_20_split6_divide2_workers8,count1089,random,1,20262917,2,20261020,20,108,6,28;63;70;76;115;126,8,000100,000100,28,UNSAT,False,False,,166.39615491699078,783.2537791659997,2247.9578224160014,105092,1723792
branch,split_depth,count1089_random1_20_split6_divide2_workers8,count1089,random,1,20262917,2,20261020,20,108,6,28;63;70;76;115;126,8,111000,111000,27,UNSAT,False,False,,204.95241287499084,791.7854788330151,2247.9578224160014,105092,1723792
branch,split_depth,count1089_random1_20_split6_divide2_workers8,count1089,random,1,20262917,2,20261020,20,108,6,28;63;70;76;115;126,8,010101,010101,22,SAT,True,True,000102030405060708090A0B0C0D0E0F,293.4772710829857,834.1754192910157,2247.9578224160014,105092,1723792
summary,split_depth,count1089_random1_20_split6_divide2_workers8,count1089,random,1,20262917,2,20261020,20,108,6,28;63;70;76;115;126,8,010101,010101,22,SAT_FOUND,True,True,000102030405060708090A0B0C0D0E0F,293.4772710829857,834.216520957998,2247.9578224160014,105092,1723792
branch,split_depth,count1089_random1_20_split6_divide3_workers8,count1089,random,1,20262917,3,20261021,20,108,6,25;33;63;76;103;105,8,101000,101000,1,UNSAT,False,False,,155.67675012498512,155.7232163750159,2247.9578224160014,105092,1723792
branch,split_depth,count1089_random1_20_split6_divide3_workers8,count1089,random,1,20262917,3,20261021,20,108,6,25;33;63;76;103;105,8,001110,001110,8,UNSAT,False,False,,185.42226716701407,185.9485098750156,2247.9578224160014,105092,1723792
branch,split_depth,count1089_random1_20_split6_divide3_workers8,count1089,random,1,20262917,3,20261021,20,108,6,25;33;63;76;103;105,8,011000,011000,3,UNSAT,False,False,,226.59110191601212,226.74748708301922,2247.9578224160014,105092,1723792
branch,split_depth,count1089_random1_20_split6_divide3_workers8,count1089,random,1,20262917,3,20261021,20,108,6,25;33;63;76;103;105,8,111011,111011,2,UNSAT,False,False,,229.45832425000845,229.555851541023,2247.9578224160014,105092,1723792
branch,split_depth,count1089_random1_20_split6_divide3_workers8,count1089,random,1,20262917,3,20261021,20,108,6,25;33;63;76;103;105,8,000010,000010,7,UNSAT,False,False,,251.1767477079993,251.6164196250029,2247.9578224160014,105092,1723792
branch,split_depth,count1089_random1_20_split6_divide3_workers8,count1089,random,1,20262917,3,20261021,20,108,6,25;33;63;76;103;105,8,001111,001111,4,UNSAT,False,False,,274.36192154101445,274.57847104102257,2247.9578224160014,105092,1723792
branch,split_depth,count1089_random1_20_split6_divide3_workers8,count1089,random,1,20262917,3,20261021,20,108,6,25;33;63;76;103;105,8,100110,100110,6,UNSAT,False,False,,282.76121808297466,283.1206932500063,2247.9578224160014,105092,1723792
checkpoint,split_depth,count1089_random1_20_split6_divide3_workers8,count1089,random,1,20262917,3,20261021,20,108,6,25;33;63;76;103;105,8,,,,RUNNING,False,False,,0.0,300.2431140830158,2247.9578224160014,105092,1723792
branch,split_depth,count1089_random1_20_split6_divide3_workers8,count1089,random,1,20262917,3,20261021,20,108,6,25;33;63;76;103;105,8,011010,011010,9,UNSAT,False,False,,154.65755412497674,310.47947541601025,2247.9578224160014,105092,1723792
branch,split_depth,count1089_random1_20_split6_divide3_workers8,count1089,random,1,20262917,3,20261021,20,108,6,25;33;63;76;103;105,8,010101,010101,5,UNSAT,False,False,,396.4751598750008,396.7578349579999,2247.9578224160014,105092,1723792
branch,split_depth,count1089_random1_20_split6_divide3_workers8,count1089,random,1,20262917,3,20261021,20,108,6,25;33;63;76;103;105,8,100111,100111,10,UNSAT,False,False,,295.251629291015,481.2819612910098,2247.9578224160014,105092,1723792
branch,split_depth,count1089_random1_20_split6_divide3_workers8,count1089,random,1,20262917,3,20261021,20,108,6,25;33;63;76;103;105,8,111010,111010,13,UNSAT,False,False,,233.0612083330052,484.7484192910197,2247.9578224160014,105092,1723792
branch,split_depth,count1089_random1_20_split6_divide3_workers8,count1089,random,1,20262917,3,20261021,20,108,6,25;33;63;76;103;105,8,000100,000100,12,UNSAT,False,False,,271.84691729198676,501.47385712500545,2247.9578224160014,105092,1723792
branch,split_depth,count1089_random1_20_split6_divide3_workers8,count1089,random,1,20262917,3,20261021,20,108,6,25;33;63;76;103;105,8,000001,000001,14,UNSAT,False,False,,250.78019766599755,525.4233262079943,2247.9578224160014,105092,1723792
branch,split_depth,count1089_random1_20_split6_divide3_workers8,count1089,random,1,20262917,3,20261021,20,108,6,25;33;63;76;103;105,8,111001,111001,15,UNSAT,False,False,,259.41993820801144,542.6163916660007,2247.9578224160014,105092,1723792
branch,split_depth,count1089_random1_20_split6_divide3_workers8,count1089,random,1,20262917,3,20261021,20,108,6,25;33;63;76;103;105,8,001000,001000,17,UNSAT,False,False,,170.26508637500228,567.095766665996,2247.9578224160014,105092,1723792
branch,split_depth,count1089_random1_20_split6_divide3_workers8,count1089,random,1,20262917,3,20261021,20,108,6,25;33;63;76;103;105,8,110010,110010,16,UNSAT,False,False,,286.8798039169924,597.4434422909981,2247.9578224160014,105092,1723792
checkpoint,split_depth,count1089_random1_20_split6_divide3_workers8,count1089,random,1,20262917,3,20261021,20,108,6,25;33;63;76;103;105,8,,,,RUNNING,False,False,,0.0,600.5275480000128,2247.9578224160014,105092,1723792
branch,split_depth,count1089_random1_20_split6_divide3_workers8,count1089,random,1,20262917,3,20261021,20,108,6,25;33;63;76;103;105,8,101111,101111,11,UNSAT,False,False,,433.0148480409989,659.8356466660043,2247.9578224160014,105092,1723792
branch,split_depth,count1089_random1_20_split6_divide3_workers8,count1089,random,1,20262917,3,20261021,20,108,6,25;33;63;76;103;105,8,101010,101010,20,UNSAT,False,False,,216.23140170800616,717.7764526249957,2247.9578224160014,105092,1723792
branch,split_depth,count1089_random1_20_split6_divide3_workers8,count1089,random,1,20262917,3,20261021,20,108,6,25;33;63;76;103;105,8,011001,011001,23,UNSAT,False,False,,164.87112145801075,732.0555778749986,2247.9578224160014,105092,1723792
branch,split_depth,count1089_random1_20_split6_divide3_workers8,count1089,random,1,20262917,3,20261021,20,108,6,25;33;63;76;103;105,8,011111,011111,19,UNSAT,False,False,,252.6907008329872,737.5125077910197,2247.9578224160014,105092,1723792
branch,split_depth,count1089_random1_20_split6_divide3_workers8,count1089,random,1,20262917,3,20261021,20,108,6,25;33;63;76;103;105,8,100000,100000,24,UNSAT,False,False,,189.15000333401258,786.6638296250021,2247.9578224160014,105092,1723792
branch,split_depth,count1089_random1_20_split6_divide3_workers8,count1089,random,1,20262917,3,20261021,20,108,6,25;33;63;76;103;105,8,011110,011110,21,UNSAT,False,False,,279.85759512500954,805.3621657080075,2247.9578224160014,105092,1723792
branch,split_depth,count1089_random1_20_split6_divide3_workers8,count1089,random,1,20262917,3,20261021,20,108,6,25;33;63;76;103;105,8,101100,101100,18,UNSAT,False,False,,364.0957291669911,845.4398474580084,2247.9578224160014,105092,1723792
branch,split_depth,count1089_random1_20_split6_divide3_workers8,count1089,random,1,20262917,3,20261021,20,108,6,25;33;63;76;103;105,8,001101,001101,22,UNSAT,False,False,,339.81803787499666,882.5247002500109,2247.9578224160014,105092,1723792
branch,split_depth,count1089_random1_20_split6_divide3_workers8,count1089,random,1,20262917,3,20261021,20,108,6,25;33;63;76;103;105,8,010100,010100,25,UNSAT,False,False,,223.04585641698213,882.9557442910154,2247.9578224160014,105092,1723792
checkpoint,split_depth,count1089_random1_20_split6_divide3_workers8,count1089,random,1,20262917,3,20261021,20,108,6,25;33;63;76;103;105,8,,,,RUNNING,False,False,,0.0,901.1135536250076,2247.9578224160014,105092,1723792
branch,split_depth,count1089_random1_20_split6_divide3_workers8,count1089,random,1,20262917,3,20261021,20,108,6,25;33;63;76;103;105,8,011100,011100,27,UNSAT,False,False,,169.21354175001034,901.3471601250058,2247.9578224160014,105092,1723792
branch,split_depth,count1089_random1_20_split6_divide3_workers8,count1089,random,1,20262917,3,20261021,20,108,6,25;33;63;76;103;105,8,001100,001100,26,SAT,True,True,000102030405060708090A0B0C0D0E0F,223.3375914169883,941.1841141660116,2247.9578224160014,105092,1723792
summary,split_depth,count1089_random1_20_split6_divide3_workers8,count1089,random,1,20262917,3,20261021,20,108,6,25;33;63;76;103;105,8,001100,001100,26,SAT_FOUND,True,True,000102030405060708090A0B0C0D0E0F,223.3375914169883,941.2172734579945,2247.9578224160014,105092,1723792
branch,generalization20,count1089_random2_20_split5_divide1_workers8,count1089,random,2,20262918,1,20261119,20,108,5,7;33;82;95;117,8,11100,11100,1,UNSAT,False,False,,269.3973168329976,269.4456116670044,2053.4265930839993,105092,1723792
branch,generalization20,count1089_random2_20_split5_divide1_workers8,count1089,random,2,20262918,1,20261119,20,108,5,7;33;82;95;117,8,00010,00010,3,UNSAT,False,False,,295.41513949999353,295.5801808749966,2053.4265930839993,105092,1723792
branch,generalization20,count1089_random2_20_split5_divide1_workers8,count1089,random,2,20262918,1,20261119,20,108,5,7;33;82;95;117,8,10111,10111,7,UNSAT,False,False,,296.53341995799565,297.0003161249915,2053.4265930839993,105092,1723792
checkpoint,generalization20,count1089_random2_20_split5_divide1_workers8,count1089,random,2,20262918,1,20261119,20,108,5,7;33;82;95;117,8,,,,RUNNING,False,False,,0.0,300.0857147919887,2053.4265930839993,105092,1723792
branch,generalization20,count1089_random2_20_split5_divide1_workers8,count1089,random,2,20262918,1,20261119,20,108,5,7;33;82;95;117,8,01101,01101,2,UNSAT,False,False,,339.3914518749807,339.48983887498616,2053.4265930839993,105092,1723792
branch,generalization20,count1089_random2_20_split5_divide1_workers8,count1089,random,2,20262918,1,20261119,20,108,5,7;33;82;95;117,8,11011,11011,8,UNSAT,False,False,,345.20473458300694,345.7658768330002,2053.4265930839993,105092,1723792
branch,generalization20,count1089_random2_20_split5_divide1_workers8,count1089,random,2,20262918,1,20261119,20,108,5,7;33;82;95;117,8,11111,11111,5,UNSAT,False,False,,386.20168058297713,386.5039967079938,2053.4265930839993,105092,1723792
branch,generalization20,count1089_random2_20_split5_divide1_workers8,count1089,random,2,20262918,1,20261119,20,108,5,7;33;82;95;117,8,01110,01110,4,UNSAT,False,False,,418.2661084999854,418.49596470801043,2053.4265930839993,105092,1723792
branch,generalization20,count1089_random2_20_split5_divide1_workers8,count1089,random,2,20262918,1,20261119,20,108,5,7;33;82;95;117,8,01011,01011,6,UNSAT,False,False,,434.99135837500216,435.370131750009,2053.4265930839993,105092,1723792
branch,generalization20,count1089_random2_20_split5_divide1_workers8,count1089,random,2,20262918,1,20261119,20,108,5,7;33;82;95;117,8,10000,10000,9,UNSAT,False,False,,254.74695770800463,524.2904676669859,2053.4265930839993,105092,1723792
checkpoint,generalization20,count1089_random2_20_split5_divide1_workers8,count1089,random,2,20262918,1,20261119,20,108,5,7;33;82;95;117,8,,,,RUNNING,False,False,,0.0,600.664612166991,2053.4265930839993,105092,1723792
branch,generalization20,count1089_random2_20_split5_divide1_workers8,count1089,random,2,20262918,1,20261119,20,108,5,7;33;82;95;117,8,10010,10010,12,UNSAT,False,False,,285.4372083340131,624.9928482919931,2053.4265930839993,105092,1723792
branch,generalization20,count1089_random2_20_split5_divide1_workers8,count1089,random,2,20262918,1,20261119,20,108,5,7;33;82;95;117,8,10110,10110,10,UNSAT,False,False,,367.0636250000098,662.7307564579824,2053.4265930839993,105092,1723792
branch,generalization20,count1089_random2_20_split5_divide1_workers8,count1089,random,2,20262918,1,20261119,20,108,5,7;33;82;95;117,8,00011,00011,13,SAT,True,True,000102030405060708090A0B0C0D0E0F,345.1918655000045,691.0368428330112,2053.4265930839993,105092,1723792
summary,generalization20,count1089_random2_20_split5_divide1_workers8,count1089,random,2,20262918,1,20261119,20,108,5,7;33;82;95;117,8,00011,00011,13,SAT_FOUND,True,True,000102030405060708090A0B0C0D0E0F,345.1918655000045,691.0651106250007,2053.4265930839993,105092,1723792
branch,generalization20,count1089_random2_20_split5_divide2_workers8,count1089,random,2,20262918,2,20261120,20,108,5,3;38;45;59;77,8,11011,11011,8,UNSAT,False,False,,266.57410808300483,267.11950029199943,2053.4265930839993,105092,1723792
branch,generalization20,count1089_random2_20_split5_divide2_workers8,count1089,random,2,20262918,2,20261120,20,108,5,3;38;45;59;77,8,01101,01101,5,UNSAT,False,False,,276.2254235409782,276.51672650000546,2053.4265930839993,105092,1723792
branch,generalization20,count1089_random2_20_split5_divide2_workers8,count1089,random,2,20262918,2,20261120,20,108,5,3;38;45;59;77,8,11001,11001,1,UNSAT,False,False,,295.6861189159972,295.73589750000974,2053.4265930839993,105092,1723792
checkpoint,generalization20,count1089_random2_20_split5_divide2_workers8,count1089,random,2,20262918,2,20261120,20,108,5,3;38;45;59;77,8,,,,RUNNING,False,False,,0.0,300.80814933302463,2053.4265930839993,105092,1723792
branch,generalization20,count1089_random2_20_split5_divide2_workers8,count1089,random,2,20262918,2,20261120,20,108,5,3;38;45;59;77,8,00111,00111,7,UNSAT,False,False,,351.5404305830016,351.98459666702547,2053.4265930839993,105092,1723792
branch,generalization20,count1089_random2_20_split5_divide2_workers8,count1089,random,2,20262918,2,20261120,20,108,5,3;38;45;59;77,8,00100,00100,2,SAT,True,True,000102030405060708090A0B0C0D0E0F,401.56631324999034,401.67845158302225,2053.4265930839993,105092,1723792
summary,generalization20,count1089_random2_20_split5_divide2_workers8,count1089,random,2,20262918,2,20261120,20,108,5,3;38;45;59;77,8,00100,00100,2,SAT_FOUND,True,True,000102030405060708090A0B0C0D0E0F,401.56631324999034,401.73121208301745,2053.4265930839993,105092,1723792
branch,generalization20,count1089_random2_20_split5_divide3_workers8,count1089,random,2,20262918,3,20261121,20,108,5,33;53;59;74;95,8,10001,10001,7,UNSAT,False,False,,258.964889416995,259.4147376669862,2053.4265930839993,105092,1723792
checkpoint,generalization20,count1089_random2_20_split5_divide3_workers8,count1089,random,2,20262918,3,20261121,20,108,5,33;53;59;74;95,8,,,,RUNNING,False,False,,0.0,300.6663109580113,2053.4265930839993,105092,1723792
branch,generalization20,count1089_random2_20_split5_divide3_workers8,count1089,random,2,20262918,3,20261121,20,108,5,33;53;59;74;95,8,01110,01110,1,UNSAT,False,False,,318.6258718329773,318.67816745801247,2053.4265930839993,105092,1723792
branch,generalization20,count1089_random2_20_split5_divide3_workers8,count1089,random,2,20262918,3,20261121,20,108,5,33;53;59;74;95,8,00001,00001,3,UNSAT,False,False,,328.41540462500416,328.5735316250066,2053.4265930839993,105092,1723792
branch,generalization20,count1089_random2_20_split5_divide3_workers8,count1089,random,2,20262918,3,20261121,20,108,5,33;53;59;74;95,8,01100,01100,6,UNSAT,False,False,,336.5290240420145,336.90184566698736,2053.4265930839993,105092,1723792
branch,generalization20,count1089_random2_20_split5_divide3_workers8,count1089,random,2,20262918,3,20261121,20,108,5,33;53;59;74;95,8,00101,00101,8,UNSAT,False,False,,341.67407999999705,342.2046370420139,2053.4265930839993,105092,1723792
branch,generalization20,count1089_random2_20_split5_divide3_workers8,count1089,random,2,20262918,3,20261121,20,108,5,33;53;59;74;95,8,10100,10100,2,UNSAT,False,False,,436.44614529202227,436.54567220801255,2053.4265930839993,105092,1723792
branch,generalization20,count1089_random2_20_split5_divide3_workers8,count1089,random,2,20262918,3,20261121,20,108,5,33;53;59;74;95,8,10110,10110,5,UNSAT,False,False,,452.9146180419775,453.2050086669915,2053.4265930839993,105092,1723792
branch,generalization20,count1089_random2_20_split5_divide3_workers8,count1089,random,2,20262918,3,20261121,20,108,5,33;53;59;74;95,8,01000,01000,4,UNSAT,False,False,,454.9568196669861,455.17623870799434,2053.4265930839993,105092,1723792
checkpoint,generalization20,count1089_random2_20_split5_divide3_workers8,count1089,random,2,20262918,3,20261121,20,108,5,33;53;59;74;95,8,,,,RUNNING,False,False,,0.0,600.7863337500021,2053.4265930839993,105092,1723792
branch,generalization20,count1089_random2_20_split5_divide3_workers8,count1089,random,2,20262918,3,20261121,20,108,5,33;53;59;74;95,8,01001,01001,12,SAT,True,True,000102030405060708090A0B0C0D0E0F,283.9555369169975,620.9275049169955,2053.4265930839993,105092,1723792
summary,generalization20,count1089_random2_20_split5_divide3_workers8,count1089,random,2,20262918,3,20261121,20,108,5,33;53;59;74;95,8,01001,01001,12,SAT_FOUND,True,True,000102030405060708090A0B0C0D0E0F,283.9555369169975,620.951300582994,2053.4265930839993,105092,1723792
branch,generalization20,count1089_random3_20_split5_divide1_workers8,count1089,random,3,20262919,1,20261219,20,108,5,3;15;38;87;102,8,00010,00010,2,UNSAT,False,False,,260.6735821669863,260.78761445899727,1882.0523522910007,105092,1723792
checkpoint,generalization20,count1089_random3_20_split5_divide1_workers8,count1089,random,3,20262919,1,20261219,20,108,5,3;15;38;87;102,8,,,,RUNNING,False,False,,0.0,300.01350483400165,1882.0523522910007,105092,1723792
branch,generalization20,count1089_random3_20_split5_divide1_workers8,count1089,random,3,20262919,1,20261219,20,108,5,3;15;38;87;102,8,00101,00101,8,UNSAT,False,False,,322.31652779201977,322.9302180840168,1882.0523522910007,105092,1723792
branch,generalization20,count1089_random3_20_split5_divide1_workers8,count1089,random,3,20262919,1,20261219,20,108,5,3;15;38;87;102,8,00100,00100,7,UNSAT,False,False,,328.04157274999307,328.55514712500735,1882.0523522910007,105092,1723792
branch,generalization20,count1089_random3_20_split5_divide1_workers8,count1089,random,3,20262919,1,20261219,20,108,5,3;15;38;87;102,8,01101,01101,1,UNSAT,False,False,,375.5717987920216,375.6247622919909,1882.0523522910007,105092,1723792
branch,generalization20,count1089_random3_20_split5_divide1_workers8,count1089,random,3,20262919,1,20261219,20,108,5,3;15;38;87;102,8,01010,01010,5,UNSAT,False,False,,381.14022075000685,381.4778705420031,1882.0523522910007,105092,1723792
branch,generalization20,count1089_random3_20_split5_divide1_workers8,count1089,random,3,20262919,1,20261219,20,108,5,3;15;38;87;102,8,11011,11011,6,UNSAT,False,False,,397.01039337500697,397.43556416701176,1882.0523522910007,105092,1723792
branch,generalization20,count1089_random3_20_split5_divide1_workers8,count1089,random,3,20262919,1,20261219,20,108,5,3;15;38;87;102,8,01100,01100,3,UNSAT,False,False,,415.0202408749901,415.2109075420012,1882.0523522910007,105092,1723792
branch,generalization20,count1089_random3_20_split5_divide1_workers8,count1089,random,3,20262919,1,20261219,20,108,5,3;15;38;87;102,8,11110,11110,4,UNSAT,False,False,,460.51688870901125,460.78003704201546,1882.0523522910007,105092,1723792
branch,generalization20,count1089_random3_20_split5_divide1_workers8,count1089,random,3,20262919,1,20261219,20,108,5,3;15;38;87;102,8,10011,10011,9,UNSAT,False,False,,315.7233927079942,576.6110723339953,1882.0523522910007,105092,1723792
checkpoint,generalization20,count1089_random3_20_split5_divide1_workers8,count1089,random,3,20262919,1,20261219,20,108,5,3;15;38;87;102,8,,,,RUNNING,False,False,,0.0,600.7597254170105,1882.0523522910007,105092,1723792
branch,generalization20,count1089_random3_20_split5_divide1_workers8,count1089,random,3,20262919,1,20261219,20,108,5,3;15;38;87;102,8,11111,11111,13,UNSAT,False,False,,252.04155962500954,633.5974007089972,1882.0523522910007,105092,1723792
branch,generalization20,count1089_random3_20_split5_divide1_workers8,count1089,random,3,20262919,1,20261219,20,108,5,3;15;38;87;102,8,11100,11100,10,UNSAT,False,False,,310.88755783301895,633.9056429589982,1882.0523522910007,105092,1723792
branch,generalization20,count1089_random3_20_split5_divide1_workers8,count1089,random,3,20262919,1,20261219,20,108,5,3;15;38;87;102,8,10000,10000,16,UNSAT,False,False,,262.8329352909932,723.681681749993,1882.0523522910007,105092,1723792
branch,generalization20,count1089_random3_20_split5_divide1_workers8,count1089,random,3,20262919,1,20261219,20,108,5,3;15;38;87;102,8,00110,00110,15,UNSAT,False,False,,309.64766029198654,724.931082583993,1882.0523522910007,105092,1723792
branch,generalization20,count1089_random3_20_split5_divide1_workers8,count1089,random,3,20262919,1,20261219,20,108,5,3;15;38;87;102,8,10001,10001,11,UNSAT,False,False,,408.14226262498414,736.7766325419943,1882.0523522910007,105092,1723792
branch,generalization20,count1089_random3_20_split5_divide1_workers8,count1089,random,3,20262919,1,20261219,20,108,5,3;15;38;87;102,8,00001,00001,12,UNSAT,False,False,,403.61267991602654,779.3180770420004,1882.0523522910007,105092,1723792
branch,generalization20,count1089_random3_20_split5_divide1_workers8,count1089,random,3,20262919,1,20261219,20,108,5,3;15;38;87;102,8,11001,11001,14,UNSAT,False,False,,436.9470032910176,834.4675332090119,1882.0523522910007,105092,1723792
branch,generalization20,count1089_random3_20_split5_divide1_workers8,count1089,random,3,20262919,1,20261219,20,108,5,3;15;38;87;102,8,00000,00000,17,UNSAT,False,False,,320.10184033299447,896.8082322500122,1882.0523522910007,105092,1723792
checkpoint,generalization20,count1089_random3_20_split5_divide1_workers8,count1089,random,3,20262919,1,20261219,20,108,5,3;15;38;87;102,8,,,,RUNNING,False,False,,0.0,900.8876924590149,1882.0523522910007,105092,1723792
branch,generalization20,count1089_random3_20_split5_divide1_workers8,count1089,random,3,20262919,1,20261219,20,108,5,3;15;38;87;102,8,10100,10100,19,UNSAT,False,False,,268.1336049999809,902.1688370839984,1882.0523522910007,105092,1723792
branch,generalization20,count1089_random3_20_split5_divide1_workers8,count1089,random,3,20262919,1,20261219,20,108,5,3;15;38;87;102,8,10110,10110,18,UNSAT,False,False,,291.3105935000058,925.0192555840185,1882.0523522910007,105092,1723792
branch,generalization20,count1089_random3_20_split5_divide1_workers8,count1089,random,3,20262919,1,20261219,20,108,5,3;15;38;87;102,8,10101,10101,20,UNSAT,False,False,,299.4869056250027,1023.2753788749978,1882.0523522910007,105092,1723792
branch,generalization20,count1089_random3_20_split5_divide1_workers8,count1089,random,3,20262919,1,20261219,20,108,5,3;15;38;87;102,8,11101,11101,22,UNSAT,False,False,,287.1235528329853,1024.0093524589902,1882.0523522910007,105092,1723792
branch,generalization20,count1089_random3_20_split5_divide1_workers8,count1089,random,3,20262919,1,20261219,20,108,5,3;15;38;87;102,8,01111,01111,21,UNSAT,False,False,,309.38932383299107,1034.4394738750125,1882.0523522910007,105092,1723792
branch,generalization20,count1089_random3_20_split5_divide1_workers8,count1089,random,3,20262919,1,20261219,20,108,5,3;15;38;87;102,8,00011,00011,23,UNSAT,False,False,,377.7855577500013,1157.2020912920125,1882.0523522910007,105092,1723792
checkpoint,generalization20,count1089_random3_20_split5_divide1_workers8,count1089,random,3,20262919,1,20261219,20,108,5,3;15;38;87;102,8,,,,RUNNING,False,False,,0.0,1201.4409538340115,1882.0523522910007,105092,1723792
branch,generalization20,count1089_random3_20_split5_divide1_workers8,count1089,random,3,20262919,1,20261219,20,108,5,3;15;38;87;102,8,01001,01001,26,UNSAT,False,False,,302.90651087497827,1205.164236584009,1882.0523522910007,105092,1723792
branch,generalization20,count1089_random3_20_split5_divide1_workers8,count1089,random,3,20262919,1,20261219,20,108,5,3;15;38;87;102,8,01011,01011,25,UNSAT,False,False,,359.4114075829857,1256.3124418340158,1882.0523522910007,105092,1723792
branch,generalization20,count1089_random3_20_split5_divide1_workers8,count1089,random,3,20262919,1,20261219,20,108,5,3;15;38;87;102,8,10010,10010,24,UNSAT,False,False,,440.91682424998726,1275.477291584015,1882.0523522910007,105092,1723792
branch,generalization20,count1089_random3_20_split5_divide1_workers8,count1089,random,3,20262919,1,20261219,20,108,5,3;15;38;87;102,8,10111,10111,27,UNSAT,False,False,,364.1908960000146,1289.3111102500116,1882.0523522910007,105092,1723792
branch,generalization20,count1089_random3_20_split5_divide1_workers8,count1089,random,3,20262919,1,20261219,20,108,5,3;15;38;87;102,8,11010,11010,28,UNSAT,False,False,,275.0195978330157,1298.404214042006,1882.0523522910007,105092,1723792
branch,generalization20,count1089_random3_20_split5_divide1_workers8,count1089,random,3,20262919,1,20261219,20,108,5,3;15;38;87;102,8,00111,00111,30,UNSAT,False,False,,295.3372897920199,1329.8827895839931,1882.0523522910007,105092,1723792
branch,generalization20,count1089_random3_20_split5_divide1_workers8,count1089,random,3,20262919,1,20261219,20,108,5,3;15;38;87;102,8,01110,01110,29,UNSAT,False,False,,331.26961583300726,1355.3655072090041,1882.0523522910007,105092,1723792
branch,generalization20,count1089_random3_20_split5_divide1_workers8,count1089,random,3,20262919,1,20261219,20,108,5,3;15;38;87;102,8,01000,01000,31,SAT,True,True,000102030405060708090A0B0C0D0E0F,277.2994214579812,1434.5845567920187,1882.0523522910007,105092,1723792
summary,generalization20,count1089_random3_20_split5_divide1_workers8,count1089,random,3,20262919,1,20261219,20,108,5,3;15;38;87;102,8,01000,01000,31,SAT_FOUND,True,True,000102030405060708090A0B0C0D0E0F,277.2994214579812,1434.5931295840128,1882.0523522910007,105092,1723792
branch,generalization20,count1089_random3_20_split5_divide2_workers8,count1089,random,3,20262919,2,20261220,20,108,5,4;39;75;85;102,8,00110,00110,5,UNSAT,False,False,,295.6706207500247,296.0156000419811,1882.0523522910007,105092,1723792
checkpoint,generalization20,count1089_random3_20_split5_divide2_workers8,count1089,random,3,20262919,2,20261220,20,108,5,4;39;75;85;102,8,,,,RUNNING,False,False,,0.0,300.11298583299504,1882.0523522910007,105092,1723792
branch,generalization20,count1089_random3_20_split5_divide2_workers8,count1089,random,3,20262919,2,20261220,20,108,5,4;39;75;85;102,8,10101,10101,4,UNSAT,False,False,,314.6256190419954,314.89425250000204,1882.0523522910007,105092,1723792
branch,generalization20,count1089_random3_20_split5_divide2_workers8,count1089,random,3,20262919,2,20261220,20,108,5,4;39;75;85;102,8,11101,11101,8,UNSAT,False,False,,323.83781579099013,324.455315625004,1882.0523522910007,105092,1723792
branch,generalization20,count1089_random3_20_split5_divide2_workers8,count1089,random,3,20262919,2,20261220,20,108,5,4;39;75;85;102,8,10010,10010,6,UNSAT,False,False,,350.1244024579937,350.55581220798194,1882.0523522910007,105092,1723792
branch,generalization20,count1089_random3_20_split5_divide2_workers8,count1089,random,3,20262919,2,20261220,20,108,5,4;39;75;85;102,8,01110,01110,3,UNSAT,False,False,,357.85829387500416,358.0544923749985,1882.0523522910007,105092,1723792
branch,generalization20,count1089_random3_20_split5_divide2_workers8,count1089,random,3,20262919,2,20261220,20,108,5,4;39;75;85;102,8,01001,01001,1,UNSAT,False,False,,402.8884218749881,402.94550637499196,1882.0523522910007,105092,1723792
branch,generalization20,count1089_random3_20_split5_divide2_workers8,count1089,random,3,20262919,2,20261220,20,108,5,4;39;75;85;102,8,01100,01100,7,UNSAT,False,False,,411.47474033400067,411.99394291700446,1882.0523522910007,105092,1723792
checkpoint,generalization20,count1089_random3_20_split5_divide2_workers8,count1089,random,3,20262919,2,20261220,20,108,5,4;39;75;85;102,8,,,,RUNNING,False,False,,0.0,600.7578295419808,1882.0523522910007,105092,1723792
branch,generalization20,count1089_random3_20_split5_divide2_workers8,count1089,random,3,20262919,2,20261220,20,108,5,4;39;75;85;102,8,11000,11000,2,UNSAT,False,False,,603.3014029999904,603.4269068749854,1882.0523522910007,105092,1723792
branch,generalization20,count1089_random3_20_split5_divide2_workers8,count1089,random,3,20262919,2,20261220,20,108,5,4;39;75;85;102,8,11111,11111,11,UNSAT,False,False,,337.2150476250099,661.7582735419855,1882.0523522910007,105092,1723792
branch,generalization20,count1089_random3_20_split5_divide2_workers8,count1089,random,3,20262919,2,20261220,20,108,5,4;39;75;85;102,8,01101,01101,9,UNSAT,False,False,,369.5126065830118,665.6296263329859,1882.0523522910007,105092,1723792
branch,generalization20,count1089_random3_20_split5_divide2_workers8,count1089,random,3,20262919,2,20261220,20,108,5,4;39;75;85;102,8,10100,10100,10,UNSAT,False,False,,376.8028269170027,691.7950593749993,1882.0523522910007,105092,1723792
branch,generalization20,count1089_random3_20_split5_divide2_workers8,count1089,random,3,20262919,2,20261220,20,108,5,4;39;75;85;102,8,11001,11001,15,UNSAT,False,False,,339.3354725000099,751.4099148329988,1882.0523522910007,105092,1723792
branch,generalization20,count1089_random3_20_split5_divide2_workers8,count1089,random,3,20262919,2,20261220,20,108,5,4;39;75;85;102,8,10011,10011,14,UNSAT,False,False,,405.33570616701036,808.3521239999973,1882.0523522910007,105092,1723792
branch,generalization20,count1089_random3_20_split5_divide2_workers8,count1089,random,3,20262919,2,20261220,20,108,5,4;39;75;85;102,8,01010,01010,13,UNSAT,False,False,,475.349781500001,833.4776588749955,1882.0523522910007,105092,1723792
branch,generalization20,count1089_random3_20_split5_divide2_workers8,count1089,random,3,20262919,2,20261220,20,108,5,4;39;75;85;102,8,01011,01011,12,UNSAT,False,False,,484.47489466599654,835.110198291979,1882.0523522910007,105092,1723792
checkpoint,generalization20,count1089_random3_20_split5_divide2_workers8,count1089,random,3,20262919,2,20261220,20,108,5,4;39;75;85;102,8,,,,RUNNING,False,False,,0.0,901.4305317499966,1882.0523522910007,105092,1723792
branch,generalization20,count1089_random3_20_split5_divide2_workers8,count1089,random,3,20262919,2,20261220,20,108,5,4;39;75;85;102,8,01000,01000,18,UNSAT,False,False,,302.6990981250128,968.401040458004,1882.0523522910007,105092,1723792
branch,generalization20,count1089_random3_20_split5_divide2_workers8,count1089,random,3,20262919,2,20261220,20,108,5,4;39;75;85;102,8,00001,00001,19,UNSAT,False,False,,289.5676706660015,981.4381793749926,1882.0523522910007,105092,1723792
branch,generalization20,count1089_random3_20_split5_divide2_workers8,count1089,random,3,20262919,2,20261220,20,108,5,4;39;75;85;102,8,11100,11100,17,UNSAT,False,False,,347.3389573750028,1009.1761800420063,1882.0523522910007,105092,1723792
branch,generalization20,count1089_random3_20_split5_divide2_workers8,count1089,random,3,20262919,2,20261220,20,108,5,4;39;75;85;102,8,11011,11011,16,UNSAT,False,False,,409.63789716601605,1013.1492297079822,1882.0523522910007,105092,1723792
branch,generalization20,count1089_random3_20_split5_divide2_workers8,count1089,random,3,20262919,2,20261220,20,108,5,4;39;75;85;102,8,00000,00000,20,SAT,True,True,000102030405060708090A0B0C0D0E0F,301.1427040830022,1052.6371444579854,1882.0523522910007,105092,1723792
summary,generalization20,count1089_random3_20_split5_divide2_workers8,count1089,random,3,20262919,2,20261220,20,108,5,4;39;75;85;102,8,00000,00000,20,SAT_FOUND,True,True,000102030405060708090A0B0C0D0E0F,301.1427040830022,1052.6843823329837,1882.0523522910007,105092,1723792
branch,generalization20,count1089_random3_20_split5_divide3_workers8,count1089,random,3,20262919,3,20261221,20,108,5,23;38;90;103;125,8,11000,11000,8,UNSAT,False,False,,249.8177485000051,250.46192783300648,1882.0523522910007,105092,1723792
branch,generalization20,count1089_random3_20_split5_divide3_workers8,count1089,random,3,20262919,3,20261221,20,108,5,23;38;90;103;125,8,00110,00110,7,UNSAT,False,False,,275.1543924160069,275.69984474999364,1882.0523522910007,105092,1723792
branch,generalization20,count1089_random3_20_split5_divide3_workers8,count1089,random,3,20262919,3,20261221,20,108,5,23;38;90;103;125,8,01110,01110,5,UNSAT,False,False,,296.6047788330179,296.9749880830059,1882.0523522910007,105092,1723792
checkpoint,generalization20,count1089_random3_20_split5_divide3_workers8,count1089,random,3,20262919,3,20261221,20,108,5,23;38;90;103;125,8,,,,RUNNING,False,False,,0.0,300.03834820800694,1882.0523522910007,105092,1723792
branch,generalization20,count1089_random3_20_split5_divide3_workers8,count1089,random,3,20262919,3,20261221,20,108,5,23;38;90;103;125,8,10110,10110,6,UNSAT,False,False,,335.18979137498536,335.66383220799617,1882.0523522910007,105092,1723792
branch,generalization20,count1089_random3_20_split5_divide3_workers8,count1089,random,3,20262919,3,20261221,20,108,5,23;38;90;103;125,8,01011,01011,4,UNSAT,False,False,,338.3816651669913,338.6542709580099,1882.0523522910007,105092,1723792
branch,generalization20,count1089_random3_20_split5_divide3_workers8,count1089,random,3,20262919,3,20261221,20,108,5,23;38;90;103;125,8,01100,01100,1,UNSAT,False,False,,345.3532311669842,345.4030402909848,1882.0523522910007,105092,1723792
branch,generalization20,count1089_random3_20_split5_divide3_workers8,count1089,random,3,20262919,3,20261221,20,108,5,23;38;90;103;125,8,01000,01000,2,UNSAT,False,False,,392.58316254097736,392.69386404100806,1882.0523522910007,105092,1723792
branch,generalization20,count1089_random3_20_split5_divide3_workers8,count1089,random,3,20262919,3,20261221,20,108,5,23;38;90;103;125,8,10111,10111,3,UNSAT,False,False,,438.25087554202764,438.43415374998585,1882.0523522910007,105092,1723792
checkpoint,generalization20,count1089_random3_20_split5_divide3_workers8,count1089,random,3,20262919,3,20261221,20,108,5,23;38;90;103;125,8,,,,RUNNING,False,False,,0.0,600.1095067079877,1882.0523522910007,105092,1723792
branch,generalization20,count1089_random3_20_split5_divide3_workers8,count1089,random,3,20262919,3,20261221,20,108,5,23;38;90;103;125,8,00011,00011,9,UNSAT,False,False,,350.2060195420054,600.7819641249953,1882.0523522910007,105092,1723792
branch,generalization20,count1089_random3_20_split5_divide3_workers8,count1089,random,3,20262919,3,20261221,20,108,5,23;38;90;103;125,8,01010,01010,12,UNSAT,False,False,,318.7305207909958,654.5078900829831,1882.0523522910007,105092,1723792
branch,generalization20,count1089_random3_20_split5_divide3_workers8,count1089,random,3,20262919,3,20261221,20,108,5,23;38;90;103;125,8,10011,10011,13,UNSAT,False,False,,361.79448187499656,700.5218287500029,1882.0523522910007,105092,1723792
branch,generalization20,count1089_random3_20_split5_divide3_workers8,count1089,random,3,20262919,3,20261221,20,108,5,23;38;90;103;125,8,01111,01111,14,UNSAT,False,False,,408.01180554099847,753.4882576249947,1882.0523522910007,105092,1723792
branch,generalization20,count1089_random3_20_split5_divide3_workers8,count1089,random,3,20262919,3,20261221,20,108,5,23;38;90;103;125,8,11100,11100,11,UNSAT,False,False,,468.4979969160049,765.5364594160055,1882.0523522910007,105092,1723792
branch,generalization20,count1089_random3_20_split5_divide3_workers8,count1089,random,3,20262919,3,20261221,20,108,5,23;38;90;103;125,8,01001,01001,15,UNSAT,False,False,,386.06762116702157,778.8338057909859,1882.0523522910007,105092,1723792
branch,generalization20,count1089_random3_20_split5_divide3_workers8,count1089,random,3,20262919,3,20261221,20,108,5,23;38;90;103;125,8,00000,00000,16,UNSAT,False,False,,343.9773669580172,782.4773891250079,1882.0523522910007,105092,1723792
branch,generalization20,count1089_random3_20_split5_divide3_workers8,count1089,random,3,20262919,3,20261221,20,108,5,23;38;90;103;125,8,11111,11111,17,UNSAT,False,False,,251.38653291700757,852.2476979579951,1882.0523522910007,105092,1723792
branch,generalization20,count1089_random3_20_split5_divide3_workers8,count1089,random,3,20262919,3,20261221,20,108,5,23;38;90;103;125,8,00001,00001,10,SAT,True,True,000102030405060708090A0B0C0D0E0F,597.706137125002,873.5024334159971,1882.0523522910007,105092,1723792
summary,generalization20,count1089_random3_20_split5_divide3_workers8,count1089,random,3,20262919,3,20261221,20,108,5,23;38;90;103;125,8,00001,00001,10,SAT_FOUND,True,True,000102030405060708090A0B0C0D0E0F,597.706137125002,873.5600299999933,1882.0523522910007,105092,1723792
checkpoint,challenge22,count1089_random1_22_split5_divide1_workers8,count1089,random,1,20263117,1,20261019,22,106,5,14;104;113;114;117,8,,,,RUNNING,False,False,,0.0,300.67117041599704,,105092,1723790
checkpoint,challenge22,count1089_random1_22_split5_divide1_workers8,count1089,random,1,20263117,1,20261019,22,106,5,14;104;113;114;117,8,,,,RUNNING,False,False,,0.0,600.7792629160103,,105092,1723790
branch,challenge22,count1089_random1_22_split5_divide1_workers8,count1089,random,1,20263117,1,20261019,22,106,5,14;104;113;114;117,8,11111,11111,4,UNSAT,False,False,,787.1581525420188,787.4089479999966,,105092,1723790
branch,challenge22,count1089_random1_22_split5_divide1_workers8,count1089,random,1,20263117,1,20261019,22,106,5,14;104;113;114;117,8,01101,01101,5,UNSAT,False,False,,792.2844982499955,792.6221341250057,,105092,1723790
branch,challenge22,count1089_random1_22_split5_divide1_workers8,count1089,random,1,20263117,1,20261019,22,106,5,14;104;113;114;117,8,10011,10011,7,UNSAT,False,False,,802.4445297089987,802.9626158330066,,105092,1723790
branch,challenge22,count1089_random1_22_split5_divide1_workers8,count1089,random,1,20263117,1,20261019,22,106,5,14;104;113;114;117,8,11010,11010,6,UNSAT,False,False,,870.1751874590118,870.5965836659889,,105092,1723790
checkpoint,challenge22,count1089_random1_22_split5_divide1_workers8,count1089,random,1,20263117,1,20261019,22,106,5,14;104;113;114;117,8,,,,RUNNING,False,False,,0.0,901.7808229159855,,105092,1723790
branch,challenge22,count1089_random1_22_split5_divide1_workers8,count1089,random,1,20263117,1,20261019,22,106,5,14;104;113;114;117,8,10000,10000,2,UNSAT,False,False,,931.1781527090061,931.2849646249961,,105092,1723790
branch,challenge22,count1089_random1_22_split5_divide1_workers8,count1089,random,1,20263117,1,20261019,22,106,5,14;104;113;114;117,8,01111,01111,1,UNSAT,False,False,,992.7471307919768,992.7933675000095,,105092,1723790
branch,challenge22,count1089_random1_22_split5_divide1_workers8,count1089,random,1,20263117,1,20261019,22,106,5,14;104;113;114;117,8,10101,10101,3,UNSAT,False,False,,1019.5471766669943,1019.7227012499934,,105092,1723790
branch,challenge22,count1089_random1_22_split5_divide1_workers8,count1089,random,1,20263117,1,20261019,22,106,5,14;104;113;114;117,8,00100,00100,8,UNSAT,False,False,,1137.208079584001,1137.8214114579896,,105092,1723790
checkpoint,challenge22,count1089_random1_22_split5_divide1_workers8,count1089,random,1,20263117,1,20261019,22,106,5,14;104;113;114;117,8,,,,RUNNING,False,False,,0.0,1202.1123587079928,,105092,1723790
checkpoint,challenge22,count1089_random1_22_split5_divide1_workers8,count1089,random,1,20263117,1,20261019,22,106,5,14;104;113;114;117,8,,,,RUNNING,False,False,,0.0,1502.2764290829946,,105092,1723790
branch,challenge22,count1089_random1_22_split5_divide1_workers8,count1089,random,1,20263117,1,20261019,22,106,5,14;104;113;114;117,8,00110,00110,13,UNSAT,False,False,,796.0039877500094,1727.3668565000116,,105092,1723790
branch,challenge22,count1089_random1_22_split5_divide1_workers8,count1089,random,1,20263117,1,20261019,22,106,5,14;104;113;114;117,8,10010,10010,11,UNSAT,False,False,,989.3128171249991,1792.3494191659847,,105092,1723790
checkpoint,challenge22,count1089_random1_22_split5_divide1_workers8,count1089,random,1,20263117,1,20261019,22,106,5,14;104;113;114;117,8,,,,RUNNING,False,False,,0.0,1802.438479000004,,105092,1723790
branch,challenge22,count1089_random1_22_split5_divide1_workers8,count1089,random,1,20263117,1,20261019,22,106,5,14;104;113;114;117,8,11110,11110,10,UNSAT,False,False,,1150.6298137920094,1943.3497449579882,,105092,1723790
branch,challenge22,count1089_random1_22_split5_divide1_workers8,count1089,random,1,20263117,1,20261019,22,106,5,14;104;113;114;117,8,11011,11011,15,UNSAT,False,False,,936.7062880829908,1956.5074892079865,,105092,1723790
branch,challenge22,count1089_random1_22_split5_divide1_workers8,count1089,random,1,20263117,1,20261019,22,106,5,14;104;113;114;117,8,10110,10110,12,UNSAT,False,False,,1115.9944149590156,1986.664554124989,,105092,1723790
branch,challenge22,count1089_random1_22_split5_divide1_workers8,count1089,random,1,20263117,1,20261019,22,106,5,14;104;113;114;117,8,11100,11100,9,UNSAT,False,False,,1208.2402574169973,1995.7533892079955,,105092,1723790
checkpoint,challenge22,count1089_random1_22_split5_divide1_workers8,count1089,random,1,20263117,1,20261019,22,106,5,14;104;113;114;117,8,,,,RUNNING,False,False,,0.0,2103.234329125,,105092,1723790
branch,challenge22,count1089_random1_22_split5_divide1_workers8,count1089,random,1,20263117,1,20261019,22,106,5,14;104;113;114;117,8,01001,01001,14,UNSAT,False,False,,1110.6699292910052,2103.5393946660042,,105092,1723790
checkpoint,challenge22,count1089_random1_22_split5_divide1_workers8,count1089,random,1,20263117,1,20261019,22,106,5,14;104;113;114;117,8,,,,RUNNING,False,False,,0.0,2403.7385156659875,,105092,1723790
branch,challenge22,count1089_random1_22_split5_divide1_workers8,count1089,random,1,20263117,1,20261019,22,106,5,14;104;113;114;117,8,00001,00001,16,SAT,True,True,000102030405060708090A0B0C0D0E0F,1350.5627290830016,2488.4724003750016,,105092,1723790
summary,challenge22,count1089_random1_22_split5_divide1_workers8,count1089,random,1,20263117,1,20261019,22,106,5,14;104;113;114;117,8,00001,00001,16,SAT_FOUND,True,True,000102030405060708090A0B0C0D0E0F,1350.5627290830016,2488.5166819999868,,105092,1723790
checkpoint,challenge22,count1089_random1_22_split5_divide2_workers8,count1089,random,1,20263117,2,20261020,22,106,5,35;78;84;111;113,8,,,,RUNNING,False,False,,0.0,300.77244924998377,,105092,1723790
checkpoint,challenge22,count1089_random1_22_split5_divide2_workers8,count1089,random,1,20263117,2,20261020,22,106,5,35;78;84;111;113,8,,,,RUNNING,False,False,,0.0,600.9257673749817,,105092,1723790
branch,challenge22,count1089_random1_22_split5_divide2_workers8,count1089,random,1,20263117,2,20261020,22,106,5,35;78;84;111;113,8,11100,11100,4,UNSAT,False,False,,750.7970807500242,751.0643169590039,,105092,1723790
checkpoint,challenge22,count1089_random1_22_split5_divide2_workers8,count1089,random,1,20263117,2,20261020,22,106,5,35;78;84;111;113,8,,,,RUNNING,False,False,,0.0,901.693967750005,,105092,1723790
branch,challenge22,count1089_random1_22_split5_divide2_workers8,count1089,random,1,20263117,2,20261020,22,106,5,35;78;84;111;113,8,11101,11101,5,UNSAT,False,False,,933.1953671249794,933.5521120000049,,105092,1723790
branch,challenge22,count1089_random1_22_split5_divide2_workers8,count1089,random,1,20263117,2,20261020,22,106,5,35;78;84;111;113,8,10000,10000,3,UNSAT,False,False,,990.2169326670119,990.3971106669924,,105092,1723790
branch,challenge22,count1089_random1_22_split5_divide2_workers8,count1089,random,1,20263117,2,20261020,22,106,5,35;78;84;111;113,8,01111,01111,6,UNSAT,False,False,,1010.7479617500212,1011.1877347499831,,105092,1723790
branch,challenge22,count1089_random1_22_split5_divide2_workers8,count1089,random,1,20263117,2,20261020,22,106,5,35;78;84;111;113,8,01100,01100,8,UNSAT,False,False,,1187.9448749999865,1188.5983989170054,,105092,1723790
checkpoint,challenge22,count1089_random1_22_split5_divide2_workers8,count1089,random,1,20263117,2,20261020,22,106,5,35;78;84;111;113,8,,,,RUNNING,False,False,,0.0,1201.7043036249815,,105092,1723790
branch,challenge22,count1089_random1_22_split5_divide2_workers8,count1089,random,1,20263117,2,20261020,22,106,5,35;78;84;111;113,8,10011,10011,2,UNSAT,False,False,,1253.0773719590215,1253.1882984169933,,105092,1723790
branch,challenge22,count1089_random1_22_split5_divide2_workers8,count1089,random,1,20263117,2,20261020,22,106,5,35;78;84;111;113,8,00100,00100,1,UNSAT,False,False,,1306.6952085839876,1306.7456991249928,,105092,1723790
checkpoint,challenge22,count1089_random1_22_split5_divide2_workers8,count1089,random,1,20263117,2,20261020,22,106,5,35;78;84;111;113,8,,,,RUNNING,False,False,,0.0,1502.5195990839857,,105092,1723790
branch,challenge22,count1089_random1_22_split5_divide2_workers8,count1089,random,1,20263117,2,20261020,22,106,5,35;78;84;111;113,8,10001,10001,7,UNSAT,False,False,,1600.1679852499801,1600.710859999992,,105092,1723790
checkpoint,challenge22,count1089_random1_22_split5_divide2_workers8,count1089,random,1,20263117,2,20261020,22,106,5,35;78;84;111;113,8,,,,RUNNING,False,False,,0.0,1802.54275004199,,105092,1723790
branch,challenge22,count1089_random1_22_split5_divide2_workers8,count1089,random,1,20263117,2,20261020,22,106,5,35;78;84;111;113,8,10101,10101,11,UNSAT,False,False,,814.8132722080045,1805.2846475839906,,105092,1723790
branch,challenge22,count1089_random1_22_split5_divide2_workers8,count1089,random,1,20263117,2,20261020,22,106,5,35;78;84;111;113,8,00000,00000,12,UNSAT,False,False,,925.3643717080122,1936.6317160839972,,105092,1723790
branch,challenge22,count1089_random1_22_split5_divide2_workers8,count1089,random,1,20263117,2,20261020,22,106,5,35;78;84;111;113,8,11011,11011,10,UNSAT,False,False,,1048.700970417005,1982.3428216250031,,105092,1723790
branch,challenge22,count1089_random1_22_split5_divide2_workers8,count1089,random,1,20263117,2,20261020,22,106,5,35;78;84;111;113,8,00111,00111,9,UNSAT,False,False,,1293.878542041988,2045.0365032090049,,105092,1723790
checkpoint,challenge22,count1089_random1_22_split5_divide2_workers8,count1089,random,1,20263117,2,20261020,22,106,5,35;78;84;111;113,8,,,,RUNNING,False,False,,0.0,2103.340135000006,,105092,1723790
branch,challenge22,count1089_random1_22_split5_divide2_workers8,count1089,random,1,20263117,2,20261020,22,106,5,35;78;84;111;113,8,10110,10110,13,UNSAT,False,False,,993.9570217909932,2182.634653208981,,105092,1723790
branch,challenge22,count1089_random1_22_split5_divide2_workers8,count1089,random,1,20263117,2,20261020,22,106,5,35;78;84;111;113,8,11111,11111,14,UNSAT,False,False,,1075.3525930420146,2328.6165924999805,,105092,1723790
checkpoint,challenge22,count1089_random1_22_split5_divide2_workers8,count1089,random,1,20263117,2,20261020,22,106,5,35;78;84;111;113,8,,,,RUNNING,False,False,,0.0,2403.9128686249896,,105092,1723790
branch,challenge22,count1089_random1_22_split5_divide2_workers8,count1089,random,1,20263117,2,20261020,22,106,5,35;78;84;111;113,8,01011,01011,15,UNSAT,False,False,,1170.993975084013,2477.807643499982,,105092,1723790
branch,challenge22,count1089_random1_22_split5_divide2_workers8,count1089,random,1,20263117,2,20261020,22,106,5,35;78;84;111;113,8,10100,10100,17,UNSAT,False,False,,885.1821313750115,2690.536228958983,,105092,1723790
checkpoint,challenge22,count1089_random1_22_split5_divide2_workers8,count1089,random,1,20263117,2,20261020,22,106,5,35;78;84;111;113,8,,,,RUNNING,False,False,,0.0,2704.65203149998,,105092,1723790
branch,challenge22,count1089_random1_22_split5_divide2_workers8,count1089,random,1,20263117,2,20261020,22,106,5,35;78;84;111;113,8,10010,10010,16,UNSAT,False,False,,1153.059080541978,2753.835907749977,,105092,1723790
branch,challenge22,count1089_random1_22_split5_divide2_workers8,count1089,random,1,20263117,2,20261020,22,106,5,35;78;84;111;113,8,01010,01010,18,UNSAT,False,False,,817.9447945000138,2754.6534280419874,,105092,1723790
checkpoint,challenge22,count1089_random1_22_split5_divide2_workers8,count1089,random,1,20263117,2,20261020,22,106,5,35;78;84;111;113,8,,,,RUNNING,False,False,,0.0,3004.7134488339943,,105092,1723790
branch,challenge22,count1089_random1_22_split5_divide2_workers8,count1089,random,1,20263117,2,20261020,22,106,5,35;78;84;111;113,8,00010,00010,19,UNSAT,False,False,,1027.1674699159921,3009.586930458987,,105092,1723790
branch,challenge22,count1089_random1_22_split5_divide2_workers8,count1089,random,1,20263117,2,20261020,22,106,5,35;78;84;111;113,8,11001,11001,20,UNSAT,False,False,,1024.501451167016,3069.6087719589996,,105092,1723790
checkpoint,challenge22,count1089_random1_22_split5_divide2_workers8,count1089,random,1,20263117,2,20261020,22,106,5,35;78;84;111;113,8,,,,RUNNING,False,False,,0.0,3305.5723293749907,,105092,1723790
branch,challenge22,count1089_random1_22_split5_divide2_workers8,count1089,random,1,20263117,2,20261020,22,106,5,35;78;84;111;113,8,11000,11000,22,UNSAT,False,False,,1031.4949757500144,3360.18285433398,,105092,1723790
branch,challenge22,count1089_random1_22_split5_divide2_workers8,count1089,random,1,20263117,2,20261020,22,106,5,35;78;84;111;113,8,00110,00110,21,SAT,True,True,000102030405060708090A0B0C0D0E0F,1210.8902249590028,3393.5957992500043,,105092,1723790
summary,challenge22,count1089_random1_22_split5_divide2_workers8,count1089,random,1,20263117,2,20261020,22,106,5,35;78;84;111;113,8,00110,00110,21,SAT_FOUND,True,True,000102030405060708090A0B0C0D0E0F,1210.8902249590028,3393.631234208995,,105092,1723790
checkpoint,challenge22,count1089_random1_22_split5_divide3_workers8,count1089,random,1,20263117,3,20261021,22,106,5,14;17;35;49;78,8,,,,RUNNING,False,False,,0.0,300.8404309589823,,105092,1723790
checkpoint,challenge22,count1089_random1_22_split5_divide3_workers8,count1089,random,1,20263117,3,20261021,22,106,5,14;17;35;49;78,8,,,,RUNNING,False,False,,0.0,601.021879124979,,105092,1723790
branch,challenge22,count1089_random1_22_split5_divide3_workers8,count1089,random,1,20263117,3,20261021,22,106,5,14;17;35;49;78,8,10110,10110,8,UNSAT,False,False,,791.7057428340195,792.3602815839986,,105092,1723790
branch,challenge22,count1089_random1_22_split5_divide3_workers8,count1089,random,1,20263117,3,20261021,22,106,5,14;17;35;49;78,8,01010,01010,4,UNSAT,False,False,,837.1944358329929,837.4475650419772,,105092,1723790
branch,challenge22,count1089_random1_22_split5_divide3_workers8,count1089,random,1,20263117,3,20261021,22,106,5,14;17;35;49;78,8,01100,01100,6,UNSAT,False,False,,847.7928613330005,848.2484162089822,,105092,1723790
branch,challenge22,count1089_random1_22_split5_divide3_workers8,count1089,random,1,20263117,3,20261021,22,106,5,14;17;35;49;78,8,10001,10001,5,UNSAT,False,False,,863.842612834007,864.1946777499979,,105092,1723790
checkpoint,challenge22,count1089_random1_22_split5_divide3_workers8,count1089,random,1,20263117,3,20261021,22,106,5,14;17;35;49;78,8,,,,RUNNING,False,False,,0.0,901.4005743750022,,105092,1723790
branch,challenge22,count1089_random1_22_split5_divide3_workers8,count1089,random,1,20263117,3,20261021,22,106,5,14;17;35;49;78,8,00110,00110,3,UNSAT,False,False,,937.9440100830107,938.1174853339908,,105092,1723790
branch,challenge22,count1089_random1_22_split5_divide3_workers8,count1089,random,1,20263117,3,20261021,22,106,5,14;17;35;49;78,8,11110,11110,2,UNSAT,False,False,,998.1053423749981,998.2140522089903,,105092,1723790
branch,challenge22,count1089_random1_22_split5_divide3_workers8,count1089,random,1,20263117,3,20261021,22,106,5,14;17;35;49;78,8,10010,10010,1,UNSAT,False,False,,1077.6680504170072,1077.7132177919848,,105092,1723790
checkpoint,challenge22,count1089_random1_22_split5_divide3_workers8,count1089,random,1,20263117,3,20261021,22,106,5,14;17;35;49;78,8,,,,RUNNING,False,False,,0.0,1202.2311920420034,,105092,1723790
branch,challenge22,count1089_random1_22_split5_divide3_workers8,count1089,random,1,20263117,3,20261021,22,106,5,14;17;35;49;78,8,00111,00111,7,UNSAT,False,False,,1214.5327250830014,1215.0973924169957,,105092,1723790
checkpoint,challenge22,count1089_random1_22_split5_divide3_workers8,count1089,random,1,20263117,3,20261021,22,106,5,14;17;35;49;78,8,,,,RUNNING,False,False,,0.0,1502.3180091249815,,105092,1723790
branch,challenge22,count1089_random1_22_split5_divide3_workers8,count1089,random,1,20263117,3,20261021,22,106,5,14;17;35;49;78,8,10000,10000,10,UNSAT,False,False,,890.1760823749937,1727.7132857090037,,105092,1723790
checkpoint,challenge22,count1089_random1_22_split5_divide3_workers8,count1089,random,1,20263117,3,20261021,22,106,5,14;17;35;49;78,8,,,,RUNNING,False,False,,0.0,1803.03166108398,,105092,1723790
branch,challenge22,count1089_random1_22_split5_divide3_workers8,count1089,random,1,20263117,3,20261021,22,106,5,14;17;35;49;78,8,11100,11100,11,UNSAT,False,False,,1089.9157460000133,1938.2441312919836,,105092,1723790
branch,challenge22,count1089_random1_22_split5_divide3_workers8,count1089,random,1,20263117,3,20261021,22,106,5,14;17;35;49;78,8,00000,00000,12,SAT,True,True,000102030405060708090A0B0C0D0E0F,1108.212285333022,1972.4985027090006,,105092,1723790
summary,challenge22,count1089_random1_22_split5_divide3_workers8,count1089,random,1,20263117,3,20261021,22,106,5,14;17;35;49;78,8,00000,00000,12,SAT_FOUND,True,True,000102030405060708090A0B0C0D0E0F,1108.212285333022,1972.5326147089945,,105092,1723790
